system,query,rank,gate_global_weight,sample_id,source_title,image_path,center_lon,center_lat,relevant,confidence,visible_evidence
gated_highres,Abandoned railway,1,0.3591214716434479,w886363525_US_20,An aerial image. It shows: Track road along man-made cutline.,/data/tessera_dataset/image-emb-text/images4/w886363525_US_20.jpg,-106.8934241,33.8091411,False,0.97,"A straight unpaved or dirt corridor is visible, but there are no clear railway tracks, rails, or railway structures."
gated_highres,Abandoned railway,2,0.3591214716434479,w161263905_US_21,An aerial image. It shows: Railway siding with rails.,/data/tessera_dataset/image-emb-text/images7/w161263905_US_21.jpg,-101.2947822939961,48.23763312037816,False,0.96,Multiple clearly maintained parallel railway tracks are visible in an active-looking rail yard; abandonment is not visually evident.
gated_highres,Abandoned railway,3,0.3591214716434479,w386040146_US_21,An aerial image. It shows: Railway siding with rails.,/data/tessera_dataset/image-emb-text/images5/w386040146_US_21.jpg,-83.69705813004319,41.01354457332692,False,0.85,"Railway tracks are visible, but they appear established and maintained beside developed land; clear abandonment is not evident."
gated_highres,Abandoned railway,4,0.3591214716434479,n111678301_US_21,An aerial image. It shows: Level crossing along the railway.,/data/tessera_dataset/image-emb-text/images5/n111678301_US_21.jpg,-80.21088247956408,33.743188826404406,True,0.68,A disused-looking linear railway corridor is visible with sparse or overgrown vegetation and no clearly active rail traffic.
gated_highres,Abandoned railway,5,0.3591214716434479,w314796910_US_20,An aerial image. It shows: Abandoned railway.,/data/tessera_dataset/image-emb-text/images2/w314796910_US_20.jpg,-92.95826462110003,39.702387375897516,True,0.77,A broad overgrown rail bed with faint parallel track lines appears unused and disconnected from active railway infrastructure.
gated_highres,Abandoned railway,6,0.3591214716434479,w384077599_US_21,An aerial image. It shows: Railway siding with rails.,/data/tessera_dataset/image-emb-text/images5/w384077599_US_21.jpg,-88.45363504797987,39.317909968137116,False,0.94,"A clear railway line runs through a maintained residential or urban corridor, with visible active-looking tracks and surrounding upkeep."
gated_highres,Abandoned railway,7,0.3591214716434479,w1118390741_US_21,An aerial image. It shows: Railway yard.,/data/tessera_dataset/image-emb-text/images4/w1118390741_US_21.jpg,-80.6920497,41.1372192,True,0.7,"A railway track or rail bed is visible through an industrial area, with vegetation and apparent disuse along the corridor."
gated_highres,Abandoned railway,8,0.3591214716434479,w1070864891_US_20,An aerial image. It shows: Disused railway spur service.,/data/tessera_dataset/image-emb-text/images4/w1070864891_US_20.jpg,-97.43484883441621,27.812770182511965,True,0.96,"Multiple abandoned-looking track beds and parallel rail alignments are visible across a largely overgrown, deteriorated railway area."
gated_highres,Abandoned railway,9,0.3591214716434479,w945534037_US_19,An aerial image. It shows: Abandoned railway yard is depicted.,/data/tessera_dataset/image-emb-text/images6/w945534037_US_19.jpg,-80.07264785178188,42.14491440020849,False,0.92,"Rail tracks and industrial rail infrastructure are visible, but the corridor appears operational or actively used rather than abandoned."
gated_highres,Abandoned railway,10,0.3591214716434479,w80761107_US_21,An aerial image. It shows: Railway track.,/data/tessera_dataset/image-emb-text/images7/w80761107_US_21.jpg,-81.59589766456435,41.553893097997445,False,0.98,Several maintained tracks and rail cars or locomotives are clearly visible in an active rail yard.
gated_highres,Alley classified as service road,1,0.3643864095211029,w466940452_US_20,An aerial image. It shows: Alleyway designated as service road.,/data/tessera_dataset/image-emb-text/images2/w466940452_US_20.jpg,-117.08744687678788,32.7532089088119,False,0.94,Dense urban blocks with conventional paved streets; no clearly identifiable narrow alley or service road is visible.
gated_highres,Alley classified as service road,2,0.3643864095211029,w390940646_US_21,An aerial image. It shows: Alley classified as service road.,/data/tessera_dataset/image-emb-text/images3/w390940646_US_21.jpg,-76.57283400899945,39.33838660740497,False,0.97,"Residential area organized around a winding conventional road, with driveways and sidewalks but no visible alley or service road."
gated_highres,Alley classified as service road,3,0.3643864095211029,w5995607_US_21,An aerial image. It shows: Alleyway designated as service road.,/data/tessera_dataset/image-emb-text/images5/w5995607_US_21.jpg,-76.5741126,39.3206763,True,0.68,"A narrow paved access lane runs through the residential blocks between the larger streets, visually consistent with an alley or service road."
gated_highres,Alley classified as service road,4,0.3643864095211029,w120904573_US_21,An aerial image. It shows: Residential road with separate asphalt sidewalk.,/data/tessera_dataset/image-emb-text/images4/w120904573_US_21.jpg,-108.74329362603416,39.171322610379036,False,0.92,Residential street bordering an undeveloped sandy area; the visible roads are regular streets rather than an alley or service road.
gated_highres,Alley classified as service road,5,0.3643864095211029,w19130852_US_19,An aerial image. It shows: Alleyway designated as service road.,/data/tessera_dataset/image-emb-text/images5/w19130852_US_19.jpg,-82.42919680163433,40.04955705144005,False,0.9,Homes have individual driveways along a conventional street grid; no distinct alley or service road is visible.
gated_highres,Alley classified as service road,6,0.3643864095211029,w18348238_US_21,An aerial image. It shows: Alley classified as service road.,/data/tessera_dataset/image-emb-text/images7/w18348238_US_21.jpg,-94.8294331,39.7620189,True,0.78,"A narrow paved lane extends from the main road through the trees toward buildings, visibly functioning as a service or access road."
gated_highres,Alley classified as service road,7,0.3643864095211029,w145155660_US_21,An aerial image. It shows: Alley classified as service road.,/data/tessera_dataset/image-emb-text/images4/w145155660_US_21.jpg,-117.44616098983813,47.66485980084022,False,0.82,"A regular residential street grid is visible, but no clearly separate narrow alley or service road can be distinguished."
gated_highres,Alley classified as service road,8,0.3643864095211029,w246090618_US_19,An aerial image. It shows: Alleyway designated as service road.,/data/tessera_dataset/image-emb-text/images6/w246090618_US_19.jpg,-103.54104297489374,37.979099817076225,True,0.91,"A narrow unpaved or lightly paved lane runs horizontally between residential properties, clearly resembling an alley or service road."
gated_highres,Alley classified as service road,9,0.3643864095211029,w1157688945_US_21,An aerial image. It shows: Alley with asphalt surface designated as service road.,/data/tessera_dataset/image-emb-text/images7/w1157688945_US_21.jpg,-76.57027654293981,39.33955967682199,False,0.88,"Irregular residential roads and driveways are visible, but there is no clearly identifiable alley or service road."
gated_highres,Alley classified as service road,10,0.3643864095211029,w674305398_US_18,An aerial image. It shows: Alley classified as service road.,/data/tessera_dataset/image-emb-text/images7/w674305398_US_18.jpg,-103.21206004010732,34.426895370078114,False,0.86,The image shows a regular grid of broad residential streets and driveways without a distinct alley or service road.
gated_highres,Baseball pitch for leisure and sports activities,1,0.3519311249256134,a133111245_US_21,An aerial image. It shows: Baseball pitch for leisure land.,/data/tessera_dataset/image-emb-text/images7/a133111245_US_21.jpg,-81.16037525602022,28.887641036871855,True,0.97,"Aerial view visibly shows part of a baseball diamond, including the infield and outfield."
gated_highres,Baseball pitch for leisure and sports activities,2,0.3519311249256134,a134605957_US_21,An aerial image. It shows: Baseball pitch for leisure and sports activities.,/data/tessera_dataset/image-emb-text/images7/a134605957_US_21.jpg,-113.29305182747235,37.18653413545364,True,0.99,"Clearly visible baseball fields with dirt infields, grass outfields, and surrounding field infrastructure."
gated_highres,Baseball pitch for leisure and sports activities,3,0.3519311249256134,a47467734_US_20,An aerial image. It shows: Baseball pitch for leisure land.,/data/tessera_dataset/image-emb-text/images6/a47467734_US_20.jpg,-118.95061202657504,37.65392731651862,True,0.99,Multiple clearly visible baseball diamonds with dirt infields and marked grass outfields.
gated_highres,Baseball pitch for leisure and sports activities,4,0.3519311249256134,a201753710_US_21,An aerial image. It shows: Baseball pitch for leisure land.,/data/tessera_dataset/image-emb-text/images4/a201753710_US_21.jpg,-114.0406643290777,35.182080875410364,True,0.98,A distinct baseball diamond is visible with a dirt infield and grass outfield.
gated_highres,Baseball pitch for leisure and sports activities,5,0.3519311249256134,a134400985_US_21,An aerial image. It shows: Grassy baseball pitch for leisure sports.,/data/tessera_dataset/image-emb-text/images4/a134400985_US_21.jpg,-78.78735775,42.83864,True,0.95,"A partial baseball diamond is visible at the lower left, including the dirt infield and adjacent outfield."
gated_highres,Baseball pitch for leisure and sports activities,6,0.3519311249256134,a52431711_US_20,An aerial image. It shows: Baseball pitch for leisure and sports activities.,/data/tessera_dataset/image-emb-text/images5/a52431711_US_20.jpg,-84.5697352,38.23236165,True,0.99,"Clearly visible baseball diamond with dirt infield, pitcher's mound, bases, and grass outfield."
gated_highres,Baseball pitch for leisure and sports activities,7,0.3519311249256134,a860821083_US_21,An aerial image. It shows: Baseball pitch for leisure and sports activities.,/data/tessera_dataset/image-emb-text/images4/a860821083_US_21.jpg,-81.23526827918722,34.71241725580987,True,0.98,Aerial view visibly shows baseball or softball diamonds with dirt infields and delineated outfields.
gated_highres,Baseball pitch for leisure and sports activities,8,0.3519311249256134,a187081894_US_19,An aerial image. It shows: Softball pitch for baseball.,/data/tessera_dataset/image-emb-text/images3/a187081894_US_19.jpg,-91.72120835539843,42.02342135173359,True,0.99,Clearly visible sports complex containing multiple baseball diamonds and associated spectator or facility areas.
gated_highres,Baseball pitch for leisure and sports activities,9,0.3519311249256134,a111640317_US_18,An aerial image. It shows: Baseball pitch for leisure and sports activities.,/data/tessera_dataset/image-emb-text/images6/a111640317_US_18.jpg,-86.08576983607696,39.556505609418565,True,0.99,"Clearly visible baseball field with a dirt infield, grass outfield, and surrounding sports facilities."
gated_highres,Baseball pitch for leisure and sports activities,10,0.3519311249256134,a799062775_US_21,An aerial image. It shows: Parking area with asphalt surface.,/data/tessera_dataset/image-emb-text/images4/a799062775_US_21.jpg,-75.5842070668321,39.27751680865299,True,0.99,"Clearly visible baseball field with a dirt infield, expansive grass outfield, and adjacent parking area."
gated_highres,Cemetery,1,0.3678993880748749,a667519929_US_21,An aerial image. It shows: Cemetery.,/data/tessera_dataset/image-emb-text/images6/a667519929_US_21.jpg,-72.50772979999999,42.0637006,True,0.98,Aerial view clearly shows numerous rows of grave markers and cemetery paths.
gated_highres,Cemetery,2,0.3678993880748749,a621590143_US_19,An aerial image. It shows: Cemetery.,/data/tessera_dataset/image-emb-text/images6/a621590143_US_19.jpg,-75.8606397106123,40.82733672104623,True,0.96,"Visible rectangular burial sections, repeated grave markers, and intersecting cemetery roads."
gated_highres,Cemetery,3,0.3678993880748749,a228697265_US_21,An aerial image. It shows: Cemetery.,/data/tessera_dataset/image-emb-text/images4/a228697265_US_21.jpg,-94.36944243658586,35.39356404264616,True,1.0,"Large cemetery with dense, regularly arranged grave markers and internal paved paths."
gated_highres,Cemetery,4,0.3678993880748749,a686740431_US_20,An aerial image. It shows: Cemetery.,/data/tessera_dataset/image-emb-text/images4/a686740431_US_20.jpg,-77.58184425,35.9905144,True,0.82,Small grassy burial area with several visible grave markers beside a cemetery path.
gated_highres,Cemetery,5,0.3678993880748749,w585189083_US_21,An aerial image. It shows: Residential road with separate sidewalk.,/data/tessera_dataset/image-emb-text/images6/w585189083_US_21.jpg,-69.96463286194583,41.68595148428885,True,0.97,"Rows of grave markers are clearly visible in the upper portion of the image, with cemetery access paths."
gated_highres,Cemetery,6,0.3678993880748749,a226179411_US_19,An aerial image. It shows: Cemetery.,/data/tessera_dataset/image-emb-text/images6/a226179411_US_19.jpg,-92.17287691361601,44.17000533912707,True,1.0,"Extensive cemetery landscape with many rows of graves, internal roads, and landscaped sections."
gated_highres,Cemetery,7,0.3678993880748749,a219054379_US_21,An aerial image. It shows: Cemetery.,/data/tessera_dataset/image-emb-text/images5/a219054379_US_21.jpg,-72.71226497542324,44.37963775259122,True,0.99,Multiple orderly rows of grave markers and cemetery roads are clearly visible.
gated_highres,Cemetery,8,0.3678993880748749,a347990445_US_21,An aerial image. It shows: Cemetery.,/data/tessera_dataset/image-emb-text/images5/a347990445_US_21.jpg,-88.3434445,36.44600395,True,0.99,Compact cemetery section with numerous grave markers arranged in rows along curved paths.
gated_highres,Cemetery,9,0.3678993880748749,a888375194_US_21,An aerial image. It shows: Cemetery.,/data/tessera_dataset/image-emb-text/images7/a888375194_US_21.jpg,-75.88943268878786,43.4221818469325,True,0.94,Rectangular landscaped burial sections contain repeated small grave markers and cemetery paths.
gated_highres,Cemetery,10,0.3678993880748749,a883642861_US_21,An aerial image. It shows: Cemetery.,/data/tessera_dataset/image-emb-text/images7/a883642861_US_21.jpg,-74.2859982,42.95268675,True,1.0,Large cemetery clearly visible with extensive organized rows of grave markers and winding access paths.
gated_highres,Commercial building,1,0.36726194620132446,a219136063_US_20,An aerial image. It shows: Office building.,/data/tessera_dataset/image-emb-text/images5/a219136063_US_20.jpg,-121.93811593535216,37.39314273526807,True,0.99,Large flat-roofed buildings surrounded by extensive parking lots and driveways are clearly visible.
gated_highres,Commercial building,2,0.36726194620132446,a208364989_US_21,An aerial image. It shows: Building.,/data/tessera_dataset/image-emb-text/images5/a208364989_US_21.jpg,-104.79358676247165,38.798898261338174,True,0.98,Multiple large flat-roofed buildings with substantial parking areas and access lanes are visible.
gated_highres,Commercial building,3,0.36726194620132446,a120652997_US_20,An aerial image. It shows: Industrial building.,/data/tessera_dataset/image-emb-text/images2/a120652997_US_20.jpg,-121.56929681599678,38.588934734051264,True,0.99,"Several large warehouse-style flat-roofed buildings, loading areas, and parking lots are clearly visible."
gated_highres,Commercial building,4,0.36726194620132446,a120650917_US_20,An aerial image. It shows: Industrial building.,/data/tessera_dataset/image-emb-text/images2/a120650917_US_20.jpg,-121.567286790363,38.587809844502246,True,0.99,Large commercial or office buildings with extensive parking and internal access roads are visible.
gated_highres,Commercial building,5,0.36726194620132446,a389961741_US_19,An aerial image. It shows: Office building.,/data/tessera_dataset/image-emb-text/images5/a389961741_US_19.jpg,-84.10927199480545,33.957780101133096,True,0.96,A large building and adjacent paved parking areas are clearly visible beside a major roadway.
gated_highres,Commercial building,6,0.36726194620132446,a47731513_US_18,An aerial image. It shows: Commercial building.,/data/tessera_dataset/image-emb-text/images4/a47731513_US_18.jpg,-78.58432678131996,35.851704402389515,True,0.95,A large pitched-roof building surrounded by parking and landscaped access areas is visible.
gated_highres,Commercial building,7,0.36726194620132446,a220913587_US_18,An aerial image. It shows: Public building.,/data/tessera_dataset/image-emb-text/images2/a220913587_US_18.jpg,-121.91136689999999,37.34963985,True,0.97,A large flat-roofed building with surrounding paved areas and parking is clearly visible.
gated_highres,Commercial building,8,0.36726194620132446,a264851726_US_19,An aerial image. It shows: Commercial building.,/data/tessera_dataset/image-emb-text/images6/a264851726_US_19.jpg,-84.47215993614356,33.88383446771075,True,0.98,"Multiple large flat-roofed buildings with parking lots, access roads, and landscaped commercial grounds are visible."
gated_highres,Commercial building,9,0.36726194620132446,n10196171031_US_20,An aerial image. It shows: Industrial warehouse.,/data/tessera_dataset/image-emb-text/images3/n10196171031_US_20.jpg,-121.35829337690687,38.37659344657747,True,0.99,"Large warehouse-style buildings with loading bays, paved service areas, and parking are clearly visible."
gated_highres,Commercial building,10,0.36726194620132446,a186080476_US_19,An aerial image. It shows: Office building.,/data/tessera_dataset/image-emb-text/images5/a186080476_US_19.jpg,-80.09397936810984,40.677564628173826,True,0.98,"A substantial building is surrounded by large parking lots, internal roads, and a dedicated vehicle-access layout."
gated_highres,Farm auxiliary building,1,0.3564487397670746,a289926225_CH_18,An aerial image. It shows: Rural barn.,/data/tessera_dataset/image-emb-text/images5/a289926225_CH_18.jpg,8.200909055420325,46.74043263462834,True,0.88,"Large roofed structure situated beside an open cultivated field, with additional service-like structures along its edges."
gated_highres,Farm auxiliary building,2,0.3564487397670746,a272100570_CH_19,An aerial image. It shows: Rural barn.,/data/tessera_dataset/image-emb-text/images6/a272100570_CH_19.jpg,8.919213553444793,47.28335401524862,True,0.84,Aerial view shows a substantial corrugated-roof agricultural outbuilding adjacent to a tiled-roof building and farm materials.
gated_highres,Farm auxiliary building,3,0.3564487397670746,a216607271_CH_18,An aerial image. It shows: Farmyard area.,/data/tessera_dataset/image-emb-text/images7/a216607271_CH_18.jpg,7.94156087273707,46.921807576866605,True,0.93,"Clearly visible farmstead with multiple large roofed buildings, open grassy land, driveways, and agricultural equipment."
gated_highres,Farm auxiliary building,4,0.3564487397670746,a538748004_CH_18,An aerial image. It shows: Barn.,/data/tessera_dataset/image-emb-text/images3/a538748004_CH_18.jpg,8.21587588776194,46.72299750187341,True,0.78,Small roofed auxiliary structure is visibly located within open pasture and near farm tracks.
gated_highres,Farm auxiliary building,5,0.3564487397670746,n4619496013_CH_18,An aerial image. It shows: Farm.,/data/tessera_dataset/image-emb-text/images5/n4619496013_CH_18.jpg,7.91457557896066,47.03785532731554,True,0.86,"Large roofed outbuilding in a rural farm setting, with a yard and apparent material or equipment area beside it."
gated_highres,Farm auxiliary building,6,0.3564487397670746,n10820137725_CH_21,An aerial image. It shows: Farm.,/data/tessera_dataset/image-emb-text/images5/n10820137725_CH_21.jpg,7.903444707809859,46.962868718837534,True,0.76,"Roofed building beside a driveway, garden, and another structure in a rural property setting; visibly consistent with a farm auxiliary building."
gated_highres,Farm auxiliary building,7,0.3564487397670746,a228099790_CH_20,An aerial image. It shows: Farm auxiliary building.,/data/tessera_dataset/image-emb-text/images7/a228099790_CH_20.jpg,7.246151887573863,46.53371804879326,True,0.94,Standalone rectangular roofed shed or barn clearly visible in open grassy farmland.
gated_highres,Farm auxiliary building,8,0.3564487397670746,a294734439_CH_18,An aerial image. It shows: Barn.,/data/tessera_dataset/image-emb-text/images3/a294734439_CH_18.jpg,8.214784882867262,46.725536429632925,True,0.91,Standalone small barn-like roofed building visibly positioned in an open grassy field.
gated_highres,Farm auxiliary building,9,0.3564487397670746,a413278804_CH_18,An aerial image. It shows: Farm building.,/data/tessera_dataset/image-emb-text/images5/a413278804_CH_18.jpg,7.405541609156295,46.82634171328198,True,0.82,Multiple attached and adjacent roofed outbuildings are visible beside a rural farmhouse and open field.
gated_highres,Farm auxiliary building,10,0.3564487397670746,a514450623_CH_20,An aerial image. It shows: Farmyard area.,/data/tessera_dataset/image-emb-text/images6/a514450623_CH_20.jpg,6.902217954341152,46.334954233494805,True,0.98,"Large agricultural shed directly beside cultivated crop rows, a farmyard surface, stacked materials, and a vehicle."
gated_highres,Farm building,1,0.36666378378868103,a289926225_CH_18,An aerial image. It shows: Rural barn.,/data/tessera_dataset/image-emb-text/images5/a289926225_CH_18.jpg,8.200909055420325,46.74043263462834,True,0.98,"Large agricultural-looking roofed structure directly beside cultivated field, with additional attached utility or storage structures."
gated_highres,Farm building,2,0.36666378378868103,a216607271_CH_18,An aerial image. It shows: Farmyard area.,/data/tessera_dataset/image-emb-text/images7/a216607271_CH_18.jpg,7.94156087273707,46.921807576866605,True,0.9,"Aerial view shows a rural building cluster including large barn-like roofs, gravel access roads, and several vehicles."
gated_highres,Farm building,3,0.36666378378868103,n10651866977_CH_18,"An aerial image. It shows: Solar power generator utilizing photovoltaic technology, consisting of solar photovoltaic panels.",/data/tessera_dataset/image-emb-text/images6/n10651866977_CH_18.jpg,7.929422266354857,47.0950338085606,True,0.87,Multiple connected roofed structures with an adjacent greenhouse or covered growing area and organized garden plots.
gated_highres,Farm building,4,0.36666378378868103,a272100570_CH_19,An aerial image. It shows: Rural barn.,/data/tessera_dataset/image-emb-text/images6/a272100570_CH_19.jpg,8.919213553444793,47.28335401524862,True,0.98,"Large barn-like buildings with extensive stored materials, tanks, and equipment beside open grassland."
gated_highres,Farm building,5,0.36666378378868103,a215350070_CH_18,An aerial image. It shows: Farmyard area.,/data/tessera_dataset/image-emb-text/images7/a215350070_CH_18.jpg,7.936101357631735,46.90980833163386,True,0.99,"Dense agricultural compound with multiple large barns, equipment, storage areas, tanks, and access yard."
gated_highres,Farm building,6,0.36666378378868103,n4619496013_CH_18,An aerial image. It shows: Farm.,/data/tessera_dataset/image-emb-text/images5/n4619496013_CH_18.jpg,7.91457557896066,47.03785532731554,True,0.96,Large isolated barn-like structure beside a dirt yard and open grassy land.
gated_highres,Farm building,7,0.36666378378868103,a213200208_CH_19,An aerial image. It shows: Farm auxiliary building.,/data/tessera_dataset/image-emb-text/images5/a213200208_CH_19.jpg,9.29129815,47.30377795,True,0.99,"Very large agricultural building with broad corrugated roof, adjacent road, storage materials, and farm equipment."
gated_highres,Farm building,8,0.36666378378868103,a234242548_CH_18,An aerial image. It shows: Farm building with half-hipped roof shape.,/data/tessera_dataset/image-emb-text/images7/a234242548_CH_18.jpg,7.449157865726256,46.80896180723675,True,0.97,"Rural building complex located amid open fields, including a prominent barn-like roof and adjacent structures."
gated_highres,Farm building,9,0.36666378378868103,a497764086_CH_21,An aerial image. It shows: Farm building.,/data/tessera_dataset/image-emb-text/images5/a497764086_CH_21.jpg,7.911369440915205,46.963514581337634,True,0.9,"Large rural building complex with multiple roof sections, farm trailers or vehicles, and open grassy surroundings."
gated_highres,Farm building,10,0.36666378378868103,a497762566_CH_21,An aerial image. It shows: Garage.,/data/tessera_dataset/image-emb-text/images5/a497762566_CH_21.jpg,7.905802028116117,46.97012327162047,True,0.98,"Large barn-like building with corrugated roof, agricultural equipment, stored materials, and a surrounding work yard."
gated_highres,Golf cartpath that is also road path,1,0.3590698838233948,w901614128_US_19,An aerial image. It shows: Path for both roads and golfers.,/data/tessera_dataset/image-emb-text/images5/w901614128_US_19.jpg,-75.53750974606758,43.093265401307285,True,0.98,A clearly visible paved path curves through the golf course between greens and landscaped areas.
gated_highres,Golf cartpath that is also road path,2,0.3590698838233948,w869728507_US_19,An aerial image. It shows: Path for both road and golf.,/data/tessera_dataset/image-emb-text/images4/w869728507_US_19.jpg,-92.86756191326631,44.97411225305912,True,0.98,Multiple visible paved paths traverse the golf-course terrain and connect playing areas.
gated_highres,Golf cartpath that is also road path,3,0.3590698838233948,w788191562_US_20,An aerial image. It shows: View of golf hole.,/data/tessera_dataset/image-emb-text/images6/w788191562_US_20.jpg,-96.79345138019842,46.83713039599125,True,0.97,A paved cart path visibly loops around the green and pond area.
gated_highres,Golf cartpath that is also road path,4,0.3590698838233948,w1016896157_US_21,An aerial image. It shows: Path for both road and golf.,/data/tessera_dataset/image-emb-text/images7/w1016896157_US_21.jpg,-92.514492382564,32.57321071043992,True,0.87,A narrow paved path is visibly present along the tree line across the golf-course landscape.
gated_highres,Golf cartpath that is also road path,5,0.3590698838233948,w963440136_US_21,An aerial image. It shows: Service road designated as golf cart path.,/data/tessera_dataset/image-emb-text/images4/w963440136_US_21.jpg,-88.16590514857793,42.1653212603134,True,0.98,A prominent paved path branches and runs through the golf-course fairways.
gated_highres,Golf cartpath that is also road path,6,0.3590698838233948,w839956986_US_21,An aerial image. It shows: View of golf hole.,/data/tessera_dataset/image-emb-text/images6/w839956986_US_21.jpg,-88.16572430813662,40.08762693552585,True,0.98,A clearly visible winding paved path runs across the fairway near a sand bunker and trees.
gated_highres,Golf cartpath that is also road path,7,0.3590698838233948,w976053205_US_21,An aerial image. It shows: Path used for both walking and golf.,/data/tessera_dataset/image-emb-text/images6/w976053205_US_21.jpg,-77.14463759664021,39.12009775582453,True,0.98,Several paved golf-cart paths are clearly visible around the greens and fairways.
gated_highres,Golf cartpath that is also road path,8,0.3590698838233948,w838684462_US_18,An aerial image. It shows: Path for both road and golf.,/data/tessera_dataset/image-emb-text/images4/w838684462_US_18.jpg,-87.52350040076831,38.07495319993661,True,0.99,"Multiple clearly visible paved paths, including a looping path around a green, cross the golf course."
gated_highres,Golf cartpath that is also road path,9,0.3590698838233948,a1041443798_US_20,An aerial image. It shows: Golf rough area.,/data/tessera_dataset/image-emb-text/images5/a1041443798_US_20.jpg,-80.79537010498052,35.09710196321387,True,0.99,A network of prominent paved paths visibly runs through and connects the golf-course holes.
gated_highres,Golf cartpath that is also road path,10,0.3590698838233948,w881109114_US_21,An aerial image. It shows: Service road designated as golf cart path.,/data/tessera_dataset/image-emb-text/images5/w881109114_US_21.jpg,-89.5601313,40.7396532,True,0.99,Several clearly visible paved cart paths branch and curve through the golf-course landscape.
gated_highres,Greenhouse,1,0.3658713400363922,a931721279_CH_19,An aerial image. It shows: Area dedicated to greenhouse horticulture.,/data/tessera_dataset/image-emb-text/images3/a931721279_CH_19.jpg,9.21940965,47.62987985,True,0.99,"Multiple long, translucent covered growing structures are clearly visible in parallel rows."
gated_highres,Greenhouse,2,0.3658713400363922,a1038340472_CH_19,An aerial image. It shows: Greenhouse used for horticulture purposes.,/data/tessera_dataset/image-emb-text/images7/a1038340472_CH_19.jpg,8.71350188399651,47.39928356257195,True,0.98,A long translucent greenhouse is visibly present beside cultivated field rows.
gated_highres,Greenhouse,3,0.3658713400363922,a330203333_CH_19,An aerial image. It shows: Greenhouse.,/data/tessera_dataset/image-emb-text/images6/a330203333_CH_19.jpg,9.20570635,47.6146906,True,0.99,A rectangular translucent-roof greenhouse is clearly visible from above.
gated_highres,Greenhouse,4,0.3658713400363922,a370103292_CH_19,An aerial image. It shows: Greenhouse.,/data/tessera_dataset/image-emb-text/images6/a370103292_CH_19.jpg,8.763227650000001,47.34639375,True,0.99,Several long greenhouse structures with translucent segmented roofs are visible.
gated_highres,Greenhouse,5,0.3658713400363922,a330203329_CH_19,An aerial image. It shows: Greenhouse.,/data/tessera_dataset/image-emb-text/images6/a330203329_CH_19.jpg,9.2069712,47.61483115,True,0.99,Parallel translucent-covered greenhouse structures are clearly visible.
gated_highres,Greenhouse,6,0.3658713400363922,a237165265_CH_19,An aerial image. It shows: Farm auxiliary building.,/data/tessera_dataset/image-emb-text/images7/a237165265_CH_19.jpg,9.06603915,46.637996799999996,True,0.83,"A large rectangular light-transmitting covered structure is visible, consistent with a greenhouse."
gated_highres,Greenhouse,7,0.3658713400363922,a204386922_CH_19,An aerial image. It shows: Greenhouse.,/data/tessera_dataset/image-emb-text/images2/a204386922_CH_19.jpg,8.749465869226173,47.31666725493379,True,0.99,Multiple large greenhouses with segmented translucent roofs are clearly visible.
gated_highres,Greenhouse,8,0.3658713400363922,a668637336_CH_20,An aerial image. It shows: Greenhouse.,/data/tessera_dataset/image-emb-text/images3/a668637336_CH_20.jpg,6.9409175273144,46.33722596132233,True,0.99,A dense greenhouse complex with extensive translucent and glass-covered sections is clearly visible.
gated_highres,Greenhouse,9,0.3658713400363922,a1178668533_CH_20,An aerial image. It shows: Greenhouse.,/data/tessera_dataset/image-emb-text/images4/a1178668533_CH_20.jpg,6.589361536841288,46.52589054021874,True,0.99,Several adjacent long greenhouses with translucent arched roofs are clearly visible.
gated_highres,Greenhouse,10,0.3658713400363922,a393526751_US_21,An aerial image. It shows: Greenhouse.,/data/tessera_dataset/image-emb-text/images6/a393526751_US_21.jpg,-72.67956591392033,41.289782600435665,True,0.98,Long greenhouse structures with translucent roofs are clearly visible along the field edge.
gated_highres,Healthcare facility identified as hospital,1,0.36032015085220337,a448329509_FI_19,An aerial image. It shows: Town hall building.,/data/tessera_dataset/image-emb-text/images3/a448329509_FI_19.jpg,23.69167895,63.5494734,True,0.78,"Large multi-wing institutional building with extensive adjacent parking and access drives, consistent with a hospital facility."
gated_highres,Healthcare facility identified as hospital,2,0.36032015085220337,a551517828_US_19,An aerial image. It shows: Healthcare facility identified as hospital.,/data/tessera_dataset/image-emb-text/images7/a551517828_US_19.jpg,-78.57864039835621,41.426511584316074,True,0.97,"Large connected medical-campus buildings with numerous parking lots, internal roads, and landscaped patient-access areas visibly present."
gated_highres,Healthcare facility identified as hospital,3,0.36032015085220337,a565543426_US_18,An aerial image. It shows: Healthcare facility identified as hospital.,/data/tessera_dataset/image-emb-text/images7/a565543426_US_18.jpg,-99.15289643591422,30.043454867630246,True,0.96,"Large specialized institutional complex surrounded by extensive parking, circulation roads, and service areas, strongly consistent with a hospital campus."
gated_highres,Healthcare facility identified as hospital,4,0.36032015085220337,a495251876_US_21,An aerial image. It shows: Hospital.,/data/tessera_dataset/image-emb-text/images3/a495251876_US_21.jpg,-72.20839160155478,42.58527616479262,True,0.86,"Multi-building institutional campus with substantial parking, access roads, and a landscaped healthcare-style site layout."
gated_highres,Healthcare facility identified as hospital,5,0.36032015085220337,a294343006_US_21,An aerial image. It shows: Part of building.,/data/tessera_dataset/image-emb-text/images6/a294343006_US_21.jpg,-110.25604983971039,31.53147702449305,True,0.82,"Large enclosed multi-wing building with extensive parking, service access, and a campus-like institutional layout."
gated_highres,Healthcare facility identified as hospital,6,0.36032015085220337,a933559196_US_20,An aerial image. It shows: Hospital building.,/data/tessera_dataset/image-emb-text/images4/a933559196_US_20.jpg,-121.29303850398772,38.576507690222016,True,0.75,"Large white institutional building complex with multiple connected structures, drop-off access, parking, and service circulation."
gated_highres,Healthcare facility identified as hospital,7,0.36032015085220337,a211838413_US_21,An aerial image. It shows: Hospital building.,/data/tessera_dataset/image-emb-text/images4/a211838413_US_21.jpg,-72.20991077709226,42.58598368319007,True,0.84,"Visible portion of a multi-building institutional campus with substantial parking and organized vehicle access, consistent with a hospital."
gated_highres,Healthcare facility identified as hospital,8,0.36032015085220337,a484449649_US_21,An aerial image. It shows: Hospital building serving as healthcare amenity.,/data/tessera_dataset/image-emb-text/images6/a484449649_US_21.jpg,-105.13014400336186,39.71700770737995,True,0.91,"Large connected institutional complex surrounded by multiple parking areas, internal drives, and landscaped access zones."
gated_highres,Healthcare facility identified as hospital,9,0.36032015085220337,a256802257_US_21,An aerial image. It shows: Hospital building.,/data/tessera_dataset/image-emb-text/images2/a256802257_US_21.jpg,-111.75268422349257,33.28727984833563,True,0.98,"Extensive multi-wing campus with large parking areas, patient drop-off or courtyard spaces, service buildings, and hospital-scale circulation."
gated_highres,Healthcare facility identified as hospital,10,0.36032015085220337,a419564993_US_21,An aerial image. It shows: Hotel building.,/data/tessera_dataset/image-emb-text/images3/a419564993_US_21.jpg,-88.53578176231571,30.373924632364947,True,0.88,"Large institutional building with a prominent circular drop-off drive, multiple entrances, parking, and dedicated campus road access."
gated_highres,Hospital building,1,0.3689795136451721,a211838413_US_21,An aerial image. It shows: Hospital building.,/data/tessera_dataset/image-emb-text/images4/a211838413_US_21.jpg,-72.20991077709226,42.58598368319007,True,0.72,"Large multi-wing institutional building with extensive adjacent parking areas and access roads, consistent with a hospital campus."
gated_highres,Hospital building,2,0.3689795136451721,a933559196_US_20,An aerial image. It shows: Hospital building.,/data/tessera_dataset/image-emb-text/images4/a933559196_US_20.jpg,-121.29303850398772,38.576507690222016,True,0.82,"Very large white-roofed institutional complex with multiple connected sections, substantial parking, and a formal vehicle approach."
gated_highres,Hospital building,3,0.3689795136451721,a659260940_US_21,An aerial image. It shows: Clinic building offering healthcare services.,/data/tessera_dataset/image-emb-text/images7/a659260940_US_21.jpg,-84.89463333771081,32.41356969834361,False,0.84,"Low-rise campus buildings with open lawns, sidewalks, and parking; the layout appears more like a school or general institutional site than a hospital."
gated_highres,Hospital building,4,0.3689795136451721,a307169575_US_21,An aerial image. It shows: Hospital building.,/data/tessera_dataset/image-emb-text/images3/a307169575_US_21.jpg,-82.73971159999999,27.75274615,True,0.88,"Dense, large flat-roofed building complex with multiple service areas, internal roads, and surrounding paved access, visibly consistent with a hospital."
gated_highres,Hospital building,5,0.3689795136451721,a448329509_FI_19,An aerial image. It shows: Town hall building.,/data/tessera_dataset/image-emb-text/images3/a448329509_FI_19.jpg,23.69167895,63.5494734,True,0.7,"Large irregular institutional building with numerous nearby parked cars and access areas, plausibly a medical or hospital facility."
gated_highres,Hospital building,6,0.3689795136451721,n7936407307_US_19,An aerial image. It shows: Parking space is available.,/data/tessera_dataset/image-emb-text/images4/n7936407307_US_19.jpg,-97.42598021525257,35.19511966954669,False,0.8,Small separated low-rise buildings with limited parking and open grassy surroundings; no visually distinctive hospital-scale complex is present.
gated_highres,Hospital building,7,0.3689795136451721,a551517828_US_19,An aerial image. It shows: Healthcare facility identified as hospital.,/data/tessera_dataset/image-emb-text/images7/a551517828_US_19.jpg,-78.57864039835621,41.426511584316074,True,0.97,"Extensive connected institutional buildings surrounded by very large parking fields, internal drives, and landscaped access areas, strongly indicating a hospital campus."
gated_highres,Hospital building,8,0.3689795136451721,a439601460_US_18,An aerial image. It shows: Commercial building housing bank.,/data/tessera_dataset/image-emb-text/images6/a439601460_US_18.jpg,-118.3891232153444,33.901134510174614,True,0.76,"Large flat-roofed institutional building with substantial parking on multiple sides and a controlled road entrance, consistent with a hospital or medical center."
gated_highres,Hospital building,9,0.3689795136451721,a173202753_CH_19,An aerial image. It shows: Gray office building with flat roof.,/data/tessera_dataset/image-emb-text/images3/a173202753_CH_19.jpg,8.71907095,47.349605049999994,False,0.96,Dense urban rooftop scene with roof terraces and mechanical structures; no hospital building or hospital campus is visibly identifiable.
gated_highres,Hospital building,10,0.3689795136451721,a824488590_US_20,An aerial image. It shows: Nursing home.,/data/tessera_dataset/image-emb-text/images4/a824488590_US_20.jpg,-87.50222105,36.875169099999994,False,0.7,"Several low-rise buildings with parking, lawns, and open land are visible, but the arrangement does not clearly show a hospital or hospital-specific facility."
gated_highres,Islet,1,0.37145817279815674,a897694056_FI_19,An aerial image. It shows: Island.,/data/tessera_dataset/image-emb-text/images5/a897694056_FI_19.jpg,26.63257567270562,62.54590046392008,True,0.99,"A small, elongated vegetated landmass is visibly surrounded by water."
gated_highres,Islet,2,0.37145817279815674,a51501975_US_21,An aerial image. It shows: Island.,/data/tessera_dataset/image-emb-text/images7/a51501975_US_21.jpg,-71.5309794,43.737555400000005,True,0.95,A wooded island-like landmass with a clear shoreline is visibly surrounded by water.
gated_highres,Islet,3,0.37145817279815674,a897970812_FI_19,An aerial image. It shows: Image showing island.,/data/tessera_dataset/image-emb-text/images7/a897970812_FI_19.jpg,26.68380579516923,62.53185899182402,True,0.99,Small tree-covered landmasses are visibly isolated within surrounding water.
gated_highres,Islet,4,0.37145817279815674,a18772350_FI_19,An aerial image. It shows: Islet.,/data/tessera_dataset/image-emb-text/images6/a18772350_FI_19.jpg,24.710960583645285,61.3100852001638,True,0.99,A small wooded islet with a rocky shoreline is visibly surrounded by water.
gated_highres,Islet,5,0.37145817279815674,a23358491_FI_22,An aerial image. It shows: Islet covered with woodland.,/data/tessera_dataset/image-emb-text/images5/a23358491_FI_22.jpg,29.5144442,63.27610455,True,0.98,A small densely vegetated island is clearly visible within surrounding water.
gated_highres,Islet,6,0.37145817279815674,a144503431_FI_18,An aerial image. It shows: Island.,/data/tessera_dataset/image-emb-text/images7/a144503431_FI_18.jpg,24.18028940576654,62.0324351024684,True,0.97,A wooded island with clearings and structures is visibly isolated by water.
gated_highres,Islet,7,0.37145817279815674,a894509864_FI_19,An aerial image. It shows: Image showing island.,/data/tessera_dataset/image-emb-text/images5/a894509864_FI_19.jpg,26.63544999243837,62.6427777576605,True,0.99,A small elongated vegetated islet with rocky edges is visibly surrounded by water.
gated_highres,Islet,8,0.37145817279815674,a26344023_FI_21,An aerial image. It shows: Islet.,/data/tessera_dataset/image-emb-text/images7/a26344023_FI_21.jpg,29.7044415129768,64.2965406643428,True,0.99,A compact tree-covered island with a distinct shoreline is visibly surrounded by water.
gated_highres,Islet,9,0.37145817279815674,a144503430_FI_18,An aerial image. It shows: Image showing island.,/data/tessera_dataset/image-emb-text/images5/a144503430_FI_18.jpg,24.17280851376494,62.043844448585965,True,0.98,A small irregular vegetated landmass with a visible shoreline is isolated in water.
gated_highres,Islet,10,0.37145817279815674,a897223524_FI_19,An aerial image. It shows: Image showing island.,/data/tessera_dataset/image-emb-text/images6/a897223524_FI_19.jpg,26.623187448474603,62.58975516418515,True,0.99,A small rocky and vegetated islet is visibly surrounded by water.
gated_highres,Marked road crossing,1,0.3755348324775696,n8468805964_US_21,An aerial image. It shows: Marked road crossing.,/data/tessera_dataset/image-emb-text/images7/n8468805964_US_21.jpg,-112.2712471,33.5659573,True,0.96,A paved road visibly meets the larger divided road at a marked T-intersection with transverse lane markings.
gated_highres,Marked road crossing,2,0.3755348324775696,n4182622893_US_21,An aerial image. It shows: Crossing on the road.,/data/tessera_dataset/image-emb-text/images4/n4182622893_US_21.jpg,-111.70366612359045,33.29266919280174,True,0.99,"A clearly marked four-way road crossing is visible, with broad transverse markings and lane lines at the intersection."
gated_highres,Marked road crossing,3,0.3755348324775696,n6174109526_US_21,An aerial image. It shows: Unmarked road crossing.,/data/tessera_dataset/image-emb-text/images7/n6174109526_US_21.jpg,-111.77260998922578,33.24865208611918,True,0.99,A large four-way intersection is visibly present with multiple lane separators and transverse road markings.
gated_highres,Marked road crossing,4,0.3755348324775696,n4750041497_US_21,An aerial image. It shows: Crossing on the road with line markings.,/data/tessera_dataset/image-emb-text/images7/n4750041497_US_21.jpg,-111.8850836934588,40.75190525806807,True,0.98,The image clearly shows a marked four-way road crossing with crosswalk-like transverse stripes and lane markings.
gated_highres,Marked road crossing,5,0.3755348324775696,w629141953_US_19,An aerial image. It shows: Solid stop line on the road.,/data/tessera_dataset/image-emb-text/images4/w629141953_US_19.jpg,-115.31925478230625,36.29941034576251,True,0.94,"Two paved roads visibly cross, with clear lane divider and intersection markings."
gated_highres,Marked road crossing,6,0.3755348324775696,n7330662669_US_21,An aerial image. It shows: Stop road.,/data/tessera_dataset/image-emb-text/images4/n7330662669_US_21.jpg,-111.77711859044459,33.26318917666212,True,0.97,"A marked crossing of a divided road and side street is visible, including transverse markings and lane lines."
gated_highres,Marked road crossing,7,0.3755348324775696,w269098742_US_21,An aerial image. It shows: Solid stop line on the road.,/data/tessera_dataset/image-emb-text/images6/w269098742_US_21.jpg,-94.7512326,38.9130066,True,0.98,A clearly visible four-way crossing has painted lane markings and transverse crossing stripes.
gated_highres,Marked road crossing,8,0.3755348324775696,n6174178125_US_21,An aerial image. It shows: Crossing with both unmarked and marked sections.,/data/tessera_dataset/image-emb-text/images3/n6174178125_US_21.jpg,-111.7741241,33.2921059,True,0.98,The image shows a marked four-way road intersection with prominent transverse stripes and lane markings.
gated_highres,Marked road crossing,9,0.3755348324775696,n3989499807_US_21,An aerial image. It shows: Crossing road.,/data/tessera_dataset/image-emb-text/images5/n3989499807_US_21.jpg,-111.7038707,33.292551,True,0.99,A clearly marked four-way road crossing is visible with broad transverse markings and lane lines.
gated_highres,Marked road crossing,10,0.3755348324775696,w648285178_US_21,An aerial image. It shows: Solid stop line on the road marking.,/data/tessera_dataset/image-emb-text/images5/w648285178_US_21.jpg,-112.25508720887811,33.558898375817236,True,0.97,A paved road crossing is visibly marked with lane separators and transverse markings at the intersection.
gated_highres,Parking space,1,0.37862518429756165,a1101366744_US_18,An aerial image. It shows: Parking area.,/data/tessera_dataset/image-emb-text/images6/a1101366744_US_18.jpg,-84.56934195,39.01020045,True,0.98,A paved parking area with multiple marked parking spaces and parked vehicles is clearly visible.
gated_highres,Parking space,2,0.37862518429756165,a1073624035_CH_20,An aerial image. It shows: Street-side parking lot with asphalt surface.,/data/tessera_dataset/image-emb-text/images2/a1073624035_CH_20.jpg,6.952521953090088,46.260374988471675,True,0.99,Multiple marked parking spaces with several parked cars are clearly visible beside buildings.
gated_highres,Parking space,3,0.37862518429756165,n8481437017_US_21,An aerial image. It shows: Parking space is available.,/data/tessera_dataset/image-emb-text/images6/n8481437017_US_21.jpg,-112.2786272998299,33.59679502954532,True,0.99,A large parking lot with many marked spaces and numerous parked vehicles is clearly visible.
gated_highres,Parking space,4,0.37862518429756165,a1076125927_CH_20,An aerial image. It shows: Street-side parking area with asphalt surface.,/data/tessera_dataset/image-emb-text/images6/a1076125927_CH_20.jpg,6.9523137,46.25812525,True,0.98,Yellow-lined parking spaces and a parked red vehicle are clearly visible.
gated_highres,Parking space,5,0.37862518429756165,a501227168_US_18,An aerial image. It shows: Parking area.,/data/tessera_dataset/image-emb-text/images4/a501227168_US_18.jpg,-86.04819806729057,39.47839385905537,True,0.99,A marked parking lot with rows of parking spaces and parked vehicles is clearly visible.
gated_highres,Parking space,6,0.37862518429756165,n5582478869_CH_20,An aerial image. It shows: Entrance with barrier.,/data/tessera_dataset/image-emb-text/images2/n5582478869_CH_20.jpg,6.5723933,46.5137877,True,0.98,Several marked parking spaces containing parked cars are clearly visible.
gated_highres,Parking space,7,0.37862518429756165,w670355513_US_20,An aerial image. It shows: Driveway leading to service road.,/data/tessera_dataset/image-emb-text/images2/w670355513_US_20.jpg,-78.55678720359721,35.80309716467879,True,0.99,A sizable marked parking lot with multiple rows of spaces and parked vehicles is clearly visible.
gated_highres,Parking space,8,0.37862518429756165,a1120348451_CH_20,An aerial image. It shows: Parking area with asphalt surface.,/data/tessera_dataset/image-emb-text/images5/a1120348451_CH_20.jpg,6.55781945,46.544417249999995,True,0.99,Numerous yellow-lined parking spaces with several parked cars are clearly visible.
gated_highres,Parking space,9,0.37862518429756165,n10595266510_US_20,An aerial image. It shows: Parking space is available.,/data/tessera_dataset/image-emb-text/images4/n10595266510_US_20.jpg,-121.93718037588863,37.328635813156204,True,0.99,A large parking area with many rows of marked spaces and parked vehicles is clearly visible.
gated_highres,Parking space,10,0.37862518429756165,a1089341847_CH_20,An aerial image. It shows: Paved parking area.,/data/tessera_dataset/image-emb-text/images5/a1089341847_CH_20.jpg,7.127002360156564,47.424112588199606,True,0.98,A paved parking area with several parked cars and visible parking-space markings is clearly visible.
gated_highres,Path designated for golf carts,1,0.35767143964767456,w901614124_US_19,An aerial image. It shows: Path for both road and golf.,/data/tessera_dataset/image-emb-text/images7/w901614124_US_19.jpg,-75.52854538397114,43.094780667842656,True,0.98,Multiple narrow paved paths visibly wind through the golf-course fairways and around landscaped greens.
gated_highres,Path designated for golf carts,2,0.35767143964767456,w256119093_US_21,An aerial image. It shows: Service road with grade1 track surface. It resembles golf cart path.,/data/tessera_dataset/image-emb-text/images4/w256119093_US_21.jpg,-103.27149417571327,44.0622255030906,True,0.98,A network of narrow light-colored paths visibly crosses the golf-course terrain between fairways and greens.
gated_highres,Path designated for golf carts,3,0.35767143964767456,w744782679_US_19,An aerial image. It shows: View of golf hole.,/data/tessera_dataset/image-emb-text/images5/w744782679_US_19.jpg,-79.73252586273982,42.0628158882332,True,0.93,A narrow winding path is visibly present through the grass and connects areas of the golf course.
gated_highres,Path designated for golf carts,4,0.35767143964767456,w839956986_US_21,An aerial image. It shows: View of golf hole.,/data/tessera_dataset/image-emb-text/images6/w839956986_US_21.jpg,-88.16572430813662,40.08762693552585,True,0.98,A clearly defined winding paved path runs through the fairway beside a sand bunker and trees.
gated_highres,Path designated for golf carts,5,0.35767143964767456,w85373787_US_21,An aerial image. It shows: Track that is also known as Golf Cart path.,/data/tessera_dataset/image-emb-text/images2/w85373787_US_21.jpg,-104.95485348499282,40.52782428964982,True,0.96,A light-colored curved path visibly branches through the golf-course landscape near circular greens.
gated_highres,Path designated for golf carts,6,0.35767143964767456,w852453294_US_19,"An aerial image. It shows: Service road designated for golf carts, also known as cartpath.",/data/tessera_dataset/image-emb-text/images6/w852453294_US_19.jpg,-97.43350577849414,35.1952192751789,True,0.78,"Light-colored paved paths are visibly present around the clubhouse and golf-course grounds, alongside a parking area."
gated_highres,Path designated for golf carts,7,0.35767143964767456,w953138460_US_22,An aerial image. It shows: Service road used as golf cart path.,/data/tessera_dataset/image-emb-text/images4/w953138460_US_22.jpg,-87.28721813629099,30.366618381754627,True,0.91,Several narrow paths visibly intersect and curve through the golf-course grass near trees and bunkers.
gated_highres,Path designated for golf carts,8,0.35767143964767456,w816361606_US_21,An aerial image. It shows: Service road used as golf cart path.,/data/tessera_dataset/image-emb-text/images7/w816361606_US_21.jpg,-88.12978389525897,42.05013483928582,True,0.99,A prominent narrow path network visibly follows the golf-course fairways beside a pond and greens.
gated_highres,Path designated for golf carts,9,0.35767143964767456,w901614128_US_19,An aerial image. It shows: Path for both roads and golfers.,/data/tessera_dataset/image-emb-text/images5/w901614128_US_19.jpg,-75.53750974606758,43.093265401307285,True,0.98,Multiple narrow paved paths visibly cross the golf-course fairways and connect the landscaped greens.
gated_highres,Path designated for golf carts,10,0.35767143964767456,w788191562_US_20,An aerial image. It shows: View of golf hole.,/data/tessera_dataset/image-emb-text/images6/w788191562_US_20.jpg,-96.79345138019842,46.83713039599125,True,0.97,A clearly visible curved path loops around the green and pond within the golf-course grounds.
gated_highres,Playground area for leisure activities on the land,1,0.353753000497818,n10229145114_CH_20,An aerial image. It shows: Playground with ground surface. The playground is themed.,/data/tessera_dataset/image-emb-text/images3/n10229145114_CH_20.jpg,6.5600066,46.5285631,True,0.88,Aerial view clearly shows a backyard play area with a large trampoline and additional playground-like equipment.
gated_highres,Playground area for leisure activities on the land,2,0.353753000497818,n10876369963_CH_19,An aerial image. It shows: Bench for seating.,/data/tessera_dataset/image-emb-text/images7/n10876369963_CH_19.jpg,8.908962549024185,47.27678655562697,False,0.97,"Visible open grass area and paths, but no clear playground equipment or designated leisure play area."
gated_highres,Playground area for leisure activities on the land,3,0.353753000497818,a449601543_CH_18,An aerial image. It shows: Playground area with ground surface.,/data/tessera_dataset/image-emb-text/images5/a449601543_CH_18.jpg,7.934096692069264,46.915073676462754,True,0.99,"Clearly visible playground with sand surface, climbing structures, swings, slides, and other play equipment."
gated_highres,Playground area for leisure activities on the land,4,0.353753000497818,a259408740_CH_20,An aerial image. It shows: Playground area for leisure land.,/data/tessera_dataset/image-emb-text/images7/a259408740_CH_20.jpg,6.5707529128063555,46.53912216335846,False,0.9,"Landscaped grass and paved areas are visible, but no clearly identifiable playground equipment."
gated_highres,Playground area for leisure activities on the land,5,0.353753000497818,a1121484505_CH_20,An aerial image. It shows: Playground with dirt surface. The playground area is designed with playground theme.,/data/tessera_dataset/image-emb-text/images3/a1121484505_CH_20.jpg,6.56862455,46.53135555,True,0.78,Small landscaped leisure area contains a roofed play structure and several colorful objects consistent with children's play equipment.
gated_highres,Playground area for leisure activities on the land,6,0.353753000497818,n9385776355_CH_20,An aerial image. It shows: Playground area for leisure activities on the land.,/data/tessera_dataset/image-emb-text/images5/n9385776355_CH_20.jpg,6.849271127370455,46.462356574551706,False,0.94,"Mostly grass, trees, and landscaping beside a road; no clearly visible playground equipment."
gated_highres,Playground area for leisure activities on the land,7,0.353753000497818,n7008653313_CH_20,An aerial image. It shows: Sandpit playground.,/data/tessera_dataset/image-emb-text/images3/n7008653313_CH_20.jpg,6.5118129,46.5156954,True,0.99,"Clearly visible playground with rubberized surface, swings, slides, climbing equipment, and a central play feature."
gated_highres,Playground area for leisure activities on the land,8,0.353753000497818,a1055032639_CH_19,An aerial image. It shows: Playground area for leisure land.,/data/tessera_dataset/image-emb-text/images4/a1055032639_CH_19.jpg,8.935593156524842,47.65959766767493,True,0.98,Clearly visible outdoor playground area with multiple play structures and equipment on a gravel or sandy surface.
gated_highres,Playground area for leisure activities on the land,9,0.353753000497818,n5009898722_CH_20,An aerial image. It shows: Playground area for leisure land.,/data/tessera_dataset/image-emb-text/images7/n5009898722_CH_20.jpg,7.3057535093830985,46.22985265754077,True,0.98,"Aerial view shows a designated playground complex with multiple surfaced play zones, slides, and play structures."
gated_highres,Playground area for leisure activities on the land,10,0.353753000497818,a965693751_CH_20,An aerial image. It shows: Playground area for leisure activities on the land.,/data/tessera_dataset/image-emb-text/images5/a965693751_CH_20.jpg,6.566532627616244,46.524925343426936,False,0.91,"Residential yards and paths are visible, but no clearly identifiable playground or leisure play equipment."
gated_highres,Playground area for leisure land,1,0.35655367374420166,n10229145114_CH_20,An aerial image. It shows: Playground with ground surface. The playground is themed.,/data/tessera_dataset/image-emb-text/images3/n10229145114_CH_20.jpg,6.5600066,46.5285631,True,0.86,A backyard play structure with a slide or climbing frame is clearly visible in a grassy leisure area.
gated_highres,Playground area for leisure land,2,0.35655367374420166,a449601543_CH_18,An aerial image. It shows: Playground area with ground surface.,/data/tessera_dataset/image-emb-text/images5/a449601543_CH_18.jpg,7.934096692069264,46.915073676462754,True,0.99,"A clearly identifiable playground with sandy ground, swings, climbing equipment, and slides is visible."
gated_highres,Playground area for leisure land,3,0.35655367374420166,n10876369963_CH_19,An aerial image. It shows: Bench for seating.,/data/tessera_dataset/image-emb-text/images7/n10876369963_CH_19.jpg,8.908962549024185,47.27678655562697,False,0.98,The image shows an open grassy lawn and walkway without visible playground equipment.
gated_highres,Playground area for leisure land,4,0.35655367374420166,a259408740_CH_20,An aerial image. It shows: Playground area for leisure land.,/data/tessera_dataset/image-emb-text/images7/a259408740_CH_20.jpg,6.5707529128063555,46.53912216335846,False,0.91,"The image shows landscaped grass, paths, buildings, and red-roofed structures, but no clearly visible playground."
gated_highres,Playground area for leisure land,5,0.35655367374420166,a218115757_US_20,An aerial image. It shows: Basketball court in the leisure land pitch.,/data/tessera_dataset/image-emb-text/images7/a218115757_US_20.jpg,-118.09581341807069,33.946753410079744,True,0.98,"A substantial recreational area is visible with playground equipment, courts, paths, and additional leisure amenities."
gated_highres,Playground area for leisure land,6,0.35655367374420166,n5009898722_CH_20,An aerial image. It shows: Playground area for leisure land.,/data/tessera_dataset/image-emb-text/images7/n5009898722_CH_20.jpg,7.3057535093830985,46.22985265754077,True,0.99,"Multiple playground zones with sandy surfaces, slides, climbing equipment, and open recreational space are clearly visible."
gated_highres,Playground area for leisure land,7,0.35655367374420166,a1062622361_US_19,An aerial image. It shows: Schoolyard designated as leisure land.,/data/tessera_dataset/image-emb-text/images6/a1062622361_US_19.jpg,-122.35898566450226,47.54106818735443,True,0.99,A playground with circular sandy play area is visible alongside marked recreational courts.
gated_highres,Playground area for leisure land,8,0.35655367374420166,a1055032639_CH_19,An aerial image. It shows: Playground area for leisure land.,/data/tessera_dataset/image-emb-text/images4/a1055032639_CH_19.jpg,8.935593156524842,47.65959766767493,True,0.98,"Several playground structures, including swings and climbing or play equipment, are clearly visible on a sandy surface."
gated_highres,Playground area for leisure land,9,0.35655367374420166,a965693751_CH_20,An aerial image. It shows: Playground area for leisure activities on the land.,/data/tessera_dataset/image-emb-text/images5/a965693751_CH_20.jpg,6.566532627616244,46.524925343426936,True,0.72,A small residential leisure area includes a visible playset or sandbox-like play structure in the yard.
gated_highres,Playground area for leisure land,10,0.35655367374420166,a653751767_CH_18,An aerial image. It shows: Grassy playground.,/data/tessera_dataset/image-emb-text/images5/a653751767_CH_18.jpg,8.741954984451226,46.1016639928328,False,0.88,"The image shows a grassy landscaped area with a path and bench-like object, but no clearly visible playground equipment."
gated_highres,Power pole,1,0.36365416646003723,n1905470538_CH_19,An aerial image. It shows: Power pole.,/data/tessera_dataset/image-emb-text/images7/n1905470538_CH_19.jpg,8.724064447163855,47.328483102293525,True,0.98,Aerial view visibly shows a utility pole and its long dark shadow across the field.
gated_highres,Power pole,2,0.36365416646003723,w175797047_CH_21,An aerial image. It shows: Minor power line with 3 cables.,/data/tessera_dataset/image-emb-text/images3/w175797047_CH_21.jpg,8.1954638697611,47.615078000580745,True,0.98,A distinct pole with a long angled shadow is visible in the grass.
gated_highres,Power pole,3,0.36365416646003723,n6640541026_CH_19,An aerial image. It shows: Power pole.,/data/tessera_dataset/image-emb-text/images4/n6640541026_CH_19.jpg,8.710777156606163,47.307695709358946,True,0.95,A narrow utility pole and elongated shadow are clearly visible in the field.
gated_highres,Power pole,4,0.36365416646003723,n9167660459_CH_18,An aerial image. It shows: Utility pole as the man-made structure.,/data/tessera_dataset/image-emb-text/images7/n9167660459_CH_18.jpg,7.9661669826543235,46.94672294299092,True,0.97,A power pole with branching overhead lines or shadows is visible near the center.
gated_highres,Power pole,5,0.36365416646003723,n8596392985_CH_19,An aerial image. It shows: Guyed pole used for power distribution.,/data/tessera_dataset/image-emb-text/images3/n8596392985_CH_19.jpg,8.793764004877781,47.38967940571746,True,0.99,"A clearly visible utility pole stands beside a paved road, with a long shadow extending into the grass."
gated_highres,Power pole,6,0.36365416646003723,w272696294_CH_19,An aerial image. It shows: Minor power line.,/data/tessera_dataset/image-emb-text/images3/w272696294_CH_19.jpg,8.9822569,47.2725103,True,0.98,A utility pole and long shadow are visibly positioned beside the road.
gated_highres,Power pole,7,0.36365416646003723,n2499290081_CH_20,An aerial image. It shows: Power pole.,/data/tessera_dataset/image-emb-text/images7/n2499290081_CH_20.jpg,7.087158193282768,46.553295621365535,True,0.99,A prominent power pole with a long dark shadow and adjacent roadside hardware is visible.
gated_highres,Power pole,8,0.36365416646003723,n9612574656_CH_18,An aerial image. It shows: Power pole.,/data/tessera_dataset/image-emb-text/images3/n9612574656_CH_18.jpg,7.4280735,46.8112767,True,0.96,A small pole with a long angled shadow is visibly present in the grassy field.
gated_highres,Power pole,9,0.36365416646003723,n10124258199_CH_18,An aerial image. It shows: Utility pole as the man-made structure.,/data/tessera_dataset/image-emb-text/images7/n10124258199_CH_18.jpg,7.983534620787084,47.04017324226457,True,0.98,A utility pole and its long shadow are clearly visible across the cultivated field.
gated_highres,Power pole,10,0.36365416646003723,n5809097900_CH_21,An aerial image. It shows: Power pole.,/data/tessera_dataset/image-emb-text/images3/n5809097900_CH_21.jpg,7.590558657257839,47.30368615197741,True,0.93,A small bright pole-like object with a long narrow shadow is visible in the field.
gated_highres,Pylon for aerialway,1,0.3560772240161896,n3771114150_CH_19,An aerial image. It shows: Pylon for aerialway.,/data/tessera_dataset/image-emb-text/images4/n3771114150_CH_19.jpg,9.64209,46.7756509,True,0.98,A tall support structure with crossarms and a visible cable line/shadow is clearly present in the grassy terrain.
gated_highres,Pylon for aerialway,2,0.3560772240161896,n2398721931_CH_19,An aerial image. It shows: Pylon for aerialway.,/data/tessera_dataset/image-emb-text/images6/n2398721931_CH_19.jpg,8.999286480524532,47.2844518064161,True,0.99,A distinct aerialway support tower with crossarms and suspended cable lines is clearly visible.
gated_highres,Pylon for aerialway,3,0.3560772240161896,n3771114149_CH_19,An aerial image. It shows: Pylon used for aerialway.,/data/tessera_dataset/image-emb-text/images4/n3771114149_CH_19.jpg,9.644061959548765,46.77551925949916,True,0.97,A vertical support pylon with a crossarm assembly and connected dark cable is visible.
gated_highres,Pylon for aerialway,4,0.3560772240161896,n6268464704_CH_18,An aerial image. It shows: Pylon for aerialway.,/data/tessera_dataset/image-emb-text/images7/n6268464704_CH_18.jpg,8.277678173686887,46.76807962721777,True,0.95,A support tower and its elongated cable shadow are visibly aligned across the field.
gated_highres,Pylon for aerialway,5,0.3560772240161896,n7538624876_CH_19,An aerial image. It shows: Pylon for aerialway.,/data/tessera_dataset/image-emb-text/images6/n7538624876_CH_19.jpg,9.660181251633366,46.78222491335014,True,0.82,A narrow support structure with a small crossarm and a cable extending from it is visible.
gated_highres,Pylon for aerialway,6,0.3560772240161896,n5353021157_CH_18,An aerial image. It shows: Pylon for aerialway.,/data/tessera_dataset/image-emb-text/images4/n5353021157_CH_18.jpg,8.227992495994599,46.75951493323706,True,0.99,A large pylon with multiple crossarms and several visible cable lines is clearly shown.
gated_highres,Pylon for aerialway,7,0.3560772240161896,n8687568709_CH_19,An aerial image. It shows: Pylon used for aerialway.,/data/tessera_dataset/image-emb-text/images5/n8687568709_CH_19.jpg,9.628714863457347,46.76896622422609,True,0.78,A tall dark support pole with a visible base assembly and a connected cable line is present.
gated_highres,Pylon for aerialway,8,0.3560772240161896,n5352835009_CH_18,An aerial image. It shows: Pylon for aerialway.,/data/tessera_dataset/image-emb-text/images4/n5352835009_CH_18.jpg,8.210909540858921,46.73511050920223,True,0.98,"A prominent aerialway pylon with crossarms, cable lines, and a concrete-looking base is clearly visible."
gated_highres,Pylon for aerialway,9,0.3560772240161896,n3969209273_CH_18,An aerial image. It shows: Pylon used for aerialway.,/data/tessera_dataset/image-emb-text/images5/n3969209273_CH_18.jpg,8.214137522697197,46.758741575955725,True,0.96,A support tower with crossarms and a connected cable is visibly present in the grass.
gated_highres,Pylon for aerialway,10,0.3560772240161896,n6504660870_CH_19,An aerial image. It shows: Pylon used for aerialway.,/data/tessera_dataset/image-emb-text/images6/n6504660870_CH_19.jpg,9.64995002355851,46.78166483458327,True,0.98,A clear pylon structure with crossarms and an attached cable line is visible.
gated_highres,Residential road,1,0.3777996301651001,w380343924_US_21,An aerial image. It shows: Residential road with asphalt surface.,/data/tessera_dataset/image-emb-text/images6/w380343924_US_21.jpg,-111.75749148764166,33.259581185780526,True,0.99,Multiple paved streets visibly intersect within a dense residential neighborhood of houses and landscaped yards.
gated_highres,Residential road,2,0.3777996301651001,w521784714_US_21,An aerial image. It shows: Residential road.,/data/tessera_dataset/image-emb-text/images4/w521784714_US_21.jpg,-111.72188564025925,33.21342623653784,True,0.99,A paved residential street grid is clearly visible between detached homes and front yards.
gated_highres,Residential road,3,0.3777996301651001,w37680191_US_21,An aerial image. It shows: Asphalt road in residential area.,/data/tessera_dataset/image-emb-text/images3/w37680191_US_21.jpg,-111.71629229069117,33.27691384959251,True,0.99,"Several paved roads, including a curved residential street, are visibly surrounded by houses and residential lots."
gated_highres,Residential road,4,0.3777996301651001,a1157331719_US_22,An aerial image. It shows: This residential area consists of single-family homes.,/data/tessera_dataset/image-emb-text/images5/a1157331719_US_22.jpg,-87.27176261385424,30.384428099217004,True,0.93,A narrow paved road is visible running through a wooded residential area with scattered homes and yards.
gated_highres,Residential road,5,0.3777996301651001,n7925310854_US_19,An aerial image. It shows: Marked road crossing.,/data/tessera_dataset/image-emb-text/images6/n7925310854_US_19.jpg,-114.978108,36.0817155,True,0.94,A prominent paved road and intersecting streets are visibly bordered by rows of residential buildings.
gated_highres,Residential road,6,0.3777996301651001,w674305398_US_18,An aerial image. It shows: Alley classified as service road.,/data/tessera_dataset/image-emb-text/images7/w674305398_US_18.jpg,-103.21206004010732,34.426895370078114,True,0.99,Straight paved residential roads are clearly visible among closely spaced houses and small yards.
gated_highres,Residential road,7,0.3777996301651001,w116343753_CH_20,An aerial image. It shows: Living street.,/data/tessera_dataset/image-emb-text/images5/w116343753_CH_20.jpg,6.941993,46.2470046,True,0.99,"A paved local road is visibly bordered by houses, driveways, parked cars, and residential landscaping."
gated_highres,Residential road,8,0.3777996301651001,w1083405325_US_21,An aerial image. It shows: Residential road.,/data/tessera_dataset/image-emb-text/images7/w1083405325_US_21.jpg,-111.76640830259574,33.219684654061524,True,0.99,"Residential streets are clearly visible alongside houses, with a larger divided roadway crossing the bottom of the image."
gated_highres,Residential road,9,0.3777996301651001,n8869901643_US_21,An aerial image. It shows: Road with stop sign.,/data/tessera_dataset/image-emb-text/images7/n8869901643_US_21.jpg,-89.89212622987543,35.92451177350406,True,0.85,A narrow linear roadway or local street is visibly present through a heavily wooded area containing residential homes.
gated_highres,Residential road,10,0.3777996301651001,w11321772_US_19,An aerial image. It shows: Residential road.,/data/tessera_dataset/image-emb-text/images4/w11321772_US_19.jpg,-81.18571360573918,28.676264432942656,True,0.97,"A paved local road runs through a visibly residential area with detached homes, yards, and intersecting streets."
gated_highres,Road serving as parking aisle,1,0.37098103761672974,n10069266836_CH_20,An aerial image. It shows: Lift gate barrier.,/data/tessera_dataset/image-emb-text/images3/n10069266836_CH_20.jpg,6.953407756452495,46.261068261509706,True,0.98,A broad paved drive aisle is visibly running between marked parking spaces and parked vehicles.
gated_highres,Road serving as parking aisle,2,0.37098103761672974,a1076125927_CH_20,An aerial image. It shows: Street-side parking area with asphalt surface.,/data/tessera_dataset/image-emb-text/images6/a1076125927_CH_20.jpg,6.9523137,46.25812525,True,0.9,The image visibly shows marked parking spaces accessed from a paved lane serving the parking row.
gated_highres,Road serving as parking aisle,3,0.37098103761672974,w197853088_CH_20,An aerial image. It shows: Asphalt parking aisle road for service vehicles.,/data/tessera_dataset/image-emb-text/images3/w197853088_CH_20.jpg,6.8669129254609365,46.45566309646671,True,0.99,A clearly visible paved roadway runs alongside and serves multiple rows of marked parking spaces.
gated_highres,Road serving as parking aisle,4,0.37098103761672974,w230525077_CH_20,An aerial image. It shows: Asphalt parking aisle road.,/data/tessera_dataset/image-emb-text/images3/w230525077_CH_20.jpg,6.953823764715303,46.26028680550489,True,0.98,A paved parking-lot aisle is visibly positioned between marked parking bays with vehicles on both sides.
gated_highres,Road serving as parking aisle,5,0.37098103761672974,a1099919770_CH_20,An aerial image. It shows: Parking area with asphalt surface.,/data/tessera_dataset/image-emb-text/images3/a1099919770_CH_20.jpg,6.953361,46.260998,True,0.99,The broad paved area visibly functions as a drive aisle connecting and serving several marked parking spaces.
gated_highres,Road serving as parking aisle,6,0.37098103761672974,w332095520_CH_20,An aerial image. It shows: Road serving as parking aisle.,/data/tessera_dataset/image-emb-text/images5/w332095520_CH_20.jpg,5.9765259051469535,46.183324573971746,True,0.96,An open paved aisle is visibly surrounded by parking stalls and parked cars.
gated_highres,Road serving as parking aisle,7,0.37098103761672974,a1073951748_CH_20,An aerial image. It shows: Street-side parking area with asphalt surface.,/data/tessera_dataset/image-emb-text/images5/a1073951748_CH_20.jpg,6.94112072603186,46.27409500779136,True,0.98,A paved road-like lane visibly serves multiple marked parking spaces around the building.
gated_highres,Road serving as parking aisle,8,0.37098103761672974,n931520601_CH_20,An aerial image. It shows: Car sharing facility.,/data/tessera_dataset/image-emb-text/images3/n931520601_CH_20.jpg,6.5521079103780995,46.54783992658364,True,0.98,A paved parking aisle is clearly visible between rows of marked spaces and parked vehicles.
gated_highres,Road serving as parking aisle,9,0.37098103761672974,w999539670_CH_20,An aerial image. It shows: Hedge barrier.,/data/tessera_dataset/image-emb-text/images6/w999539670_CH_20.jpg,7.300283580455635,46.21809318373223,True,0.97,A broad paved aisle visibly provides access to marked parking spaces along its edges.
gated_highres,Road serving as parking aisle,10,0.37098103761672974,n8842035211_CH_20,An aerial image. It shows: Charging station.,/data/tessera_dataset/image-emb-text/images3/n8842035211_CH_20.jpg,6.9587102549603355,46.26934893547721,True,0.97,A paved lane is visibly adjacent to and serving a row of marked parking spaces with parked vehicles.
gated_highres,Road with traffic signals,1,0.37642040848731995,n4746400114_CH_20,An aerial image. It shows: Road crossing with traffic signals.,/data/tessera_dataset/image-emb-text/images5/n4746400114_CH_20.jpg,7.364543335767314,46.229499822110014,True,0.98,"A signalized road intersection is visible with traffic-signal poles or heads, vehicle lanes, and a marked crosswalk."
gated_highres,Road with traffic signals,2,0.37642040848731995,n3395116518_CH_20,An aerial image. It shows: Road with traffic signals.,/data/tessera_dataset/image-emb-text/images7/n3395116518_CH_20.jpg,6.8964664,46.443228,True,0.95,The image shows a multi-lane road intersection with visible traffic-signal equipment and a yellow striped crosswalk.
gated_highres,Road with traffic signals,3,0.37642040848731995,n9350641769_CH_20,An aerial image. It shows: Marked road crossing with pedestrian island.,/data/tessera_dataset/image-emb-text/images5/n9350641769_CH_20.jpg,6.841499224202676,46.46318272925378,True,0.99,"Multiple traffic-signal poles or heads are visibly positioned around the intersection, which has several marked crosswalks."
gated_highres,Road with traffic signals,4,0.37642040848731995,n1444557220_CH_20,An aerial image. It shows: Marked road crossing with pedestrian island.,/data/tessera_dataset/image-emb-text/images5/n1444557220_CH_20.jpg,6.584109087889578,46.53810364421099,True,0.96,A road junction with yellow crosswalks and visible traffic-signal poles or heads is clearly present.
gated_highres,Road with traffic signals,5,0.37642040848731995,n4858136008_CH_19,"An aerial image. It shows: Road with ""give way"" sign.",/data/tessera_dataset/image-emb-text/images5/n4858136008_CH_19.jpg,8.94880554621718,47.24347805453293,True,0.78,"Despite lower image clarity, dark traffic-signal poles or heads are visible around the road intersection."
gated_highres,Road with traffic signals,6,0.37642040848731995,n412214676_CH_19,An aerial image. It shows: Road crossing with traffic signals and island.,/data/tessera_dataset/image-emb-text/images7/n412214676_CH_19.jpg,9.5343099,46.8595418,True,0.94,The image visibly shows a signalized multi-lane intersection with a yellow crosswalk and traffic-signal equipment.
gated_highres,Road with traffic signals,7,0.37642040848731995,n2338164038_CH_19,An aerial image. It shows: Railway crossing.,/data/tessera_dataset/image-emb-text/images4/n2338164038_CH_19.jpg,9.531905842530058,46.84743305818725,True,0.97,"Traffic-signal poles or heads are visible at the intersection, alongside marked crosswalks, lanes, and vehicles."
gated_highres,Road with traffic signals,8,0.37642040848731995,n406736214_CH_20,An aerial image. It shows: Road crossing with traffic signals.,/data/tessera_dataset/image-emb-text/images5/n406736214_CH_20.jpg,6.581594717327163,46.52543730282672,True,0.84,A road junction with a yellow crosswalk and visible traffic-signal equipment at the left side is present.
gated_highres,Road with traffic signals,9,0.37642040848731995,n1628211291_CH_19,An aerial image. It shows: Uncontrolled zebra crossing with pedestrian island.,/data/tessera_dataset/image-emb-text/images5/n1628211291_CH_19.jpg,8.709545904452888,47.351197459082684,True,0.83,The aerial view shows a road with marked crosswalks and visible signal poles or heads near the intersection.
gated_highres,Road with traffic signals,10,0.37642040848731995,n256186998_CH_20,An aerial image. It shows: Road with traffic signals controlling the flow of traffic.,/data/tessera_dataset/image-emb-text/images3/n256186998_CH_20.jpg,6.9243564,46.3801943,True,0.86,A multi-lane road and crosswalk are visible with traffic-signal poles and signal fixtures along the roadside.
gated_highres,Rough area on grassy golf course,1,0.3535919189453125,a1037453817_US_19,An aerial image. It shows: Rough golf area with grass surface.,/data/tessera_dataset/image-emb-text/images6/a1037453817_US_19.jpg,-114.0554314,36.829894100000004,True,0.9,"Broad grassy golf-course area with visibly varied, less-manicured grass bordering curved cart paths and landscaped greens."
gated_highres,Rough area on grassy golf course,2,0.3535919189453125,a839513484_US_21,An aerial image. It shows: Golf bunker filled with sandy terrain.,/data/tessera_dataset/image-emb-text/images2/a839513484_US_21.jpg,-80.86368138481691,32.2949803209683,True,0.98,"Aerial view clearly shows golf fairways, greens, bunkers, and surrounding longer grass and trees forming rough areas."
gated_highres,Rough area on grassy golf course,3,0.3535919189453125,a945846948_US_21,An aerial image. It shows: Area with grass used as rough in golf course.,/data/tessera_dataset/image-emb-text/images7/a945846948_US_21.jpg,-80.00418116347804,32.61201532361062,True,0.98,"A visibly rough, irregularly vegetated grassy strip lies between manicured golf-course fairways, paths, and greens."
gated_highres,Rough area on grassy golf course,4,0.3535919189453125,a834715305_US_19,An aerial image. It shows: Golf fairway surrounded by grass.,/data/tessera_dataset/image-emb-text/images6/a834715305_US_19.jpg,-92.82342185272276,44.95583128327951,True,0.97,Multiple manicured fairways and greens are bordered by visibly less-maintained grassy areas and vegetation.
gated_highres,Rough area on grassy golf course,5,0.3535919189453125,a1131069115_US_19,An aerial image. It shows: Golf bunker.,/data/tessera_dataset/image-emb-text/images7/a1131069115_US_19.jpg,-78.58372257829274,33.93004919008712,True,0.97,"Golf fairway and bunkers are clearly visible, surrounded by wooded and rough grassy margins."
gated_highres,Rough area on grassy golf course,6,0.3535919189453125,w947950974_US_21,An aerial image. It shows: Path for both roads and golfers.,/data/tessera_dataset/image-emb-text/images2/w947950974_US_21.jpg,-73.93420909630123,40.927143814402875,True,0.96,"The image shows golf greens and fairway bands beside visibly uneven, longer grassy and vegetated rough."
gated_highres,Rough area on grassy golf course,7,0.3535919189453125,a119113319_US_21,An aerial image. It shows: Water hazard on golf course. The hazard is natural water feature.,/data/tessera_dataset/image-emb-text/images7/a119113319_US_21.jpg,-111.78305658681103,33.21470626342803,True,0.92,"A golf-course hole with green, fairway, bunkers, water, and broad visibly patchy rough grass is present."
gated_highres,Rough area on grassy golf course,8,0.3535919189453125,a1005072759_US_21,An aerial image. It shows: Golf bunker filled with natural sand.,/data/tessera_dataset/image-emb-text/images6/a1005072759_US_21.jpg,-81.76687958532503,26.244769944906533,True,0.96,"A manicured golf fairway and bunkers are bordered by rough grass, trees, and a water hazard."
gated_highres,Rough area on grassy golf course,9,0.3535919189453125,a932506824_US_17,An aerial image. It shows: Golf fairway surrounded by grass.,/data/tessera_dataset/image-emb-text/images5/a932506824_US_17.jpg,-80.33487408138488,32.48396500149663,True,0.9,"Large golf-course grounds with fairways, water hazards, trees, and visibly less-manicured grassy rough between playing areas."
gated_highres,Rough area on grassy golf course,10,0.3535919189453125,w1063051138_US_21,An aerial image. It shows: Path on bridge over golf course.,/data/tessera_dataset/image-emb-text/images5/w1063051138_US_21.jpg,-81.08398961165543,32.09031652874921,True,0.96,Several golf greens and fairways are separated by broad irregular grassy and vegetated rough areas.
gated_highres,Secondary road with asphalt surface,1,0.3726891279220581,w689246735_US_21,An aerial image. It shows: Solid stop line on the road.,/data/tessera_dataset/image-emb-text/images5/w689246735_US_21.jpg,-111.72811095446869,33.219213894722614,False,0.98,A wide divided multi-lane arterial road dominates the image; no visibly distinct secondary road is present.
gated_highres,Secondary road with asphalt surface,2,0.3726891279220581,w383935055_US_21,An aerial image. It shows: Tertiary road with asphalt surface.,/data/tessera_dataset/image-emb-text/images6/w383935055_US_21.jpg,-111.72070849934576,33.25801339700788,False,0.96,"The image shows a broad divided arterial road beside undeveloped land, with only minor access pavement visible."
gated_highres,Secondary road with asphalt surface,3,0.3726891279220581,w530515328_US_21,An aerial image. It shows: Secondary road with asphalt surface.,/data/tessera_dataset/image-emb-text/images7/w530515328_US_21.jpg,-111.72071013244441,33.25822712611081,False,0.96,A broad divided arterial road dominates the image; the visible side streets are minor access areas rather than a clear secondary road.
gated_highres,Secondary road with asphalt surface,4,0.3726891279220581,w436797473_US_21,An aerial image. It shows: Secondary road with asphalt surface.,/data/tessera_dataset/image-emb-text/images6/w436797473_US_21.jpg,-112.2441575,33.5377348,False,0.9,"The dominant paved roadway is a wide divided arterial, with parking-lot access lanes and driveways around it."
gated_highres,Secondary road with asphalt surface,5,0.3726891279220581,w785745356_US_21,An aerial image. It shows: Solid stop line on the road marking.,/data/tessera_dataset/image-emb-text/images5/w785745356_US_21.jpg,-112.2638150556902,33.58081768033139,False,0.92,The central feature is a wide divided arterial intersection surrounded by parking lots and commercial access lanes.
gated_highres,Secondary road with asphalt surface,6,0.3726891279220581,n10794269098_US_19,An aerial image. It shows: Unmarked road crossing.,/data/tessera_dataset/image-emb-text/images5/n10794269098_US_19.jpg,-111.72108940999047,33.29322604438021,False,0.97,A large divided multi-lane arterial with heavy traffic dominates the image; no clear secondary road is the primary visible feature.
gated_highres,Secondary road with asphalt surface,7,0.3726891279220581,n10813031830_CH_19,"An aerial image. It shows: Road with ""give way"" sign.",/data/tessera_dataset/image-emb-text/images5/n10813031830_CH_19.jpg,8.950796172614961,47.2046168184007,True,0.98,"A clearly visible asphalt roadway with lane arrows, dashed markings, and a marked junction is shown; its scale and configuration are consistent with a secondary road."
gated_highres,Secondary road with asphalt surface,8,0.3726891279220581,w436794169_US_19,An aerial image. It shows: Secondary road with asphalt surface.,/data/tessera_dataset/image-emb-text/images7/w436794169_US_19.jpg,-111.75528852365937,33.275494717714764,False,0.96,The image is dominated by a broad divided arterial road alongside a parking area and fields.
gated_highres,Secondary road with asphalt surface,9,0.3726891279220581,w530515275_US_21,An aerial image. It shows: Secondary road with asphalt surface.,/data/tessera_dataset/image-emb-text/images3/w530515275_US_21.jpg,-111.72062300379446,33.28099807414272,False,0.94,"A broad divided arterial road dominates the image, with residential driveways and local access streets beside it."
gated_highres,Secondary road with asphalt surface,10,0.3726891279220581,w530525289_US_21,An aerial image. It shows: Primary road with asphalt surface.,/data/tessera_dataset/image-emb-text/images6/w530525289_US_21.jpg,-111.71858636124333,33.219141904848115,False,0.95,"The visible paved roadway is a wide divided road beside undeveloped land, not a clearly identifiable secondary road."
gated_highres,Silo,1,0.3653733432292938,n8372554316_US_21,An aerial image. It shows: Silo.,/data/tessera_dataset/image-emb-text/images2/n8372554316_US_21.jpg,-101.7139534167386,39.76436591609103,True,0.99,Multiple large cylindrical silos are clearly visible near the center and along the upper edge of the farm complex.
gated_highres,Silo,2,0.3653733432292938,n8372554314_US_21,An aerial image. It shows: Silo.,/data/tessera_dataset/image-emb-text/images3/n8372554314_US_21.jpg,-101.71414894701408,39.76442620500298,True,0.99,Several cylindrical storage silos are clearly visible in two rows within the agricultural facility.
gated_highres,Silo,3,0.3653733432292938,n8288269228_US_20,An aerial image. It shows: Silo.,/data/tessera_dataset/image-emb-text/images6/n8288269228_US_20.jpg,-102.3405594,41.4043321,True,0.99,"A cluster of multiple round, cylindrical silos is clearly visible beside the farm buildings."
gated_highres,Silo,4,0.3653733432292938,n2691981237_US_19,An aerial image. It shows: Silo.,/data/tessera_dataset/image-emb-text/images4/n2691981237_US_19.jpg,-102.25830879662313,38.82723915549638,True,0.97,A small group of cylindrical silos is visibly arranged near the center of the farm property.
gated_highres,Silo,5,0.3653733432292938,n5426983293_US_20,An aerial image. It shows: Silo.,/data/tessera_dataset/image-emb-text/images6/n5426983293_US_20.jpg,-98.45410515282447,45.376813680982664,True,0.99,A long row of numerous cylindrical silos is clearly visible along the left-center of the farm complex.
gated_highres,Silo,6,0.3653733432292938,n7092212155_US_19,An aerial image. It shows: Silo.,/data/tessera_dataset/image-emb-text/images5/n7092212155_US_19.jpg,-89.46921906423403,42.27624552381476,True,0.82,"Cylindrical storage tanks or silos are visibly present around the farm buildings, including a prominent round tank near the upper right."
gated_highres,Silo,7,0.3653733432292938,n9007230724_US_19,An aerial image. It shows: Silo.,/data/tessera_dataset/image-emb-text/images4/n9007230724_US_19.jpg,-93.74904183942155,44.436780215266545,True,0.99,A dense cluster of large cylindrical silos is clearly visible in the left-center storage yard.
gated_highres,Silo,8,0.3653733432292938,n9957171550_US_21,An aerial image. It shows: Silo.,/data/tessera_dataset/image-emb-text/images6/n9957171550_US_21.jpg,-91.1954565,33.0280669,True,0.99,A prominent circular cluster of multiple cylindrical silos is clearly visible beside the large farm building.
gated_highres,Silo,9,0.3653733432292938,n9957171552_US_21,An aerial image. It shows: Silo.,/data/tessera_dataset/image-emb-text/images5/n9957171552_US_21.jpg,-91.1956242,33.0281108,True,0.99,Multiple large cylindrical silos are clearly visible in a circular cluster near the upper center.
gated_highres,Silo,10,0.3653733432292938,n9007230721_US_19,An aerial image. It shows: Silo.,/data/tessera_dataset/image-emb-text/images7/n9007230721_US_19.jpg,-93.7498278,44.4367697,True,0.99,A row of several large cylindrical silos is clearly visible across the center of the agricultural facility.
gated_highres,Soccer pitch designated for leisure and sports activities,1,0.3510145843029022,a607388927_US_21,An aerial image. It shows: Multi-sport pitch for leisure land activities.,/data/tessera_dataset/image-emb-text/images4/a607388927_US_21.jpg,-104.7821611134996,38.738628218458075,True,0.99,"Aerial view clearly shows multiple marked soccer pitches with rectangular boundaries, center circles, penalty areas, and goals."
gated_highres,Soccer pitch designated for leisure and sports activities,2,0.3510145843029022,a473663363_US_21,An aerial image. It shows: Soccer pitch for outdoor sports and leisure activities.,/data/tessera_dataset/image-emb-text/images4/a473663363_US_21.jpg,-91.12804535234628,42.480317412487835,True,0.99,"Several clearly marked soccer pitches are visible, including center circles, penalty areas, and goals."
gated_highres,Soccer pitch designated for leisure and sports activities,3,0.3510145843029022,a857426123_US_21,An aerial image. It shows: Soccer pitch for leisure land activities.,/data/tessera_dataset/image-emb-text/images5/a857426123_US_21.jpg,-89.57930852361173,40.79313919102128,True,0.99,"Two adjacent soccer pitches are visibly marked with boundaries, center circles, penalty areas, and goals."
gated_highres,Soccer pitch designated for leisure and sports activities,4,0.3510145843029022,a592437936_US_21,An aerial image. It shows: Soccer pitch for outdoor sports and leisure activities.,/data/tessera_dataset/image-emb-text/images6/a592437936_US_21.jpg,-94.3585441814381,35.32349926662438,True,0.97,"A marked rectangular soccer pitch is clearly visible with a center circle, penalty areas, and goals."
gated_highres,Soccer pitch designated for leisure and sports activities,5,0.3510145843029022,a192293189_US_19,An aerial image. It shows: Soccer pitch for leisure land activities.,/data/tessera_dataset/image-emb-text/images5/a192293189_US_19.jpg,-74.70630875,40.9345132,True,0.75,A grassy sports field with faint rectangular soccer-pitch markings and a visible goal is present.
gated_highres,Soccer pitch designated for leisure and sports activities,6,0.3510145843029022,a695496113_US_19,An aerial image. It shows: Soccer pitch for leisure land activities.,/data/tessera_dataset/image-emb-text/images4/a695496113_US_19.jpg,-75.3082218,40.660396950000006,True,0.98,"A full soccer pitch is clearly visible with field boundaries, center circle, penalty areas, and goals."
gated_highres,Soccer pitch designated for leisure and sports activities,7,0.3510145843029022,a579093203_US_21,An aerial image. It shows: Soccer pitch for leisureland activities.,/data/tessera_dataset/image-emb-text/images6/a579093203_US_21.jpg,-78.8773104,42.6630079,True,0.97,"A clearly marked soccer pitch is visible, including the center circle, penalty areas, boundary lines, and goals."
gated_highres,Soccer pitch designated for leisure and sports activities,8,0.3510145843029022,a28693801_US_19,An aerial image. It shows: Cricket pitch for leisure and sports activities.,/data/tessera_dataset/image-emb-text/images2/a28693801_US_19.jpg,-74.69678257760441,39.43877799041422,True,0.96,"A marked soccer pitch is clearly visible beside a path and baseball field, with a center circle, penalty areas, and goals."
gated_highres,Soccer pitch designated for leisure and sports activities,9,0.3510145843029022,a441783309_US_18,"An aerial image. It shows: Soccer pitch with grass surface, designated for leisure land use.",/data/tessera_dataset/image-emb-text/images7/a441783309_US_18.jpg,-72.18404699999999,41.7007964,True,0.98,"A large grassy area visibly contains marked soccer pitches with center circles, penalty areas, boundaries, and goals."
gated_highres,Soccer pitch designated for leisure and sports activities,10,0.3510145843029022,a948500583_US_19,An aerial image. It shows: Soccer pitch for leisureland activities.,/data/tessera_dataset/image-emb-text/images7/a948500583_US_19.jpg,-83.17639082361381,40.13565900593159,True,0.97,"A clearly marked soccer pitch is visible with a center circle, penalty areas, boundary lines, and goals."
gated_highres,Soccer pitch for leisureland activities,1,0.35151466727256775,a607388927_US_21,An aerial image. It shows: Multi-sport pitch for leisure land activities.,/data/tessera_dataset/image-emb-text/images4/a607388927_US_21.jpg,-104.7821611134996,38.738628218458075,True,0.99,"Multiple clearly marked soccer pitches with center circles, penalty areas, and goals are visible."
gated_highres,Soccer pitch for leisureland activities,2,0.35151466727256775,a857426123_US_21,An aerial image. It shows: Soccer pitch for leisure land activities.,/data/tessera_dataset/image-emb-text/images5/a857426123_US_21.jpg,-89.57930852361173,40.79313919102128,True,0.99,"Two fully marked soccer pitches with center circles, goals, and penalty boxes are clearly visible."
gated_highres,Soccer pitch for leisureland activities,3,0.35151466727256775,a473663363_US_21,An aerial image. It shows: Soccer pitch for outdoor sports and leisure activities.,/data/tessera_dataset/image-emb-text/images4/a473663363_US_21.jpg,-91.12804535234628,42.480317412487835,True,0.99,"Several clearly marked soccer pitches with center circles, field boundaries, and goals are visible."
gated_highres,Soccer pitch for leisureland activities,4,0.35151466727256775,a847831033_US_18,An aerial image. It shows: Soccer pitch for leisureland activities.,/data/tessera_dataset/image-emb-text/images4/a847831033_US_18.jpg,-100.7797816,46.7752574,True,0.99,"A large clearly marked soccer pitch with center circles, penalty areas, sidelines, and goals is visible."
gated_highres,Soccer pitch for leisureland activities,5,0.35151466727256775,a228385221_US_19,"An aerial image. It shows: Soccer pitch with grass surface, designated for leisure land use.",/data/tessera_dataset/image-emb-text/images7/a228385221_US_19.jpg,-81.54509000484441,28.73254107348547,False,0.86,"The image shows a grassy area with trees but no visibly clear soccer pitch markings, goals, or other soccer-specific features."
gated_highres,Soccer pitch for leisureland activities,6,0.35151466727256775,a192293189_US_19,An aerial image. It shows: Soccer pitch for leisure land activities.,/data/tessera_dataset/image-emb-text/images5/a192293189_US_19.jpg,-74.70630875,40.9345132,False,0.72,"The image shows an open grassy area with faint indistinct lines, but no clearly identifiable soccer pitch or goals."
gated_highres,Soccer pitch for leisureland activities,7,0.35151466727256775,a184390207_CH_18,An aerial image. It shows: Pitch for leisure activities.,/data/tessera_dataset/image-emb-text/images7/a184390207_CH_18.jpg,7.4929088712506555,46.85995309062412,True,0.88,"A grass sports field with two visible soccer goals is shown, indicating soccer-pitch land use despite faint field markings."
gated_highres,Soccer pitch for leisureland activities,8,0.35151466727256775,a592437936_US_21,An aerial image. It shows: Soccer pitch for outdoor sports and leisure activities.,/data/tessera_dataset/image-emb-text/images6/a592437936_US_21.jpg,-94.3585441814381,35.32349926662438,True,0.97,A clearly outlined and marked soccer pitch with goals is visible.
gated_highres,Soccer pitch for leisureland activities,9,0.35151466727256775,a689514477_CH_19,An aerial image. It shows: Soccer pitch with grass surface for leisure and sports.,/data/tessera_dataset/image-emb-text/images7/a689514477_CH_19.jpg,8.9221261725963,47.274154410134194,True,0.68,"A soccer goal is clearly visible on an expansive maintained grass field, providing visible evidence of a soccer pitch although markings are absent."
gated_highres,Soccer pitch for leisureland activities,10,0.35151466727256775,a951224142_US_21,An aerial image. It shows: Soccer pitch for leisure land activities.,/data/tessera_dataset/image-emb-text/images7/a951224142_US_21.jpg,-83.35246951930607,41.516996563103525,True,0.82,An expansive grass field contains multiple visible soccer goals and faint field markings consistent with a soccer pitch.
gated_highres,Storage tank with man-made structure,1,0.35115984082221985,a1070730461_US_20,An aerial image. It shows: Storage tank created as man-made structure.,/data/tessera_dataset/image-emb-text/images6/a1070730461_US_20.jpg,-97.40458383347428,27.818210492189657,True,0.99,Large circular storage tank with surrounding industrial roads and structures is clearly visible.
gated_highres,Storage tank with man-made structure,2,0.35115984082221985,n9515512962_US_20,An aerial image. It shows: Storage tank with man-made structure.,/data/tessera_dataset/image-emb-text/images4/n9515512962_US_20.jpg,-103.07309582717028,47.818705537414296,True,0.97,Multiple cylindrical storage tanks are visibly arranged in a constructed industrial area.
gated_highres,Storage tank with man-made structure,3,0.35115984082221985,n9515512751_US_20,An aerial image. It shows: Storage tank with man-made structure.,/data/tessera_dataset/image-emb-text/images6/n9515512751_US_20.jpg,-103.09498690606571,47.81970397058839,True,0.96,A long row of cylindrical tanks and additional industrial equipment are clearly visible.
gated_highres,Storage tank with man-made structure,4,0.35115984082221985,n9526122000_US_20,An aerial image. It shows: Storage tank with man-made structure.,/data/tessera_dataset/image-emb-text/images5/n9526122000_US_20.jpg,-103.02123859444086,47.84609822605451,True,0.96,Several cylindrical storage tanks are visibly grouped within a man-made compound.
gated_highres,Storage tank with man-made structure,5,0.35115984082221985,n9515512770_US_19,An aerial image. It shows: Storage tank with man-made structure.,/data/tessera_dataset/image-emb-text/images7/n9515512770_US_19.jpg,-103.08567895836602,47.81872886634038,True,0.94,A row of cylindrical tanks is visible beside graded roads and industrial equipment.
gated_highres,Storage tank with man-made structure,6,0.35115984082221985,n9526122002_US_19,An aerial image. It shows: Storage tank with man-made structure.,/data/tessera_dataset/image-emb-text/images7/n9526122002_US_19.jpg,-103.02129849385841,47.846284964403175,True,0.96,Multiple storage tanks are clearly visible in a developed industrial site.
gated_highres,Storage tank with man-made structure,7,0.35115984082221985,a1041027881_US_20,An aerial image. It shows: Storage tank which is man-made.,/data/tessera_dataset/image-emb-text/images4/a1041027881_US_20.jpg,-97.436585066639,27.811307350957286,True,0.99,Large circular storage tank and associated man-made infrastructure are clearly visible.
gated_highres,Storage tank with man-made structure,8,0.35115984082221985,a705262725_US_18,An aerial image. It shows: Storage tank building.,/data/tessera_dataset/image-emb-text/images5/a705262725_US_18.jpg,-93.97981387059008,29.998072962813307,True,0.99,Numerous large circular storage tanks with surrounding industrial infrastructure are clearly visible.
gated_highres,Storage tank with man-made structure,9,0.35115984082221985,n9526121989_US_20,An aerial image. It shows: Storage tank with man-made structure.,/data/tessera_dataset/image-emb-text/images6/n9526121989_US_20.jpg,-103.02156381562509,47.84672705485305,True,0.85,The lower portion visibly contains a row of cylindrical storage tanks within a constructed site.
gated_highres,Storage tank with man-made structure,10,0.35115984082221985,a97803243_US_20,An aerial image. It shows: Storage tank created as man-made structure.,/data/tessera_dataset/image-emb-text/images5/a97803243_US_20.jpg,-97.49002219768751,27.813154721553936,True,0.99,Several large circular storage tanks connected by visible man-made walkways and piping are clearly present.
gated_highres,Supermarket,1,0.36867305636405945,a1006371017_US_19,An aerial image. It shows: Supermarket building.,/data/tessera_dataset/image-emb-text/images4/a1006371017_US_19.jpg,-122.48447371719442,48.7677430393636,True,0.78,Large low-rise retail building with an extensive customer parking lot surrounding it.
gated_highres,Supermarket,2,0.36867305636405945,a47681734_US_18,An aerial image. It shows: Commercial building.,/data/tessera_dataset/image-emb-text/images6/a47681734_US_18.jpg,-78.578620236264,35.84595000234481,True,0.62,Long commercial retail building directly adjacent to a sizable parking area.
gated_highres,Supermarket,3,0.36867305636405945,a990149071_US_21,An aerial image. It shows: Supermarket building.,/data/tessera_dataset/image-emb-text/images6/a990149071_US_21.jpg,-92.16114838596295,32.51837354641969,True,0.86,Large retail building with a very extensive parking lot densely filled with customer vehicles.
gated_highres,Supermarket,4,0.36867305636405945,n535843793_US_21,An aerial image. It shows: Supermarket.,/data/tessera_dataset/image-emb-text/images6/n535843793_US_21.jpg,-105.13994004199616,39.76426509326471,True,0.74,Large standalone commercial building bordered by marked parking areas and access lanes.
gated_highres,Supermarket,5,0.36867305636405945,n9293619704_US_22,An aerial image. It shows: Parking space.,/data/tessera_dataset/image-emb-text/images7/n9293619704_US_22.jpg,-87.2740953,30.3876321,True,0.73,Broad white-roofed retail structure next to a large customer parking lot.
gated_highres,Supermarket,6,0.36867305636405945,n6392755486_US_20,An aerial image. It shows: Convenience shop.,/data/tessera_dataset/image-emb-text/images6/n6392755486_US_20.jpg,-85.6318844510063,38.28320022402886,True,0.55,"Retail complex with multiple large buildings and substantial surrounding parking, though the specific supermarket footprint is less distinct."
gated_highres,Supermarket,7,0.36867305636405945,a131635759_US_19,An aerial image. It shows: Building that houses supermarket.,/data/tessera_dataset/image-emb-text/images4/a131635759_US_19.jpg,-116.55259105317108,48.279389884585996,True,0.77,Large retail building with extensive parking on multiple sides and visible loading/service access.
gated_highres,Supermarket,8,0.36867305636405945,n7057225782_US_20,An aerial image. It shows: Parking space is available.,/data/tessera_dataset/image-emb-text/images4/n7057225782_US_20.jpg,-95.50431416525396,29.73937792372901,True,0.69,Large commercial building beside a broad marked parking lot with customer vehicles.
gated_highres,Supermarket,9,0.36867305636405945,a878575495_US_18,An aerial image. It shows: Department store.,/data/tessera_dataset/image-emb-text/images7/a878575495_US_18.jpg,-117.83844902188488,33.825380416326595,True,0.58,Very large interconnected retail complex with multiple parking areas and service/loading spaces.
gated_highres,Supermarket,10,0.36867305636405945,n7057225829_US_20,An aerial image. It shows: Parking space.,/data/tessera_dataset/image-emb-text/images4/n7057225829_US_20.jpg,-95.50431120853939,29.739388935997297,True,0.68,Large retail building and an extensive marked customer parking lot are clearly visible.
gated_highres,University building,1,0.3676797151565552,a261965323_US_21,An aerial image. It shows: University building. It belongs to university.,/data/tessera_dataset/image-emb-text/images2/a261965323_US_21.jpg,-90.73471501196872,33.74553349907039,True,0.78,"Multiple substantial buildings are arranged in a landscaped, tree-lined setting with paved paths and access roads, consistent with a university campus."
gated_highres,University building,2,0.3676797151565552,a220913587_US_18,An aerial image. It shows: Public building.,/data/tessera_dataset/image-emb-text/images2/a220913587_US_18.jpg,-121.91136689999999,37.34963985,True,0.55,"A large institutional-looking building with a broad flat roof and surrounding trees is clearly visible, though the image provides limited campus context."
gated_highres,University building,3,0.3676797151565552,a709381286_US_21,An aerial image. It shows: Building that serves as library.,/data/tessera_dataset/image-emb-text/images6/a709381286_US_21.jpg,-81.05547525,29.284432000000002,False,0.58,"The image shows a low-rise flat-roof structure and paved surroundings, but there are no clear visual cues distinguishing it as a university building."
gated_highres,University building,4,0.3676797151565552,a295884426_US_21,An aerial image. It shows: Clinic building providing healthcare services.,/data/tessera_dataset/image-emb-text/images5/a295884426_US_21.jpg,-103.20326705076681,44.09087710349267,True,0.85,"A sizable formal building sits within landscaped grounds, with organized parking areas, drives, and pedestrian paths typical of an academic campus."
gated_highres,University building,5,0.3676797151565552,a28202023_US_21,An aerial image. It shows: University building.,/data/tessera_dataset/image-emb-text/images5/a28202023_US_21.jpg,-74.99868342964875,44.6621239377513,True,0.95,"A large campus-style building complex is surrounded by extensive pedestrian paths, landscaped open space, and multiple substantial parking lots."
gated_highres,University building,6,0.3676797151565552,a163674676_US_19,An aerial image. It shows: College building.,/data/tessera_dataset/image-emb-text/images2/a163674676_US_19.jpg,-82.21924195302654,41.29619825457502,True,0.9,"Several connected institutional buildings, lawns, pedestrian paths, and dedicated parking are visible in a campus-like arrangement."
gated_highres,University building,7,0.3676797151565552,a162153702_US_19,An aerial image. It shows: View of university building.,/data/tessera_dataset/image-emb-text/images5/a162153702_US_19.jpg,-97.43807540023846,35.183708509551835,True,0.95,"A prominent multi-wing institutional building is clearly set within organized lawns, sidewalks, parking lots, and adjacent campus buildings."
gated_highres,University building,8,0.3676797151565552,a382104869_US_20,An aerial image. It shows: School building.,/data/tessera_dataset/image-emb-text/images4/a382104869_US_20.jpg,-97.37932175,30.34805525,True,0.65,"A cluster of large flat-roof institutional buildings with landscaped areas and connecting paved areas is visible, suggesting an academic facility."
gated_highres,University building,9,0.3676797151565552,a605491098_US_20,An aerial image. It shows: College building.,/data/tessera_dataset/image-emb-text/images6/a605491098_US_20.jpg,-95.18118045,32.5918334,True,0.58,"The image shows a sizable building complex amid landscaped grounds and trees, but the university use is only weakly distinguishable from generic institutional use."
gated_highres,University building,10,0.3676797151565552,a298830539_US_19,An aerial image. It shows: Clinic building.,/data/tessera_dataset/image-emb-text/images6/a298830539_US_19.jpg,-111.79517767602982,33.58398099098314,True,0.9,"A large institutional complex with multiple connected buildings, extensive parking, internal drives, and landscaped grounds is clearly visible."
gated_highres,View of taxiway at the airport,1,0.3632301986217499,n9605245583_CH_20,An aerial image. It shows: Runway holding position.,/data/tessera_dataset/image-emb-text/images3/n9605245583_CH_20.jpg,7.3211364,46.2173944,True,0.99,Paved airport surface with yellow taxiway centerlines and runway/taxiway intersection markings visibly present.
gated_highres,View of taxiway at the airport,2,0.3632301986217499,n9605245584_CH_20,An aerial image. It shows: Runway holding position.,/data/tessera_dataset/image-emb-text/images3/n9605245584_CH_20.jpg,7.321164917507264,46.217395339043165,True,0.99,Clearly visible paved taxiway area marked with yellow centerlines and airport pavement markings.
gated_highres,View of taxiway at the airport,3,0.3632301986217499,w1035321633_US_19,An aerial image. It shows: View of taxiway at the airport.,/data/tessera_dataset/image-emb-text/images4/w1035321633_US_19.jpg,-91.15379169476783,30.536942949272934,True,0.96,Aerial view visibly shows a paved taxiway branching and curving into another airport pavement area.
gated_highres,View of taxiway at the airport,4,0.3632301986217499,w866481366_US_21,An aerial image. It shows: Asphalt runway at the airport.,/data/tessera_dataset/image-emb-text/images3/w866481366_US_21.jpg,-105.463617,45.4727149,True,0.97,Visible curved taxiway connectors intersect a marked paved airport runway or taxiway.
gated_highres,View of taxiway at the airport,5,0.3632301986217499,a1157843713_US_21,An aerial image. It shows: Hangar building at the airport.,/data/tessera_dataset/image-emb-text/images5/a1157843713_US_21.jpg,-111.14969621168532,45.76605554011199,True,0.95,Paved taxiway and turning areas are visibly present between airport buildings or hangars.
gated_highres,View of taxiway at the airport,6,0.3632301986217499,w998958887_US_21,An aerial image. It shows: Image of taxiway at airport.,/data/tessera_dataset/image-emb-text/images4/w998958887_US_21.jpg,-73.4826023,41.3740101,True,0.99,Multiple paved taxiways with yellow centerlines and aircraft positioned beside them are clearly visible.
gated_highres,View of taxiway at the airport,7,0.3632301986217499,w389730687_US_21,An aerial image. It shows: Image of taxiway at airport.,/data/tessera_dataset/image-emb-text/images5/w389730687_US_21.jpg,-86.27151966312363,34.39737055278495,True,0.94,Aerial view visibly shows intersecting dark paved airport taxiway surfaces across grassy areas.
gated_highres,View of taxiway at the airport,8,0.3632301986217499,w1079832368_US_18,An aerial image. It shows: View of taxiway at the airport.,/data/tessera_dataset/image-emb-text/images6/w1079832368_US_18.jpg,-87.4033056,46.3356964,True,0.98,Broad paved taxiway intersection and connecting taxiway branches are clearly visible.
gated_highres,View of taxiway at the airport,9,0.3632301986217499,w998958876_US_21,An aerial image. It shows: View of taxiway at the airport.,/data/tessera_dataset/image-emb-text/images5/w998958876_US_21.jpg,-73.48100211177196,41.37242495159366,True,0.99,Several curved and intersecting paved taxiways with yellow guidance markings are visibly present.
gated_highres,View of taxiway at the airport,10,0.3632301986217499,w35026149_US_19,An aerial image. It shows: Runway surface made of asphalt at airport.,/data/tessera_dataset/image-emb-text/images7/w35026149_US_19.jpg,-94.3549008,35.3369778,True,0.95,Visible airport pavement includes a taxiway connector and holding-area markings adjacent to runway threshold markings.
gated_highres,Warehouse,1,0.36968547105789185,a471067860_US_18,An aerial image. It shows: Industrial building.,/data/tessera_dataset/image-emb-text/images7/a471067860_US_18.jpg,-117.92090245,33.998953099999994,True,0.86,Large flat-roof industrial building with adjacent paved service areas and parked vehicles.
gated_highres,Warehouse,2,0.36968547105789185,a396819803_US_20,An aerial image. It shows: Warehouse.,/data/tessera_dataset/image-emb-text/images7/a396819803_US_20.jpg,-118.05007144375931,33.955401568279584,True,0.99,"Multiple very large flat-roof warehouse buildings with loading areas, truck access, and extensive parking."
gated_highres,Warehouse,3,0.36968547105789185,a451083927_US_20,An aerial image. It shows: Warehouse.,/data/tessera_dataset/image-emb-text/images6/a451083927_US_20.jpg,-118.0599555,33.9505511,True,0.98,Large rectangular flat-roof industrial warehouse surrounded by access roads and parking.
gated_highres,Warehouse,4,0.36968547105789185,a456648584_US_18,An aerial image. It shows: Warehouse.,/data/tessera_dataset/image-emb-text/images7/a456648584_US_18.jpg,-118.0628062679649,33.928823329143206,True,0.97,Large flat-roof building with a substantial paved loading apron and dock doors along the edge.
gated_highres,Warehouse,5,0.36968547105789185,a1030549690_US_17,An aerial image. It shows: Post depot building.,/data/tessera_dataset/image-emb-text/images7/a1030549690_US_17.jpg,-122.32315911007633,47.22732851077759,True,0.99,"Large warehouse roof with multiple loading docks, trailers, and truck staging areas."
gated_highres,Warehouse,6,0.36968547105789185,a47759707_US_20,An aerial image. It shows: Commercial building.,/data/tessera_dataset/image-emb-text/images3/a47759707_US_20.jpg,-78.6647606,35.767601400000004,True,0.91,Flat-roof industrial building adjacent to multiple trailers and service/loading areas.
gated_highres,Warehouse,7,0.36968547105789185,a456772409_US_20,An aerial image. It shows: Warehouse.,/data/tessera_dataset/image-emb-text/images7/a456772409_US_20.jpg,-118.04828581459068,33.905444807030946,True,0.99,"Several large warehouse structures with rows of loading docks, trailers, and industrial parking."
gated_highres,Warehouse,8,0.36968547105789185,n10196171031_US_20,An aerial image. It shows: Industrial warehouse.,/data/tessera_dataset/image-emb-text/images3/n10196171031_US_20.jpg,-121.35829337690687,38.37659344657747,True,0.84,Large flat-roof industrial building with loading/service pavement and parked vehicles is clearly visible.
gated_highres,Warehouse,9,0.36968547105789185,a449960043_US_20,An aerial image. It shows: Warehouse.,/data/tessera_dataset/image-emb-text/images7/a449960043_US_20.jpg,-118.03393267026738,33.90333281531665,True,0.99,"Very large rectangular warehouse surrounded by industrial access lanes, parking, and service areas."
gated_highres,Warehouse,10,0.36968547105789185,a612720637_US_21,An aerial image. It shows: Warehouse.,/data/tessera_dataset/image-emb-text/images7/a612720637_US_21.jpg,-77.17665349204258,39.17988995347363,True,0.98,"Large warehouse roof with a long loading apron, marked parking, and adjacent service roads."
gated_highres,Zebra crossing on the road,1,0.3688412010669708,n286527207_CH_18,An aerial image. It shows: Uncontrolled zebra crossing on the road.,/data/tessera_dataset/image-emb-text/images6/n286527207_CH_18.jpg,7.477134648310889,46.80925294876374,True,0.99,Clearly visible yellow zebra crossing stripes spanning the road.
gated_highres,Zebra crossing on the road,2,0.3688412010669708,n925751885_CH_20,An aerial image. It shows: Uncontrolled zebra crossing with central island. The crossing is marked with zebra stripes.,/data/tessera_dataset/image-emb-text/images7/n925751885_CH_20.jpg,7.128701385796646,47.40321245777537,True,0.99,Clearly visible yellow pedestrian crossing stripes across the roadway.
gated_highres,Zebra crossing on the road,3,0.3688412010669708,n304502335_CH_21,An aerial image. It shows: Uncontrolled zebra crossing on the road.,/data/tessera_dataset/image-emb-text/images5/n304502335_CH_21.jpg,7.542195223645978,47.37378622998001,True,0.99,A distinct yellow zebra crossing is visibly painted across the road.
gated_highres,Zebra crossing on the road,4,0.3688412010669708,n4746400114_CH_20,An aerial image. It shows: Road crossing with traffic signals.,/data/tessera_dataset/image-emb-text/images5/n4746400114_CH_20.jpg,7.364543335767314,46.229499822110014,True,0.99,Multiple yellow zebra crossing stripes are clearly visible at the intersection.
gated_highres,Zebra crossing on the road,5,0.3688412010669708,w1016574525_CH_20,An aerial image. It shows: Footway crossing with marked asphalt surface.,/data/tessera_dataset/image-emb-text/images4/w1016574525_CH_20.jpg,7.348239435676348,46.2310304342846,True,0.98,Yellow pedestrian crossing stripes are visibly present across the road.
gated_highres,Zebra crossing on the road,6,0.3688412010669708,n275391005_CH_19,An aerial image. It shows: Uncontrolled road crossing.,/data/tessera_dataset/image-emb-text/images7/n275391005_CH_19.jpg,9.268176208617652,47.38516101464641,True,0.99,A clear yellow zebra crossing spans the roadway.
gated_highres,Zebra crossing on the road,7,0.3688412010669708,n1596482800_CH_20,An aerial image. It shows: Uncontrolled zebra crossing on the road.,/data/tessera_dataset/image-emb-text/images5/n1596482800_CH_20.jpg,7.16194595660325,47.40736491713868,True,0.99,Clearly visible yellow zebra crossing markings across the road.
gated_highres,Zebra crossing on the road,8,0.3688412010669708,w1016957170_CH_20,An aerial image. It shows: Crossing on the cycleway.,/data/tessera_dataset/image-emb-text/images4/w1016957170_CH_20.jpg,6.569802500085386,46.51726606427788,True,0.99,A prominent yellow zebra crossing is visibly marked on the road.
gated_highres,Zebra crossing on the road,9,0.3688412010669708,n4630482962_CH_20,An aerial image. It shows: Uncontrolled zebra crossing on the road.,/data/tessera_dataset/image-emb-text/images6/n4630482962_CH_20.jpg,6.8763242388234485,46.63689673562965,True,0.99,Yellow zebra crossing stripes are clearly visible across the roadway.
gated_highres,Zebra crossing on the road,10,0.3688412010669708,w358355333_CH_20,An aerial image. It shows: Tertiary road with asphalt surface. The road has cycle lane on the left side.,/data/tessera_dataset/image-emb-text/images3/w358355333_CH_20.jpg,6.850694022480641,46.4623264876412,True,0.99,A large yellow pedestrian zebra crossing is visibly present on the road.
gated_highres,"Asphalt road classified as primary highway, featuring roundabout at junction",1,0.3543380796909332,w912194820_CH_20,An aerial image. It shows: Secondary road leading to roundabout.,/data/tessera_dataset/image-emb-text/images6/w912194820_CH_20.jpg,6.563437065024016,46.558830481368986,True,0.96,"Asphalt roadway with clear roundabout lane markings, yield triangles, and a central circular island at a junction."
gated_highres,"Asphalt road classified as primary highway, featuring roundabout at junction",2,0.3543380796909332,n8915920401_CH_20,An aerial image. It shows: Road with traffic signals.,/data/tessera_dataset/image-emb-text/images4/n8915920401_CH_20.jpg,6.211959170229804,46.19843081878847,True,0.78,Asphalt junction with roundabout-style yield markings and a partially visible circular traffic island on the right.
gated_highres,"Asphalt road classified as primary highway, featuring roundabout at junction",3,0.3543380796909332,w131420442_US_21,"An aerial image. It shows: Primary highway with asphalt surface, featuring roundabout.",/data/tessera_dataset/image-emb-text/images5/w131420442_US_21.jpg,-80.42081977258812,37.23498371450539,True,0.99,Large paved urban roundabout with a landscaped central island and multiple substantial connecting roads.
gated_highres,"Asphalt road classified as primary highway, featuring roundabout at junction",4,0.3543380796909332,n5370481033_CH_18,An aerial image. It shows: Road with traffic signals.,/data/tessera_dataset/image-emb-text/images7/n5370481033_CH_18.jpg,8.78930724514427,46.16774199828462,True,0.84,"Asphalt junction showing curved roundabout circulation markings, yield triangles, and a central island area."
gated_highres,"Asphalt road classified as primary highway, featuring roundabout at junction",5,0.3543380796909332,w155512418_US_21,"An aerial image. It shows: Asphalt road classified as primary highway, featuring roundabout at junction.",/data/tessera_dataset/image-emb-text/images5/w155512418_US_21.jpg,-112.00467564278335,40.562001625529604,True,0.99,Clearly visible asphalt roundabout with a broad circular central island and multiple connecting roads.
gated_highres,"Asphalt road classified as primary highway, featuring roundabout at junction",6,0.3543380796909332,w685934670_US_21,An aerial image. It shows: Primary highway with asphalt surface leading to roundabout.,/data/tessera_dataset/image-emb-text/images5/w685934670_US_21.jpg,-112.0047639,40.5622175,True,0.99,Clearly visible asphalt roundabout with a large central island and several intersecting roads.
gated_highres,"Asphalt road classified as primary highway, featuring roundabout at junction",7,0.3543380796909332,a292024073_CH_20,An aerial image. It shows: Tertiary road leading to roundabout.,/data/tessera_dataset/image-emb-text/images5/a292024073_CH_20.jpg,6.957176222902234,46.25991062104606,True,0.99,"Close aerial view of an asphalt roundabout with a landscaped central island, yield markings, and connected roads."
gated_highres,"Asphalt road classified as primary highway, featuring roundabout at junction",8,0.3543380796909332,n256187842_CH_20,An aerial image. It shows: Mini roundabout on the road.,/data/tessera_dataset/image-emb-text/images2/n256187842_CH_20.jpg,6.530093526591522,46.52976694300618,True,0.96,"Asphalt roundabout clearly visible from above, with circular central island, lane markings, and connecting roadway."
gated_highres,"Asphalt road classified as primary highway, featuring roundabout at junction",9,0.3543380796909332,w661608029_US_18,An aerial image. It shows: Secondary road leading to roundabout.,/data/tessera_dataset/image-emb-text/images6/w661608029_US_18.jpg,-71.83372712091474,42.23226622855633,True,0.91,"Aerial view visibly shows a roundabout at a road junction, with asphalt approaches and a central circular island."
gated_highres,"Asphalt road classified as primary highway, featuring roundabout at junction",10,0.3543380796909332,w929184021_CH_20,An aerial image. It shows: Secondary road with asphalt surface leading to roundabout junction.,/data/tessera_dataset/image-emb-text/images5/w929184021_CH_20.jpg,6.5544472684161805,46.54118917314851,True,0.82,"Partial aerial view of an asphalt roundabout junction with yield triangles, curved circulation markings, and a vehicle on the roadway."
gated_highres,Building with storage tank,1,0.3561663031578064,a460925624_US_19,An aerial image. It shows: Storage tank which is man-made and housed in building.,/data/tessera_dataset/image-emb-text/images3/a460925624_US_19.jpg,-96.75351791829158,36.016932949641294,True,0.99,Multiple large circular storage tanks are clearly visible from above.
gated_highres,Building with storage tank,2,0.3561663031578064,a1041027881_US_20,An aerial image. It shows: Storage tank which is man-made.,/data/tessera_dataset/image-emb-text/images4/a1041027881_US_20.jpg,-97.436585066639,27.811307350957286,True,0.99,A large circular storage tank and part of another tank are visible within an industrial facility.
gated_highres,Building with storage tank,3,0.3561663031578064,a97803243_US_20,An aerial image. It shows: Storage tank created as man-made structure.,/data/tessera_dataset/image-emb-text/images5/a97803243_US_20.jpg,-97.49002219768751,27.813154721553936,True,1.0,Several large circular storage tanks with connecting pipes and access structures are clearly visible.
gated_highres,Building with storage tank,4,0.3561663031578064,a229502100_US_21,An aerial image. It shows: Storage tank created as man-made structure.,/data/tessera_dataset/image-emb-text/images6/a229502100_US_21.jpg,-74.09214321888683,40.65465958299778,True,1.0,Multiple circular storage tanks and associated industrial piping are clearly visible.
gated_highres,Building with storage tank,5,0.3561663031578064,a789049554_US_21,An aerial image. It shows: Storage tank created as man-made structure.,/data/tessera_dataset/image-emb-text/images7/a789049554_US_21.jpg,-91.17302491745883,30.550041729912465,True,0.99,A large circular storage tank is clearly visible in an industrial or utility area.
gated_highres,Building with storage tank,6,0.3561663031578064,a460925700_US_21,An aerial image. It shows: Storage tank which is man-made and housed in building.,/data/tessera_dataset/image-emb-text/images3/a460925700_US_21.jpg,-96.75181897298317,36.02155314011131,True,1.0,Three large circular storage tanks are prominently visible beside facility roads and structures.
gated_highres,Building with storage tank,7,0.3561663031578064,a1070730461_US_20,An aerial image. It shows: Storage tank created as man-made structure.,/data/tessera_dataset/image-emb-text/images6/a1070730461_US_20.jpg,-97.40458383347428,27.818210492189657,True,0.99,A large circular storage tank is clearly visible within a paved industrial installation.
gated_highres,Building with storage tank,8,0.3561663031578064,a201372478_US_20,An aerial image. It shows: Storage tank building.,/data/tessera_dataset/image-emb-text/images6/a201372478_US_20.jpg,-93.98853071332724,29.991502525544767,True,1.0,"Large circular storage tanks, piping, and surrounding industrial infrastructure are clearly visible."
gated_highres,Building with storage tank,9,0.3561663031578064,a201372366_US_20,An aerial image. It shows: Storage tank building.,/data/tessera_dataset/image-emb-text/images7/a201372366_US_20.jpg,-93.9889212076396,29.995584456121186,True,0.99,A large circular storage tank and adjacent facility structures are clearly visible.
gated_highres,Building with storage tank,10,0.3561663031578064,a97808363_US_20,An aerial image. It shows: Storage tank which is man-made.,/data/tessera_dataset/image-emb-text/images7/a97808363_US_20.jpg,-97.43007578089782,27.805750994889724,True,1.0,Multiple large circular storage tanks and associated industrial access infrastructure are clearly visible.
gated_highres,Building with tile roof,1,0.36563238501548767,a989849073_CH_19,An aerial image. It shows: Shed building.,/data/tessera_dataset/image-emb-text/images2/a989849073_CH_19.jpg,8.7126568,47.3306417,True,0.91,A residential building has a clearly visible dark reddish-brown tiled roof with regular overlapping tile texture.
gated_highres,Building with tile roof,2,0.36563238501548767,a1075571626_CH_20,An aerial image. It shows: Simple and straightforward house.,/data/tessera_dataset/image-emb-text/images7/a1075571626_CH_20.jpg,7.0794055,46.565779899999995,True,0.78,"The building roof shows dense, regular repeating rows consistent with gray roof tiles."
gated_highres,Building with tile roof,3,0.36563238501548767,a221024819_CH_19,An aerial image. It shows: Terrace building.,/data/tessera_dataset/image-emb-text/images5/a221024819_CH_19.jpg,8.715241299999999,47.340644100000006,True,0.84,"A residential roof is visibly covered in small, regular brown tiles."
gated_highres,Building with tile roof,4,0.36563238501548767,a289031228_CH_20,An aerial image. It shows: Barn.,/data/tessera_dataset/image-emb-text/images7/a289031228_CH_20.jpg,7.38356065,46.2605021,True,0.86,"The upper roof plane has distinct, evenly spaced rows of brown tiles, and the adjacent roof also appears tiled."
gated_highres,Building with tile roof,5,0.36563238501548767,a192947488_CH_19,An aerial image. It shows: Gabled roof on building that houses apartments.,/data/tessera_dataset/image-emb-text/images5/a192947488_CH_19.jpg,8.721526812178219,47.35007555402047,True,0.92,"Multiple residential buildings visibly have brown, gray, and reddish roofs with regular tile patterns."
gated_highres,Building with tile roof,6,0.36563238501548767,a264736565_CH_20,An aerial image. It shows: Simple house.,/data/tessera_dataset/image-emb-text/images6/a264736565_CH_20.jpg,7.357322249999999,46.2741485,False,0.94,"The visible roof is a flat, weathered gray surface without clear tile rows or tile texture."
gated_highres,Building with tile roof,7,0.36563238501548767,a221392701_CH_19,An aerial image. It shows: Terrace building.,/data/tessera_dataset/image-emb-text/images5/a221392701_CH_19.jpg,8.73147745,47.35445085,True,0.72,The dark residential roof shows repeated linear tile-like texture across its surface.
gated_highres,Building with tile roof,8,0.36563238501548767,a161055967_CH_19,An aerial image. It shows: Building with tile roof.,/data/tessera_dataset/image-emb-text/images7/a161055967_CH_19.jpg,8.781131949999999,47.31597625,True,0.99,The building has highly visible terracotta-colored roof tiles arranged in clear overlapping rows.
gated_highres,Building with tile roof,9,0.36563238501548767,n10077443041_CH_19,An aerial image. It shows: Small solar photovoltaic panel generator installed on roof.,/data/tessera_dataset/image-emb-text/images6/n10077443041_CH_19.jpg,8.7848957,47.3085869,True,0.93,"The large residential roof visibly contains repeated rows of gray-brown tiles, with additional tiled roof sections."
gated_highres,Building with tile roof,10,0.36563238501548767,a108297497_CH_19,An aerial image. It shows: Terrace building.,/data/tessera_dataset/image-emb-text/images3/a108297497_CH_19.jpg,8.727507593319896,47.35272272171784,True,0.82,"The central building has a large dark roof with clearly repeated narrow rows consistent with tile roofing, alongside a brown tiled section."
gated_highres,Building with tiled roof,1,0.3647341728210449,a192947488_CH_19,An aerial image. It shows: Gabled roof on building that houses apartments.,/data/tessera_dataset/image-emb-text/images5/a192947488_CH_19.jpg,8.721526812178219,47.35007555402047,True,0.98,Several buildings have visibly patterned brown or gray tiled roofs.
gated_highres,Building with tiled roof,2,0.3647341728210449,a221392701_CH_19,An aerial image. It shows: Terrace building.,/data/tessera_dataset/image-emb-text/images5/a221392701_CH_19.jpg,8.73147745,47.35445085,True,0.88,The main building roof shows a dense repeating tile pattern.
gated_highres,Building with tiled roof,3,0.3647341728210449,a108297497_CH_19,An aerial image. It shows: Terrace building.,/data/tessera_dataset/image-emb-text/images3/a108297497_CH_19.jpg,8.727507593319896,47.35272272171784,True,0.99,A large central building has clearly visible rows of dark roof tiles.
gated_highres,Building with tiled roof,4,0.3647341728210449,a221024819_CH_19,An aerial image. It shows: Terrace building.,/data/tessera_dataset/image-emb-text/images5/a221024819_CH_19.jpg,8.715241299999999,47.340644100000006,True,0.9,The building roof visibly consists of repeated brown tile rows.
gated_highres,Building with tiled roof,5,0.3647341728210449,a264736565_CH_20,An aerial image. It shows: Simple house.,/data/tessera_dataset/image-emb-text/images6/a264736565_CH_20.jpg,7.357322249999999,46.2741485,False,0.93,The visible roof is a flat gray surface without a clear tiled pattern.
gated_highres,Building with tiled roof,6,0.3647341728210449,a257776502_CH_19,An aerial image. It shows: Terrace building.,/data/tessera_dataset/image-emb-text/images4/a257776502_CH_19.jpg,8.776439275736447,47.32193286359377,True,0.99,"Multiple connected buildings visibly have rows of red, brown, and dark roof tiles."
gated_highres,Building with tiled roof,7,0.3647341728210449,a927245435_CH_19,An aerial image. It shows: Gabled building.,/data/tessera_dataset/image-emb-text/images5/a927245435_CH_19.jpg,8.7806174,47.3748197,True,0.98,The buildings show clearly patterned dark and brown tiled roof surfaces.
gated_highres,Building with tiled roof,8,0.3647341728210449,n10077443041_CH_19,An aerial image. It shows: Small solar photovoltaic panel generator installed on roof.,/data/tessera_dataset/image-emb-text/images6/n10077443041_CH_19.jpg,8.7848957,47.3085869,True,0.99,The large building has a clearly visible tiled roof with repeated rows and roof windows.
gated_highres,Building with tiled roof,9,0.3647341728210449,a161055967_CH_19,An aerial image. It shows: Building with tile roof.,/data/tessera_dataset/image-emb-text/images7/a161055967_CH_19.jpg,8.781131949999999,47.31597625,True,0.99,Several adjoining roof sections visibly show red and brown tile patterns.
gated_highres,Building with tiled roof,10,0.3647341728210449,a103444651_CH_19,An aerial image. It shows: Terrace building.,/data/tessera_dataset/image-emb-text/images2/a103444651_CH_19.jpg,8.746705599999999,47.3295454,True,0.97,The large dark roof has clearly visible repeated linear rows consistent with roof tiles.
gated_highres,Bunker on golf course,1,0.35742661356925964,a839513484_US_21,An aerial image. It shows: Golf bunker filled with sandy terrain.,/data/tessera_dataset/image-emb-text/images2/a839513484_US_21.jpg,-80.86368138481691,32.2949803209683,True,0.99,Aerial view clearly shows multiple light-colored sand bunkers on a manicured golf course.
gated_highres,Bunker on golf course,2,0.35742661356925964,a1131069115_US_19,An aerial image. It shows: Golf bunker.,/data/tessera_dataset/image-emb-text/images7/a1131069115_US_19.jpg,-78.58372257829274,33.93004919008712,True,0.99,Several distinct sand bunkers are visibly arranged around a golf hole.
gated_highres,Bunker on golf course,3,0.35742661356925964,a839513487_US_21,An aerial image. It shows: Golf bunker filled with sandy terrain.,/data/tessera_dataset/image-emb-text/images3/a839513487_US_21.jpg,-80.86331015214225,32.294454050785745,True,0.99,Large connected pale sand bunker area is clearly visible on the golf course.
gated_highres,Bunker on golf course,4,0.35742661356925964,a706396552_US_21,An aerial image. It shows: Golf bunker filled with natural sand.,/data/tessera_dataset/image-emb-text/images2/a706396552_US_21.jpg,-80.78865996817554,32.30916543524313,True,0.98,Multiple clearly visible sand bunkers surround the golf-course fairway and green.
gated_highres,Bunker on golf course,5,0.35742661356925964,a839504919_US_21,"An aerial image. It shows: Water hazard in golf course, with natural water features.",/data/tessera_dataset/image-emb-text/images3/a839504919_US_21.jpg,-80.85965886764663,32.28257324546849,True,0.96,"A golf course fairway is visible with distinct sand bunkers, including one at lower left."
gated_highres,Bunker on golf course,6,0.35742661356925964,a851348253_US_21,An aerial image. It shows: Golf bunker filled with natural sand.,/data/tessera_dataset/image-emb-text/images2/a851348253_US_21.jpg,-80.85039942992367,32.28187701694588,True,0.99,Numerous prominent sand bunkers are visible around several golf holes.
gated_highres,Bunker on golf course,7,0.35742661356925964,w695497363_US_19,An aerial image. It shows: View of golf hole.,/data/tessera_dataset/image-emb-text/images5/w695497363_US_19.jpg,-88.1117712,42.1433238,True,0.99,A clearly defined sand bunker is visible inside the golf-course green area.
gated_highres,Bunker on golf course,8,0.35742661356925964,a1063030459_US_19,An aerial image. It shows: Golf bunker filled with sandy terrain.,/data/tessera_dataset/image-emb-text/images4/a1063030459_US_19.jpg,-81.0747368202105,32.09132009713416,True,0.99,Multiple pale sand bunkers are clearly visible across the golf-course hole.
gated_highres,Bunker on golf course,9,0.35742661356925964,w869728511_US_19,An aerial image. It shows: Path for both road and golf.,/data/tessera_dataset/image-emb-text/images5/w869728511_US_19.jpg,-92.86662702281433,44.975341389109715,True,0.88,A small light-colored sand bunker is visibly present near the lower-right edge of the golf course.
gated_highres,Bunker on golf course,10,0.35742661356925964,w1113209452_US_20,An aerial image. It shows: View of golf hole.,/data/tessera_dataset/image-emb-text/images4/w1113209452_US_20.jpg,-87.5237803,38.0816687,True,0.99,Several distinct sand bunkers visibly surround the central golf-course green.
gated_highres,Bus stop equipped with public transport stop position,1,0.3648033142089844,n983789031_CH_20,An aerial image. It shows: Bus stop with stop position for public transport.,/data/tessera_dataset/image-emb-text/images7/n983789031_CH_20.jpg,6.5069959,46.5234059,True,0.98,Yellow zigzag road markings clearly designate a public transport stopping position along the roadway.
gated_highres,Bus stop equipped with public transport stop position,2,0.3648033142089844,n306116900_CH_19,An aerial image. It shows: Bus stop with designated stop position for public transport.,/data/tessera_dataset/image-emb-text/images6/n306116900_CH_19.jpg,8.776561752487932,47.39464028333727,True,0.98,"A yellow zigzag stopping zone is visibly marked beside the curb, with nearby pedestrian crossing markings."
gated_highres,Bus stop equipped with public transport stop position,3,0.3648033142089844,n357300684_CH_19,An aerial image. It shows: Public transport stop position.,/data/tessera_dataset/image-emb-text/images4/n357300684_CH_19.jpg,8.705284573350902,47.35142799303413,True,0.97,The roadway visibly contains yellow zigzag markings identifying a transit stopping position.
gated_highres,Bus stop equipped with public transport stop position,4,0.3648033142089844,n338992143_CH_20,An aerial image. It shows: Bus stop with sheltered platform for public transport.,/data/tessera_dataset/image-emb-text/images6/n338992143_CH_20.jpg,6.550326836932005,46.51654725691432,True,0.99,"A clearly marked yellow zigzag bus-stop zone is visible, alongside a roadside shelter-like structure and crossing markings."
gated_highres,Bus stop equipped with public transport stop position,5,0.3648033142089844,n7128127641_CH_19,An aerial image. It shows: Public transport stop position.,/data/tessera_dataset/image-emb-text/images6/n7128127641_CH_19.jpg,8.923925716892505,47.237489060314104,True,0.96,Yellow zigzag markings visibly identify a stopping position at the road edge.
gated_highres,Bus stop equipped with public transport stop position,6,0.3648033142089844,n3213726223_CH_19,An aerial image. It shows: Bus stop with designated stop position for public transport.,/data/tessera_dataset/image-emb-text/images7/n3213726223_CH_19.jpg,8.464269179119801,47.669833208460446,True,0.97,"A long yellow zigzag road marking is clearly visible beside the curb, consistent with a public transport stop."
gated_highres,Bus stop equipped with public transport stop position,7,0.3648033142089844,n8638190879_CH_20,An aerial image. It shows: Public transport stop position.,/data/tessera_dataset/image-emb-text/images5/n8638190879_CH_20.jpg,7.129022775859045,47.40838927847831,True,0.96,Yellow zigzag markings are visibly painted along the roadside stopping area.
gated_highres,Bus stop equipped with public transport stop position,8,0.3648033142089844,n347667068_CH_20,An aerial image. It shows: Bus stop with sheltered platform for public transport.,/data/tessera_dataset/image-emb-text/images7/n347667068_CH_20.jpg,6.5981442568414455,46.53530412387955,True,0.98,A prominent yellow zigzag curbside zone clearly marks a public transport stopping position.
gated_highres,Bus stop equipped with public transport stop position,9,0.3648033142089844,n9627284308_CH_20,An aerial image. It shows: Public transport stop position.,/data/tessera_dataset/image-emb-text/images7/n9627284308_CH_20.jpg,7.399582906782454,46.22081332770267,True,0.95,"Yellow zigzag markings are visible on both sides of the roadway, indicating marked transit stopping zones."
gated_highres,Bus stop equipped with public transport stop position,10,0.3648033142089844,n1421341109_CH_19,An aerial image. It shows: Bus stop equipped with public transport stop position.,/data/tessera_dataset/image-emb-text/images6/n1421341109_CH_19.jpg,8.774604890805383,47.39187110389949,True,0.97,A distinct yellow zigzag stopping zone is clearly visible along the roadside.
gated_highres,Catenary mast for power lines,1,0.3462507426738739,w98259807_CH_20,An aerial image. It shows: Railway tunnel with electrified contact lines.,/data/tessera_dataset/image-emb-text/images2/w98259807_CH_20.jpg,6.5643290445214495,46.54342732953923,True,0.82,A vertical mast and overhead electrical wires are visibly aligned alongside the railway tracks.
gated_highres,Catenary mast for power lines,2,0.3462507426738739,w296936879_CH_20,An aerial image. It shows: Railway track with contact line for electrification.,/data/tessera_dataset/image-emb-text/images3/w296936879_CH_20.jpg,6.534483064200706,46.52756485956128,True,0.98,Multiple tall railway catenary masts with crossarms and overhead wires are clearly visible over several tracks.
gated_highres,Catenary mast for power lines,3,0.3462507426738739,w12369731_US_19,An aerial image. It shows: Railway with electrified contact lines.,/data/tessera_dataset/image-emb-text/images5/w12369731_US_19.jpg,-74.875414,40.097952,False,0.78,"The image shows a broad railway or industrial area, but no catenary mast is visibly clear at this resolution."
gated_highres,Catenary mast for power lines,4,0.3462507426738739,w91490593_US_19,An aerial image. It shows: Railway line on embankment.,/data/tessera_dataset/image-emb-text/images4/w91490593_US_19.jpg,-81.59824584825057,41.51691923188374,True,0.86,Multiple railway tracks with regularly spaced overhead-line support structures and their shadows are visible.
gated_highres,Catenary mast for power lines,5,0.3462507426738739,n1126060372_CH_20,An aerial image. It shows: Railway switch.,/data/tessera_dataset/image-emb-text/images2/n1126060372_CH_20.jpg,6.9245238,46.3637788,True,0.98,A prominent catenary mast with crossarm and overhead wires is clearly visible crossing above the railway tracks.
gated_highres,Catenary mast for power lines,6,0.3462507426738739,n2594321938_CH_20,An aerial image. It shows: Power pole.,/data/tessera_dataset/image-emb-text/images5/n2594321938_CH_20.jpg,6.5534085,46.5359852,True,0.98,Several dark catenary masts and overhead electrical wires are clearly visible beside and across the railway tracks.
gated_highres,Catenary mast for power lines,7,0.3462507426738739,n11056814301_CH_19,An aerial image. It shows: Catenary mast for power lines.,/data/tessera_dataset/image-emb-text/images6/n11056814301_CH_19.jpg,8.473929259268226,47.68372903601042,True,0.97,A tall railway catenary mast with a support arm and overhead wire is clearly visible beside the tracks.
gated_highres,Catenary mast for power lines,8,0.3462507426738739,n11056860018_CH_19,An aerial image. It shows: Catenary mast for power lines.,/data/tessera_dataset/image-emb-text/images4/n11056860018_CH_19.jpg,8.483493434080899,47.687255377875545,True,0.96,A prominent catenary mast and its overhead-wire structure are clearly visible alongside the railway tracks.
gated_highres,Catenary mast for power lines,9,0.3462507426738739,n2051848104_CH_20,An aerial image. It shows: Power pole.,/data/tessera_dataset/image-emb-text/images5/n2051848104_CH_20.jpg,6.5544383,46.536922,True,0.97,A tall catenary mast with a visible support arm and overhead wires stands beside the railway line.
gated_highres,Catenary mast for power lines,10,0.3462507426738739,w95465767_CH_20,An aerial image. It shows: Narrow-gauge railway with single track. The railway is electrified with contact line.,/data/tessera_dataset/image-emb-text/images3/w95465767_CH_20.jpg,6.981306419281338,46.307387965684974,True,0.91,Railway tracks are accompanied by repeated overhead-line support poles and crossarms visible along the corridor.
gated_highres,Crossing with traffic signals,1,0.3694736063480377,w1062507075_CH_20,An aerial image. It shows: Footway crossing equipped with traffic signals.,/data/tessera_dataset/image-emb-text/images6/w1062507075_CH_20.jpg,6.599634313877234,46.51963076635413,True,0.96,Yellow striped pedestrian crossings are visible with signal poles and signal heads at the intersection edges.
gated_highres,Crossing with traffic signals,2,0.3694736063480377,n4746400114_CH_20,An aerial image. It shows: Road crossing with traffic signals.,/data/tessera_dataset/image-emb-text/images5/n4746400114_CH_20.jpg,7.364543335767314,46.229499822110014,True,0.94,"A yellow pedestrian crossing is clearly visible, with traffic-signal hardware on poles beside the roadway."
gated_highres,Crossing with traffic signals,3,0.3694736063480377,n1663247892_CH_20,An aerial image. It shows: Road crossing with traffic signals.,/data/tessera_dataset/image-emb-text/images7/n1663247892_CH_20.jpg,6.855528468207913,46.45474848726883,True,0.86,"A yellow pedestrian crossing is visible, with dark signal poles and signal equipment along the right side."
gated_highres,Crossing with traffic signals,4,0.3694736063480377,n9350641769_CH_20,An aerial image. It shows: Marked road crossing with pedestrian island.,/data/tessera_dataset/image-emb-text/images5/n9350641769_CH_20.jpg,6.841499224202676,46.46318272925378,True,0.98,"Several yellow pedestrian crossings form a signalized intersection, with multiple visible traffic-signal poles and heads."
gated_highres,Crossing with traffic signals,5,0.3694736063480377,n1666448124_CH_20,"An aerial image. It shows: Marked crossing with zebra pattern, featuring crossing island.",/data/tessera_dataset/image-emb-text/images3/n1666448124_CH_20.jpg,6.837020576701811,46.466306555785295,True,0.91,"Yellow pedestrian crossings are visible across the road, with traffic-signal poles positioned near the corners."
gated_highres,Crossing with traffic signals,6,0.3694736063480377,n3395116518_CH_20,An aerial image. It shows: Road with traffic signals.,/data/tessera_dataset/image-emb-text/images7/n3395116518_CH_20.jpg,6.8964664,46.443228,True,0.93,A yellow striped crossing is visible alongside lane arrows and traffic-signal equipment at the intersection.
gated_highres,Crossing with traffic signals,7,0.3694736063480377,n9161401565_CH_19,An aerial image. It shows: Road with traffic signals.,/data/tessera_dataset/image-emb-text/images4/n9161401565_CH_19.jpg,8.91930749664175,47.237439046468666,True,0.9,A yellow pedestrian crossing is clearly visible with signal poles and signal heads near the road junction.
gated_highres,Crossing with traffic signals,8,0.3694736063480377,n3167452030_CH_20,An aerial image. It shows: Zebra crossing on the road.,/data/tessera_dataset/image-emb-text/images5/n3167452030_CH_20.jpg,6.56831580797552,46.53062527858939,True,0.84,"A yellow pedestrian crossing is visible, with traffic-signal hardware apparent near the top side of the crossing."
gated_highres,Crossing with traffic signals,9,0.3694736063480377,n1435419393_CH_20,An aerial image. It shows: Crossing with traffic signals.,/data/tessera_dataset/image-emb-text/images2/n1435419393_CH_20.jpg,6.562986443108639,46.54847406388031,True,0.95,A broad yellow pedestrian crossing is visible with multiple traffic-signal poles and heads around the intersection.
gated_highres,Crossing with traffic signals,10,0.3694736063480377,n4858136008_CH_19,"An aerial image. It shows: Road with ""give way"" sign.",/data/tessera_dataset/image-emb-text/images5/n4858136008_CH_19.jpg,8.94880554621718,47.24347805453293,True,0.97,The image visibly shows a signalized intersection with multiple traffic-light poles and marked crossing approaches.
gated_highres,Cycleway,1,0.3691592216491699,n3239877429_CH_20,An aerial image. It shows: Kerb serving as barrier.,/data/tessera_dataset/image-emb-text/images6/n3239877429_CH_20.jpg,7.35822614795833,46.22675122183571,False,0.98,"Only a roadway intersection, parked cars, and pedestrian crossing markings are visible; no cycleway is apparent."
gated_highres,Cycleway,2,0.3691592216491699,n10121667976_CH_19,"An aerial image. It shows: Road with ""give way"" sign.",/data/tessera_dataset/image-emb-text/images4/n10121667976_CH_19.jpg,8.46613566660962,47.69395103487449,True,0.92,A marked lane with repeated yellow dashed edge markings and bicycle-style road markings is visibly present alongside the roadway.
gated_highres,Cycleway,3,0.3691592216491699,w569243536_CH_19,An aerial image. It shows: Asphalt cycleway.,/data/tessera_dataset/image-emb-text/images4/w569243536_CH_19.jpg,8.935424113361819,47.62142668704562,True,0.86,"A narrow separated paved route runs alongside the road, with repeated yellow dashed markings consistent with a cycleway."
gated_highres,Cycleway,4,0.3691592216491699,n6499278780_CH_20,An aerial image. It shows: Parking entrance.,/data/tessera_dataset/image-emb-text/images6/n6499278780_CH_20.jpg,7.3337757390706635,46.22302065524917,True,0.97,"A distinct paved path curves through the grass separately from the vehicle roadway, visibly consistent with a cycleway."
gated_highres,Cycleway,5,0.3691592216491699,w807035448_US_19,An aerial image. It shows: Path on bridge.,/data/tessera_dataset/image-emb-text/images7/w807035448_US_19.jpg,-116.57450621298722,43.59509266269925,True,0.78,A narrow paved path runs parallel to and separated from the main roadway through the open landscape.
gated_highres,Cycleway,6,0.3691592216491699,w964017221_CH_19,An aerial image. It shows: Set of steps on the road.,/data/tessera_dataset/image-emb-text/images3/w964017221_CH_19.jpg,8.908226273720876,47.27698274062497,True,0.91,A narrow marked path with yellow bicycle-style markings is visible beside the roadway.
gated_highres,Cycleway,7,0.3691592216491699,w1008988386_US_21,An aerial image. It shows: Asphalt alley designated as service road.,/data/tessera_dataset/image-emb-text/images4/w1008988386_US_21.jpg,-112.04934900131548,40.538691250642195,False,0.82,"The image shows a sparse road and sidewalk/grid layout, but no visually distinct cycleway is apparent."
gated_highres,Cycleway,8,0.3691592216491699,w387019109_CH_20,An aerial image. It shows: Footway with sett surface.,/data/tessera_dataset/image-emb-text/images3/w387019109_CH_20.jpg,6.588022700714287,46.543692460125804,False,0.95,Only wooded vegetation and an indistinct narrow ground route are visible; no clear paved cycleway is present.
gated_highres,Cycleway,9,0.3691592216491699,n10040858926_CH_20,An aerial image. It shows: Kerb barrier.,/data/tessera_dataset/image-emb-text/images6/n10040858926_CH_20.jpg,6.524977285833126,46.51737636190752,False,0.89,"A road intersection with pedestrian crossings, sidewalks, and parking areas is visible, but no clear cycleway is apparent."
gated_highres,Cycleway,10,0.3691592216491699,w310701193_CH_20,An aerial image. It shows: Concrete steps.,/data/tessera_dataset/image-emb-text/images4/w310701193_CH_20.jpg,6.820408389758292,46.47851297479509,False,0.9,"The image shows landscaped paths around a grassy area and building, but no clearly identifiable cycleway."
gated_highres,"Designated area for dogs to play, dog park",1,0.3562893867492676,a173058843_US_20,An aerial image. It shows: Lovely park for leisure and relaxation.,/data/tessera_dataset/image-emb-text/images6/a173058843_US_20.jpg,-95.46613081510608,30.161510574415402,False,0.98,"Open grassy field bordered by trees and paths, with no visible fencing or dog-park features."
gated_highres,"Designated area for dogs to play, dog park",2,0.3562893867492676,a1095716950_US_21,An aerial image. It shows: Dog park for leisure land.,/data/tessera_dataset/image-emb-text/images4/a1095716950_US_21.jpg,-112.2349032945441,33.56431484453002,False,0.93,"Large landscaped waterfront park with lawns, walking paths, and parking; no clearly designated fenced dog area is visible."
gated_highres,"Designated area for dogs to play, dog park",3,0.3562893867492676,a616841760_US_21,An aerial image. It shows: Sports center with multiple sporting facilities on the leisure land.,/data/tessera_dataset/image-emb-text/images4/a616841760_US_21.jpg,-93.80197608918118,41.70820212981447,False,0.99,"Clearly visible baseball diamonds and sports-field infrastructure, not a dog park."
gated_highres,"Designated area for dogs to play, dog park",4,0.3562893867492676,w759781786_US_19,An aerial image. It shows: Driveway.,/data/tessera_dataset/image-emb-text/images6/w759781786_US_19.jpg,-82.63966858168268,28.360449765658295,False,0.98,"Wooded residential or park-like area with roads and scattered clearings, without a visible designated dog area."
gated_highres,"Designated area for dogs to play, dog park",5,0.3562893867492676,a568554812_US_21,"An aerial image. It shows: Designated area for dogs to play, dog park.",/data/tessera_dataset/image-emb-text/images7/a568554812_US_21.jpg,-82.91847162543434,39.90302739449773,True,0.88,"Large enclosed grassy area with a clearly visible perimeter fence and park access paths, consistent with a designated dog exercise area."
gated_highres,"Designated area for dogs to play, dog park",6,0.3562893867492676,n2958261443_FI_20,An aerial image. It shows: Playground with spinner.,/data/tessera_dataset/image-emb-text/images2/n2958261443_FI_20.jpg,24.946489667767835,60.1552150711443,False,0.78,"Park-like grounds with paths and several developed sandy or landscaped sections, but no clearly identifiable dog-park enclosure."
gated_highres,"Designated area for dogs to play, dog park",7,0.3562893867492676,n6871237053_US_20,"An aerial image. It shows: Designated area for dogs to play, dog park.",/data/tessera_dataset/image-emb-text/images5/n6871237053_US_20.jpg,-88.20362013679798,43.404947969038545,False,0.96,"Undeveloped open grassy field with paths and trees, lacking visible fencing or designated dog-park features."
gated_highres,"Designated area for dogs to play, dog park",8,0.3562893867492676,a855160494_US_21,"An aerial image. It shows: Designated area for dogs to play, dog park.",/data/tessera_dataset/image-emb-text/images3/a855160494_US_21.jpg,-86.22996915,34.2750123,True,0.86,"A clearly enclosed, elongated open area with perimeter fencing and internal access paths, consistent with a designated dog park."
gated_highres,"Designated area for dogs to play, dog park",9,0.3562893867492676,n9385776355_CH_20,An aerial image. It shows: Playground area for leisure activities on the land.,/data/tessera_dataset/image-emb-text/images5/n9385776355_CH_20.jpg,6.849271127370455,46.462356574551706,False,0.99,"Small grassy residential or institutional yard beside buildings and a road, with no visible dog-park designation."
gated_highres,"Designated area for dogs to play, dog park",10,0.3562893867492676,w693109373_US_21,"An aerial image. It shows: Service road designated for golf carts, also known as cartpath.",/data/tessera_dataset/image-emb-text/images5/w693109373_US_21.jpg,-73.5562709,41.0571641,False,0.96,"General landscaped park or open green space with trees and paths, without a visible fenced dog area."
gated_highres,Detached building with gabled roof,1,0.35777440667152405,a332949807_CH_18,An aerial image. It shows: Farm building.,/data/tessera_dataset/image-emb-text/images7/a332949807_CH_18.jpg,7.46365635,46.673913,True,0.86,A detached rectangular building with a visibly pitched roof and central ridge separating two roof planes.
gated_highres,Detached building with gabled roof,2,0.35777440667152405,a1075571626_CH_20,An aerial image. It shows: Simple and straightforward house.,/data/tessera_dataset/image-emb-text/images7/a1075571626_CH_20.jpg,7.0794055,46.565779899999995,True,0.9,"A single detached building with a clear gabled roof, visible as two differently shaded sloping roof planes."
gated_highres,Detached building with gabled roof,3,0.35777440667152405,a222860041_CH_19,An aerial image. It shows: Terrace building.,/data/tessera_dataset/image-emb-text/images2/a222860041_CH_19.jpg,8.745065279275444,47.326089380625916,True,0.96,"Several detached buildings are visible, including prominent buildings with clearly pitched, ridge-based gabled roofs."
gated_highres,Detached building with gabled roof,4,0.35777440667152405,a240871319_CH_18,An aerial image. It shows: Barn.,/data/tessera_dataset/image-emb-text/images4/a240871319_CH_18.jpg,7.4842200000000005,46.6552091,True,0.78,A large isolated roof shows a long central ridge and two sloping roof planes consistent with a gabled building.
gated_highres,Detached building with gabled roof,5,0.35777440667152405,a221392701_CH_19,An aerial image. It shows: Terrace building.,/data/tessera_dataset/image-emb-text/images5/a221392701_CH_19.jpg,8.73147745,47.35445085,True,0.88,Detached buildings with pitched tiled roofs and visible ridge lines are present.
gated_highres,Detached building with gabled roof,6,0.35777440667152405,a222859293_CH_19,An aerial image. It shows: Terrace building.,/data/tessera_dataset/image-emb-text/images2/a222859293_CH_19.jpg,8.746674215710343,47.32650215566281,True,0.97,"Multiple detached buildings are clearly visible, with several having pitched gabled roofs."
gated_highres,Detached building with gabled roof,7,0.35777440667152405,a306911403_CH_19,An aerial image. It shows: Detached building with gabled roof.,/data/tessera_dataset/image-emb-text/images7/a306911403_CH_19.jpg,8.912884277548397,47.64323876313453,True,0.96,A cluster of detached buildings visibly has multiple sloping tiled roofs with clear gable and ridge structures.
gated_highres,Detached building with gabled roof,8,0.35777440667152405,a299217823_CH_19,An aerial image. It shows: Detached building with gabled roof.,/data/tessera_dataset/image-emb-text/images5/a299217823_CH_19.jpg,8.915428896582423,47.26706048763897,True,0.98,Several detached residential buildings are clearly visible with pitched gabled roofs.
gated_highres,Detached building with gabled roof,9,0.35777440667152405,a275126110_CH_19,An aerial image. It shows: Detached building with gabled roof.,/data/tessera_dataset/image-emb-text/images7/a275126110_CH_19.jpg,8.9108919,47.26983035,True,0.95,A single detached rectangular building has a clearly visible pitched roof divided by a central ridge.
gated_highres,Detached building with gabled roof,10,0.35777440667152405,a108297497_CH_19,An aerial image. It shows: Terrace building.,/data/tessera_dataset/image-emb-text/images3/a108297497_CH_19.jpg,8.727507593319896,47.35272272171784,True,0.92,A detached building in the center has a large pitched roof with distinct sloping planes and a ridge.
gated_highres,Golf tee on grassy land,1,0.35686424374580383,a1161110283_US_18,An aerial image. It shows: Golf rough area.,/data/tessera_dataset/image-emb-text/images3/a1161110283_US_18.jpg,-96.891963,33.137791449999995,True,0.82,"A distinct rectangular, closely mown grassy area is visible beside a golf-course path."
gated_highres,Golf tee on grassy land,2,0.35686424374580383,a1016989796_US_19,An aerial image. It shows: Area of rough grass used for golf.,/data/tessera_dataset/image-emb-text/images6/a1016989796_US_19.jpg,-92.51292500898167,32.57331362727044,True,0.68,The aerial view shows manicured golf-course grass with several rectangular mown patches consistent with teeing areas.
gated_highres,Golf tee on grassy land,3,0.35686424374580383,w883294438_US_20,An aerial image. It shows: Path for both roads and golfers.,/data/tessera_dataset/image-emb-text/images6/w883294438_US_20.jpg,-94.10242846201916,30.133780644824206,True,0.95,A clear rectangular pale-green teeing area is visible on grassy land beside a cart path.
gated_highres,Golf tee on grassy land,4,0.35686424374580383,a690061324_CH_20,An aerial image. It shows: Golf tee on grass surface.,/data/tessera_dataset/image-emb-text/images2/a690061324_CH_20.jpg,7.3789675500000005,46.23654985,True,0.9,A distinct rectangular closely mown patch is clearly visible within the surrounding grass.
gated_highres,Golf tee on grassy land,5,0.35686424374580383,a839513484_US_21,An aerial image. It shows: Golf bunker filled with sandy terrain.,/data/tessera_dataset/image-emb-text/images2/a839513484_US_21.jpg,-80.86368138481691,32.2949803209683,False,0.88,"A golf course with fairways, greens, paths, and bunkers is visible, but no golf tee is clearly identifiable."
gated_highres,Golf tee on grassy land,6,0.35686424374580383,a1042366905_US_21,An aerial image. It shows: Golf rough area.,/data/tessera_dataset/image-emb-text/images4/a1042366905_US_21.jpg,-77.1406634,39.1203381,False,0.86,"The image shows a grassy golf-course fairway and mowing patterns, without a visibly distinct teeing area."
gated_highres,Golf tee on grassy land,7,0.35686424374580383,w869728507_US_19,An aerial image. It shows: Path for both road and golf.,/data/tessera_dataset/image-emb-text/images4/w869728507_US_19.jpg,-92.86756191326631,44.97411225305912,True,0.64,"Multiple manicured grassy golf areas are visible, including small distinct mown patches consistent with teeing grounds."
gated_highres,Golf tee on grassy land,8,0.35686424374580383,w976053205_US_21,An aerial image. It shows: Path used for both walking and golf.,/data/tessera_dataset/image-emb-text/images6/w976053205_US_21.jpg,-77.14463759664021,39.12009775582453,False,0.72,"A golf course and putting green are visible, but a distinct golf tee is not clearly present."
gated_highres,Golf tee on grassy land,9,0.35686424374580383,w1112310107_US_18,An aerial image. It shows: Path for golf carts.,/data/tessera_dataset/image-emb-text/images5/w1112310107_US_18.jpg,-86.64001927526525,36.23436586194321,False,0.8,"The image clearly shows a golf-course landscape with greens, fairways, paths, and bunkers, but no identifiable teeing area."
gated_highres,Golf tee on grassy land,10,0.35686424374580383,w680078409_US_21,An aerial image. It shows: Path designed for golf carts.,/data/tessera_dataset/image-emb-text/images2/w680078409_US_21.jpg,-84.04261717721326,35.99839870487253,False,0.98,"The scene is dominated by rough ground, trees, and paths, with no visibly identifiable grassy golf tee."
gated_highres,Grass area designated as golf tee,1,0.3584611713886261,a1016989796_US_19,An aerial image. It shows: Area of rough grass used for golf.,/data/tessera_dataset/image-emb-text/images6/a1016989796_US_19.jpg,-92.51292500898167,32.57331362727044,True,0.78,"A clearly maintained rectangular grass area with distinct mowing patterns is visible within a golf-course landscape, consistent with a teeing ground."
gated_highres,Grass area designated as golf tee,2,0.3584611713886261,w744782679_US_19,An aerial image. It shows: View of golf hole.,/data/tessera_dataset/image-emb-text/images5/w744782679_US_19.jpg,-79.73252586273982,42.0628158882332,False,0.72,"The image shows mowed golf-course grass, paths, and trees, but no distinctly identifiable teeing area."
gated_highres,Grass area designated as golf tee,3,0.3584611713886261,a894025258_US_19,An aerial image. It shows: Grassy area designated as driving range for golf.,/data/tessera_dataset/image-emb-text/images7/a894025258_US_19.jpg,-94.37543626987934,35.354566713349804,False,0.7,"Golf-course fairway-like grass, sand bunkers, paths, and trees are visible, but a designated tee area is not clearly distinguishable."
gated_highres,Grass area designated as golf tee,4,0.3584611713886261,w693109376_US_21,An aerial image. It shows: Service road used as golf cart path.,/data/tessera_dataset/image-emb-text/images6/w693109376_US_21.jpg,-73.5571126,41.0582722,False,0.76,"The scene contains golf-course paths, mowed grass, trees, and a bunker, without a visibly distinct teeing ground."
gated_highres,Grass area designated as golf tee,5,0.3584611713886261,w1126104862_US_19,An aerial image. It shows: View of golf hole.,/data/tessera_dataset/image-emb-text/images4/w1126104862_US_19.jpg,-82.53604668474846,28.153399857269548,False,0.75,"A golf-course green or fairway with bunkers and paths is visible, but no clear designated tee area can be identified."
gated_highres,Grass area designated as golf tee,6,0.3584611713886261,w947950974_US_21,An aerial image. It shows: Path for both roads and golfers.,/data/tessera_dataset/image-emb-text/images2/w947950974_US_21.jpg,-73.93420909630123,40.927143814402875,True,0.9,"Multiple sharply defined, closely mowed rectangular grass areas beside a golf path are visible, consistent with golf tee boxes."
gated_highres,Grass area designated as golf tee,7,0.3584611713886261,w920994756_US_20,An aerial image. It shows: Path used for both walking and golf.,/data/tessera_dataset/image-emb-text/images7/w920994756_US_20.jpg,-91.18477185418121,38.818863294109676,False,0.84,"A small rounded, highly manicured green is visible near a path, appearing more like a putting green than a teeing area."
gated_highres,Grass area designated as golf tee,8,0.3584611713886261,w869728507_US_19,An aerial image. It shows: Path for both road and golf.,/data/tessera_dataset/image-emb-text/images4/w869728507_US_19.jpg,-92.86756191326631,44.97411225305912,True,0.87,"Several distinct closely mowed rectangular or oval grass patches beside paths are visible among golf-course fairways and bunkers, including likely teeing grounds."
gated_highres,Grass area designated as golf tee,9,0.3584611713886261,a1160603879_US_19,An aerial image. It shows: Rough area in golf course.,/data/tessera_dataset/image-emb-text/images7/a1160603879_US_19.jpg,-92.86762775,44.97427415,True,0.92,"The crop clearly shows a compact, neatly maintained elongated grass patch adjacent to a golf path, consistent with a designated tee area."
gated_highres,Grass area designated as golf tee,10,0.3584611713886261,a1042366905_US_21,An aerial image. It shows: Golf rough area.,/data/tessera_dataset/image-emb-text/images4/a1042366905_US_21.jpg,-77.1406634,39.1203381,False,0.78,"The image shows broad mowed fairway or rough with paths and trees, but no distinct teeing ground is visibly identifiable."
gated_highres,Lock gate along waterway,1,0.35824525356292725,w27460522_US_21,An aerial image. It shows: Lock gate on waterway.,/data/tessera_dataset/image-emb-text/images3/w27460522_US_21.jpg,-120.69682858071201,45.71962952114524,True,0.96,Aerial view clearly shows a gated lock chamber and concrete water-control structures between two water bodies.
gated_highres,Lock gate along waterway,2,0.35824525356292725,n1756851716_US_19,An aerial image. It shows: Lock gate along waterway.,/data/tessera_dataset/image-emb-text/images2/n1756851716_US_19.jpg,-80.08943829570343,40.50489283707853,True,0.92,A narrow waterway is visibly divided by concrete lock structures with gate-like barriers along the channel.
gated_highres,Lock gate along waterway,3,0.35824525356292725,w1167167916_US_21,An aerial image. It shows: Lock gate along waterway.,/data/tessera_dataset/image-emb-text/images7/w1167167916_US_21.jpg,-94.29646601692129,35.34800558608204,True,0.95,Clearly visible lock chamber with dark gate structures and connecting waterways.
gated_highres,Lock gate along waterway,4,0.35824525356292725,n3894456478_US_19,An aerial image. It shows: Lock gate along waterway.,/data/tessera_dataset/image-emb-text/images3/n3894456478_US_19.jpg,-80.0882373,40.5042849,True,0.78,The image shows a narrow canal with a visible gated connection and lock-like water-control structure at the left.
gated_highres,Lock gate along waterway,5,0.35824525356292725,n9604397797_US_19,An aerial image. It shows: Lock gate along waterway.,/data/tessera_dataset/image-emb-text/images7/n9604397797_US_19.jpg,-92.8673052,44.7585249,True,0.94,Aerial view clearly shows a lock chamber with gates and adjoining canal channels.
gated_highres,Lock gate along waterway,6,0.35824525356292725,n1751950838_US_19,An aerial image. It shows: Lock gate along waterway.,/data/tessera_dataset/image-emb-text/images3/n1751950838_US_19.jpg,-79.47802575283033,40.894139467105944,True,0.65,"A substantial linear gate or sluice structure visibly crosses and controls the waterway, though the lock-chamber layout is partly obscured."
gated_highres,Lock gate along waterway,7,0.35824525356292725,w27460520_US_21,An aerial image. It shows: Dam along waterway.,/data/tessera_dataset/image-emb-text/images3/w27460520_US_21.jpg,-120.69908478798418,45.71821433009593,True,0.97,"Prominent lock complex with concrete chambers, gate structures, and water channels is clearly visible."
gated_highres,Lock gate along waterway,8,0.35824525356292725,w48329913_US_19,An aerial image. It shows: Lock gate along waterway.,/data/tessera_dataset/image-emb-text/images6/w48329913_US_19.jpg,-92.8686174,44.7600577,True,0.93,Multiple adjoining canal sections and distinct lock gates/chambers are clearly visible from above.
gated_highres,Lock gate along waterway,9,0.35824525356292725,w199548671_US_21,An aerial image. It shows: Dam along waterway.,/data/tessera_dataset/image-emb-text/images5/w199548671_US_21.jpg,-87.8679711,41.1129102,False,0.82,"The image primarily shows a dam or spillway with a discharge structure, without a visibly navigable lock chamber or lock gates."
gated_highres,Lock gate along waterway,10,0.35824525356292725,n8484233434_US_20,An aerial image. It shows: Hydro power generator using the water-storage method.,/data/tessera_dataset/image-emb-text/images2/n8484233434_US_20.jpg,-92.62254949973976,38.20475015671009,False,0.79,"The scene shows a dam or water-control facility with circular tanks and concrete infrastructure, but no clearly visible lock chamber or lock gate."
gated_highres,Marsh wetland,1,0.36037197709083557,a905210989_US_18,An aerial image. It shows: Marshy wetland area.,/data/tessera_dataset/image-emb-text/images6/a905210989_US_18.jpg,-83.89668445000001,42.60724585,True,0.82,"A broad saturated, marshy vegetation area with small ponds is visibly present beside the wooded and residential landscape."
gated_highres,Marsh wetland,2,0.36037197709083557,a35352985_US_21,An aerial image. It shows: Marshy wetland area.,/data/tessera_dataset/image-emb-text/images3/a35352985_US_21.jpg,-88.04308774268671,41.7154637218975,True,0.98,"Dense wetland vegetation, saturated ground, and a winding drainage channel are clearly visible."
gated_highres,Marsh wetland,3,0.36037197709083557,a1167270149_US_21,An aerial image. It shows: Beautiful wet meadow natural wetland.,/data/tessera_dataset/image-emb-text/images4/a1167270149_US_21.jpg,-82.63443793953668,29.393514248683033,True,0.9,"A dark, waterlogged wooded wetland or swamp is clearly visible in the center of the image."
gated_highres,Marsh wetland,4,0.36037197709083557,a1178399631_US_22,An aerial image. It shows: Marshy wetland area.,/data/tessera_dataset/image-emb-text/images4/a1178399631_US_22.jpg,-81.6319817,27.308078100000003,True,0.96,"A shallow wetland basin with standing water, marsh vegetation, and saturated channels is clearly visible."
gated_highres,Marsh wetland,5,0.36037197709083557,a1178682291_US_22,An aerial image. It shows: Marshy wetland area.,/data/tessera_dataset/image-emb-text/images6/a1178682291_US_22.jpg,-81.54594200389239,27.34677792838111,True,0.94,A pond surrounded by marshy vegetation and wet ground is clearly visible in an agricultural setting.
gated_highres,Marsh wetland,6,0.36037197709083557,a761806034_US_21,An aerial image. It shows: Fen wetland area.,/data/tessera_dataset/image-emb-text/images4/a761806034_US_21.jpg,-70.8740013747707,42.18276046198076,True,0.93,A large continuous area of dense low wetland vegetation and saturated terrain is visible between wooded areas.
gated_highres,Marsh wetland,7,0.36037197709083557,a1177300398_US_22,An aerial image. It shows: Marshy wetland area.,/data/tessera_dataset/image-emb-text/images7/a1177300398_US_22.jpg,-81.58321725,27.34611285,True,0.91,Several broad marshy clearings with saturated dark edges and wetland vegetation are visible among the trees.
gated_highres,Marsh wetland,8,0.36037197709083557,a969664159_US_18,"An aerial image. It shows: Water hazard in golf course, with natural water features.",/data/tessera_dataset/image-emb-text/images4/a969664159_US_18.jpg,-77.0901139,39.1382258,True,0.84,The image visibly shows a small marshy wetland area with irregular vegetated patches and water channels.
gated_highres,Marsh wetland,9,0.36037197709083557,a1157336667_US_17,An aerial image. It shows: Saltmarsh wetland area.,/data/tessera_dataset/image-emb-text/images5/a1157336667_US_17.jpg,-87.47690935,30.3131001,True,1.0,"An extensive tidal marsh with branching channels, mudflats, and open water is clearly visible."
gated_highres,Marsh wetland,10,0.36037197709083557,a314296297_CH_20,"An aerial image. It shows: Retention basin with water, created as natural feature.",/data/tessera_dataset/image-emb-text/images3/a314296297_CH_20.jpg,6.508502898658957,46.52476797009682,True,0.68,"A grassy, waterlogged area with multiple dark shallow pools and saturated depressions is visible, consistent with a wetland."
gated_highres,Miniature golf leisure land,1,0.3587658405303955,a1098813714_US_21,An aerial image. It shows: Miniature golf leisure land.,/data/tessera_dataset/image-emb-text/images6/a1098813714_US_21.jpg,-77.66584390853825,39.64424613245517,True,0.98,"Aerial view clearly shows a landscaped miniature golf course with winding putting lanes, obstacles, and small greens."
gated_highres,Miniature golf leisure land,2,0.3587658405303955,a558262204_US_21,An aerial image. It shows: Miniature golf leisure land.,/data/tessera_dataset/image-emb-text/images4/a558262204_US_21.jpg,-77.0332454,42.126624050000004,True,0.94,Visible landscaped recreational grounds contain multiple small winding miniature golf holes and putting areas.
gated_highres,Miniature golf leisure land,3,0.3587658405303955,a1080315620_US_21,An aerial image. It shows: Miniature golf course.,/data/tessera_dataset/image-emb-text/images6/a1080315620_US_21.jpg,-78.90432427457785,33.67669910049963,True,0.99,"Large, clearly visible miniature golf course with numerous themed holes, winding paths, and landscaped obstacles."
gated_highres,Miniature golf leisure land,4,0.3587658405303955,a1080974143_US_21,An aerial image. It shows: Miniature golf course.,/data/tessera_dataset/image-emb-text/images7/a1080974143_US_21.jpg,-86.69533032008806,36.22165297670965,True,0.93,Aerial image visibly includes several miniature golf lanes and circular putting areas within a leisure complex.
gated_highres,Miniature golf leisure land,5,0.3587658405303955,a700227459_US_19,An aerial image. It shows: Miniature golf leisure land.,/data/tessera_dataset/image-emb-text/images4/a700227459_US_19.jpg,-74.24042245000001,39.56241455,True,0.84,"Despite low resolution, the image visibly shows a patterned recreational course with multiple miniature golf lanes and obstacles."
gated_highres,Miniature golf leisure land,6,0.3587658405303955,a744652965_US_20,An aerial image. It shows: Miniature golf course.,/data/tessera_dataset/image-emb-text/images6/a744652965_US_20.jpg,-97.2958184,27.673172700000002,True,0.98,"Clearly visible miniature golf course with many winding green lanes, landscaped dividers, and obstacles."
gated_highres,Miniature golf leisure land,7,0.3587658405303955,a469536956_US_20,An aerial image. It shows: Miniature golf course.,/data/tessera_dataset/image-emb-text/images7/a469536956_US_20.jpg,-83.2532879,42.2690669,True,0.99,Wide aerial view clearly depicts an extensive miniature golf course made up of many distinct putting holes.
gated_highres,Miniature golf leisure land,8,0.3587658405303955,a818577266_US_21,An aerial image. It shows: Miniature golf leisure land.,/data/tessera_dataset/image-emb-text/images3/a818577266_US_21.jpg,-83.56484263434938,35.794921733662036,True,0.99,"Clearly visible enclosed miniature golf leisure area with multiple themed holes, water features, and winding putting lanes."
gated_highres,Miniature golf leisure land,9,0.3587658405303955,a556089310_US_21,An aerial image. It shows: Miniature golf leisure land.,/data/tessera_dataset/image-emb-text/images5/a556089310_US_21.jpg,-81.032052,29.274759,True,0.98,"Aerial image clearly shows a miniature golf course with numerous holes, curved lanes, landscaping, and ponds."
gated_highres,Miniature golf leisure land,10,0.3587658405303955,a485238053_US_21,An aerial image. It shows: Miniature golf course.,/data/tessera_dataset/image-emb-text/images5/a485238053_US_21.jpg,-92.5852324,34.579644200000004,True,0.98,"Clearly visible miniature golf course with multiple winding putting lanes, obstacles, and water features."
gated_highres,Mixed leaf woodland,1,0.35977837443351746,a1119428683_US_22,An aerial image. It shows: Mixed leaf woodland.,/data/tessera_dataset/image-emb-text/images5/a1119428683_US_22.jpg,-84.57760569999999,30.4047931,True,0.93,"Dense aerial woodland canopy with visibly varied tree textures and shades, including mixed foliage types."
gated_highres,Mixed leaf woodland,2,0.35977837443351746,a1124547305_US_22,An aerial image. It shows: Mixed leaf woodland.,/data/tessera_dataset/image-emb-text/images6/a1124547305_US_22.jpg,-85.4339303918485,30.894742455940857,True,0.91,A distinct woodland patch contains a mixture of dark conifer-like crowns and lighter broadleaf vegetation.
gated_highres,Mixed leaf woodland,3,0.35977837443351746,a1119428594_US_22,An aerial image. It shows: Mixed leaf woodland.,/data/tessera_dataset/image-emb-text/images7/a1119428594_US_22.jpg,-84.52197955223357,30.409656293426607,True,0.92,"Continuous dense woodland with varied crown shapes, colors, and leaf textures across the canopy."
gated_highres,Mixed leaf woodland,4,0.35977837443351746,a101378037_CH_19,An aerial image. It shows: Mixed leaf-type forest area.,/data/tessera_dataset/image-emb-text/images3/a101378037_CH_19.jpg,9.203154932295226,47.304292368235465,True,0.96,Clearly visible mixed woodland containing both broadleaf crowns and darker conifer-like trees.
gated_highres,Mixed leaf woodland,5,0.35977837443351746,a566347746_CH_18,An aerial image. It shows: Forest area.,/data/tessera_dataset/image-emb-text/images6/a566347746_CH_18.jpg,7.4581438,46.69052635,True,0.86,Scattered woodland shows dark evergreen-like crowns interspersed with lighter green leafy trees.
gated_highres,Mixed leaf woodland,6,0.35977837443351746,a1092222786_US_20,An aerial image. It shows: Mixed woodland with variety of leaf types and cycles.,/data/tessera_dataset/image-emb-text/images4/a1092222786_US_20.jpg,-95.65085115,31.5634461,True,0.98,Large woodland area visibly contains diverse broadleaf and conifer-like tree crowns with varied canopy structure.
gated_highres,Mixed leaf woodland,7,0.35977837443351746,a217889471_CH_21,An aerial image. It shows: Forest area.,/data/tessera_dataset/image-emb-text/images5/a217889471_CH_21.jpg,7.9170379,47.07666445,True,0.96,Wooded strip visibly combines evergreen conifers with leafless and leafy deciduous trees.
gated_highres,Mixed leaf woodland,8,0.35977837443351746,a255963631_CH_18,An aerial image. It shows: Forest area.,/data/tessera_dataset/image-emb-text/images3/a255963631_CH_18.jpg,7.456077894309124,46.612988910623756,True,0.93,Dense stand visibly includes dark conifer-like crowns mixed with lighter broadleaf trees.
gated_highres,Mixed leaf woodland,9,0.35977837443351746,a1133257149_US_21,An aerial image. It shows: Beautiful woodland area.,/data/tessera_dataset/image-emb-text/images7/a1133257149_US_21.jpg,-81.28246900366992,40.990268504908045,True,0.89,Extensive dense woodland with visibly varied rounded broadleaf crowns and differing green canopy textures.
gated_highres,Mixed leaf woodland,10,0.35977837443351746,a1093271926_US_20,An aerial image. It shows: Mixed woodland with variety of leaf types and cycles.,/data/tessera_dataset/image-emb-text/images3/a1093271926_US_20.jpg,-95.58507207908234,31.562722509524967,True,0.94,"Dense woodland canopy visibly contains a mixture of tree forms, colors, and foliage textures."
gated_highres,Poultry house,1,0.3596043884754181,a524680439_US_21,An aerial image. It shows: Poultry house.,/data/tessera_dataset/image-emb-text/images3/a524680439_US_21.jpg,-82.96292091090632,34.285921156909296,True,0.99,"Multiple long, narrow parallel agricultural buildings with consistent poultry-house form and service areas."
gated_highres,Poultry house,2,0.3596043884754181,a1162351830_US_19,An aerial image. It shows: Poultry farmyard.,/data/tessera_dataset/image-emb-text/images2/a1162351830_US_19.jpg,-82.9773013680351,30.15817567906757,True,0.99,"Four long parallel enclosed barns with visible access/service structures, clearly matching a poultry-house complex."
gated_highres,Poultry house,3,0.3596043884754181,a414714874_US_22,An aerial image. It shows: Poultry house.,/data/tessera_dataset/image-emb-text/images2/a414714874_US_22.jpg,-84.31337824558022,34.68207083083193,True,0.98,"Several long, narrow parallel agricultural barns are clearly visible from above."
gated_highres,Poultry house,4,0.3596043884754181,a289926225_CH_18,An aerial image. It shows: Rural barn.,/data/tessera_dataset/image-emb-text/images5/a289926225_CH_18.jpg,8.200909055420325,46.74043263462834,False,0.98,"A single large pitched-roof building appears to be a conventional house or general building, without a visibly clear poultry-house layout."
gated_highres,Poultry house,5,0.3596043884754181,a534013064_US_19,An aerial image. It shows: Poultry house.,/data/tessera_dataset/image-emb-text/images2/a534013064_US_19.jpg,-82.97696730421637,34.29331702347116,True,0.99,"Multiple long parallel enclosed barns with repeated service equipment between them, consistent with poultry houses."
gated_highres,Poultry house,6,0.3596043884754181,a414716143_US_22,An aerial image. It shows: Poultry house.,/data/tessera_dataset/image-emb-text/images2/a414716143_US_22.jpg,-84.32366043869499,34.68117021536322,True,0.99,Several long narrow parallel agricultural buildings are visibly arranged as a poultry-house complex.
gated_highres,Poultry house,7,0.3596043884754181,a1097729485_US_21,An aerial image. It shows: Poultry farmyard is depicted in the image.,/data/tessera_dataset/image-emb-text/images2/a1097729485_US_21.jpg,-83.23902217649729,30.11308746823731,True,0.99,A group of long parallel barns with repeated central service structures is clearly visible.
gated_highres,Poultry house,8,0.3596043884754181,a524680453_US_21,An aerial image. It shows: Poultry house.,/data/tessera_dataset/image-emb-text/images3/a524680453_US_21.jpg,-82.96929735153172,34.283060200993326,True,0.99,"Multiple long enclosed agricultural barns arranged in parallel with service areas, visibly consistent with poultry houses."
gated_highres,Poultry house,9,0.3596043884754181,a524680461_US_21,An aerial image. It shows: Poultry house.,/data/tessera_dataset/image-emb-text/images2/a524680461_US_21.jpg,-82.97400861017846,34.28560706460177,True,0.98,Two long narrow parallel barns with associated access and service structures are clearly visible.
gated_highres,Poultry house,10,0.3596043884754181,a534015858_US_21,An aerial image. It shows: Poultry house.,/data/tessera_dataset/image-emb-text/images3/a534015858_US_21.jpg,-82.96787001232212,34.29166389173055,True,0.99,Several long parallel enclosed barns with repeated equipment and access areas clearly form a poultry-house complex.
gated_highres,Public building,1,0.36857518553733826,a220913587_US_18,An aerial image. It shows: Public building.,/data/tessera_dataset/image-emb-text/images2/a220913587_US_18.jpg,-121.91136689999999,37.34963985,True,0.76,"Large standalone institutional-looking building with extensive roof area, surrounding landscaping, and access areas."
gated_highres,Public building,2,0.36857518553733826,a329546193_US_20,An aerial image. It shows: Building that serves as place of worship.,/data/tessera_dataset/image-emb-text/images3/a329546193_US_20.jpg,-85.68973963999974,38.2540101942579,True,0.72,"Substantial multi-building complex with a large red-roofed structure, paved access areas, and extensive surrounding parking and grounds."
gated_highres,Public building,3,0.36857518553733826,a208364989_US_21,An aerial image. It shows: Building.,/data/tessera_dataset/image-emb-text/images5/a208364989_US_21.jpg,-104.79358676247165,38.798898261338174,True,0.63,"Large flat-roofed building surrounded by sizable parking lots and organized access areas, consistent with an institutional or public facility."
gated_highres,Public building,4,0.36857518553733826,a439601460_US_18,An aerial image. It shows: Commercial building housing bank.,/data/tessera_dataset/image-emb-text/images6/a439601460_US_18.jpg,-118.3891232153444,33.901134510174614,True,0.86,"Prominent large institutional-looking building with formal grounds, extensive parking, and a clearly organized urban access network."
gated_highres,Public building,5,0.36857518553733826,a1115814864_US_20,An aerial image. It shows: School.,/data/tessera_dataset/image-emb-text/images6/a1115814864_US_20.jpg,-118.07486286993041,33.90324546455895,True,0.79,"Large complex of connected buildings with extensive parking, landscaped interior space, and a campus-like layout."
gated_highres,Public building,6,0.36857518553733826,a295884426_US_21,An aerial image. It shows: Clinic building providing healthcare services.,/data/tessera_dataset/image-emb-text/images5/a295884426_US_21.jpg,-103.20326705076681,44.09087710349267,True,0.84,"Central substantial building in a landscaped compound with surrounding parking and separate service structures, strongly suggesting an institutional facility."
gated_highres,Public building,7,0.36857518553733826,a692341623_US_20,An aerial image. It shows: Parking area.,/data/tessera_dataset/image-emb-text/images5/a692341623_US_20.jpg,-83.15412073383186,42.48547980839659,True,0.61,Multiple sizable buildings with large parking areas along a major road; the site has a commercial or institutional appearance.
gated_highres,Public building,8,0.36857518553733826,a54787211_US_21,An aerial image. It shows: Office building.,/data/tessera_dataset/image-emb-text/images4/a54787211_US_21.jpg,-80.40904587579718,37.20426140368389,True,0.81,"Large standalone flat-roofed building in a wooded, landscaped campus with curved driveways and dedicated parking."
gated_highres,Public building,9,0.36857518553733826,a294349325_CH_19,An aerial image. It shows: Commercial building.,/data/tessera_dataset/image-emb-text/images4/a294349325_CH_19.jpg,9.514095543010267,46.85581460769839,False,0.72,"Dense rooftop and parking-lot view shows a large building, but the pixels do not provide clear visual evidence that it is a public facility."
gated_highres,Public building,10,0.36857518553733826,a268538294_US_19,An aerial image. It shows: Commercial building.,/data/tessera_dataset/image-emb-text/images4/a268538294_US_19.jpg,-75.13120711448084,39.946737607065685,True,0.9,"Large waterfront complex with formal landscaped grounds, a plaza-like circular feature, extensive parking, and monumental institutional buildings."
gated_highres,Residential area consisting of single-family homes,1,0.3527728319168091,a1157331719_US_22,An aerial image. It shows: This residential area consists of single-family homes.,/data/tessera_dataset/image-emb-text/images5/a1157331719_US_22.jpg,-87.27176261385424,30.384428099217004,True,0.96,"Aerial view clearly shows many detached houses with individual yards, driveways, and local residential streets."
gated_highres,Residential area consisting of single-family homes,2,0.3527728319168091,a1157325395_US_22,An aerial image. It shows: Residential area composed of single-family homes.,/data/tessera_dataset/image-emb-text/images4/a1157325395_US_22.jpg,-87.25371809007439,30.39744022708024,True,0.99,Dense residential subdivision with numerous detached single-family homes arranged along streets and driveways.
gated_highres,Residential area consisting of single-family homes,3,0.3527728319168091,a1157330247_US_22,An aerial image. It shows: Residential area consisting of single-family homes.,/data/tessera_dataset/image-emb-text/images7/a1157330247_US_22.jpg,-87.28269076391382,30.392601153671784,True,0.97,"Multiple detached homes with separate lots, yards, and neighborhood roads are clearly visible."
gated_highres,Residential area consisting of single-family homes,4,0.3527728319168091,a1157325379_US_19,An aerial image. It shows: Residential area composed of single-family homes.,/data/tessera_dataset/image-emb-text/images7/a1157325379_US_19.jpg,-87.26421910041955,30.394322312359808,True,0.94,Scattered detached houses with individual lawns and access roads form a visibly residential area.
gated_highres,Residential area consisting of single-family homes,5,0.3527728319168091,a947916327_US_17,An aerial image. It shows: Neighborhood.,/data/tessera_dataset/image-emb-text/images6/a947916327_US_17.jpg,-119.3431476703035,46.28926697092092,True,1.0,"Large planned neighborhood visibly consists of many detached single-family homes, streets, yards, and cul-de-sacs."
gated_highres,Residential area consisting of single-family homes,6,0.3527728319168091,w9082706_US_21,An aerial image. It shows: Residential road.,/data/tessera_dataset/image-emb-text/images4/w9082706_US_21.jpg,-70.932012,41.71233,True,0.93,"Several detached houses with lawns, driveways, and residential streets are visible among trees."
gated_highres,Residential area consisting of single-family homes,7,0.3527728319168091,a1157329134_US_22,An aerial image. It shows: Residential area consisting of single-family homes.,/data/tessera_dataset/image-emb-text/images4/a1157329134_US_22.jpg,-87.28802856666363,30.38576037323596,True,0.88,Rural residential area with multiple detached homes on individual wooded or open lots and local roads.
gated_highres,Residential area consisting of single-family homes,8,0.3527728319168091,a1078672985_US_21,An aerial image. It shows: Sidewalk.,/data/tessera_dataset/image-emb-text/images5/a1078672985_US_21.jpg,-105.16195051822642,39.96992697388819,True,1.0,"Clearly planned subdivision containing rows of detached single-family houses, individual yards, and residential streets."
gated_highres,Residential area consisting of single-family homes,9,0.3527728319168091,a723570343_US_21,An aerial image. It shows: Residential area within neighborhood.,/data/tessera_dataset/image-emb-text/images5/a723570343_US_21.jpg,-82.06750067106995,35.00423873444764,True,0.95,"Multiple detached homes on separate lots line a residential road, with yards and surrounding residential landscaping."
gated_highres,Residential area consisting of single-family homes,10,0.3527728319168091,a1136089476_US_22,An aerial image. It shows: Residential area consisting of single-family homes.,/data/tessera_dataset/image-emb-text/images6/a1136089476_US_22.jpg,-85.9510584939317,30.25573856428999,True,0.98,Aerial view clearly shows a neighborhood of numerous detached houses on individual lots along intersecting streets.
gated_highres,Residential road with asphalt surface,1,0.3697373569011688,w115952482_CH_20,An aerial image. It shows: Living street.,/data/tessera_dataset/image-emb-text/images4/w115952482_CH_20.jpg,6.951454835369232,46.24528894160538,True,0.98,"A paved asphalt residential intersection is clearly visible between detached homes, lawns, and driveways."
gated_highres,Residential road with asphalt surface,2,0.3697373569011688,w230937121_CH_20,An aerial image. It shows: Asphalt road designated as living street.,/data/tessera_dataset/image-emb-text/images6/w230937121_CH_20.jpg,6.958735921284732,46.24638903459751,True,0.98,"A broad gray asphalt residential road is visible alongside detached houses, lawns, and landscaping."
gated_highres,Residential road with asphalt surface,3,0.3697373569011688,w35936337_CH_19,An aerial image. It shows: Paved residential road.,/data/tessera_dataset/image-emb-text/images6/w35936337_CH_19.jpg,9.547340999985721,46.858739381204984,True,0.9,"A paved residential road or access lane is visibly present beside houses, driveways, and trees."
gated_highres,Residential road with asphalt surface,4,0.3697373569011688,w366964504_CH_19,An aerial image. It shows: Fence.,/data/tessera_dataset/image-emb-text/images5/w366964504_CH_19.jpg,8.7660667,47.3747091,True,0.86,A narrow cracked asphalt road is clearly visible through a grassy residential-looking area.
gated_highres,Residential road with asphalt surface,5,0.3697373569011688,w189668169_CH_18,An aerial image. It shows: Smoothly paved residential road.,/data/tessera_dataset/image-emb-text/images4/w189668169_CH_18.jpg,8.741365793754944,46.15329476140673,True,0.95,"An asphalt residential road is visible beside houses, a driveway, and dense landscaping."
gated_highres,Residential road with asphalt surface,6,0.3697373569011688,w262547831_CH_20,"An aerial image. It shows: Residential road with asphalt surface, without sidewalks.",/data/tessera_dataset/image-emb-text/images4/w262547831_CH_20.jpg,6.9986274,46.2828847,True,0.93,"A narrow asphalt residential road is visible next to homes, lawns, and property boundaries."
gated_highres,Residential road with asphalt surface,7,0.3697373569011688,w998008771_CH_19,An aerial image. It shows: Residential road with asphalt surface.,/data/tessera_dataset/image-emb-text/images5/w998008771_CH_19.jpg,9.2228024,47.3293087,True,0.96,"A paved asphalt residential street is clearly visible between houses, lawns, sidewalks, and driveways."
gated_highres,Residential road with asphalt surface,8,0.3697373569011688,n2405472829_US_18,An aerial image. It shows: Turning loop on the road.,/data/tessera_dataset/image-emb-text/images5/n2405472829_US_18.jpg,-83.43912974670161,42.653898035955336,True,0.99,"A residential neighborhood with multiple clearly visible asphalt streets, including a roundabout, is shown from above."
gated_highres,Residential road with asphalt surface,9,0.3697373569011688,w129102731_CH_20,An aerial image. It shows: Living street.,/data/tessera_dataset/image-emb-text/images6/w129102731_CH_20.jpg,6.9636318827740755,46.24970686440779,True,0.95,"A gray asphalt residential road or paved access area is visible among detached homes, driveways, and a pool."
gated_highres,Residential road with asphalt surface,10,0.3697373569011688,n6021102864_US_21,An aerial image. It shows: Road with stop sign.,/data/tessera_dataset/image-emb-text/images4/n6021102864_US_21.jpg,-89.60490756346215,40.6881901717404,True,0.98,A residential neighborhood is clearly visible with multiple paved asphalt roads running between homes and yards.
gated_highres,Rest area on the road,1,0.3753408193588257,a256931129_US_21,An aerial image. It shows: Rest area on the road.,/data/tessera_dataset/image-emb-text/images4/a256931129_US_21.jpg,-81.10382346306906,37.2061672821053,True,0.99,"A large landscaped parking facility with numerous cars and trucks, access roads, and picnic or shelter areas directly beside a divided highway."
gated_highres,Rest area on the road,2,0.3753408193588257,w18966586_US_21,An aerial image. It shows: Trunk link highway.,/data/tessera_dataset/image-emb-text/images6/w18966586_US_21.jpg,-82.198263,39.227108,False,0.8,"Shows a small roadside paved area and buildings, but no clearly identifiable rest-area parking or recreational facilities."
gated_highres,Rest area on the road,3,0.3753408193588257,a153804495_US_20,An aerial image. It shows: Rest area on the road.,/data/tessera_dataset/image-emb-text/images6/a153804495_US_20.jpg,-86.41492040367575,43.86816704102972,True,0.9,"A forested roadside facility with loop access roads, marked parking bays, and landscaped central areas characteristic of a rest stop."
gated_highres,Rest area on the road,4,0.3753408193588257,a291486126_US_20,An aerial image. It shows: Rest area along the road.,/data/tessera_dataset/image-emb-text/images7/a291486126_US_20.jpg,-89.03250257636843,46.20945225902162,False,0.98,"Only roadway, trees, and narrow paths are visible; there is no clear rest-area facility or parking area."
gated_highres,Rest area on the road,5,0.3753408193588257,a603916617_US_20,An aerial image. It shows: Rest area along the road.,/data/tessera_dataset/image-emb-text/images4/a603916617_US_20.jpg,-88.42723316727282,43.556353096171044,True,0.82,"A paved parking area with several vehicles, curved access roads, landscaped grounds, and pedestrian paths beside a roadway."
gated_highres,Rest area on the road,6,0.3753408193588257,a845549058_US_20,An aerial image. It shows: Rest area along the road.,/data/tessera_dataset/image-emb-text/images4/a845549058_US_20.jpg,-77.84363345,36.0303355,True,0.99,"A substantial highway rest area with separate car and truck parking, buildings or shelters, landscaped grounds, and connecting access roads."
gated_highres,Rest area on the road,7,0.3753408193588257,a388052606_US_20,An aerial image. It shows: Rest area on the road.,/data/tessera_dataset/image-emb-text/images7/a388052606_US_20.jpg,-84.67067779881086,44.96784149305594,True,0.88,A roadside paved parking facility with multiple vehicles and access lanes immediately beside a divided highway.
gated_highres,Rest area on the road,8,0.3753408193588257,w17967662_US_18,An aerial image. It shows: Primary highway.,/data/tessera_dataset/image-emb-text/images4/w17967662_US_18.jpg,-85.4095248444032,41.85934096672918,False,0.72,"Shows a building, driveway, and parking near a road, but the pixels do not clearly establish a public rest area."
gated_highres,Rest area on the road,9,0.3753408193588257,w18964271_US_21,An aerial image. It shows: Trunk link highway.,/data/tessera_dataset/image-emb-text/images6/w18964271_US_21.jpg,-82.19845517074016,39.22709713784498,False,0.82,"A small paved roadside property with buildings and vehicles, without clearly visible rest-area parking or amenities."
gated_highres,Rest area on the road,10,0.3753408193588257,n6738246211_US_21,An aerial image. It shows: Rest area along the road.,/data/tessera_dataset/image-emb-text/images5/n6738246211_US_21.jpg,-109.0574437,35.3530192,True,0.93,"A highway-side facility with numerous parked trucks and cars, access pavement, and buildings consistent with a rest area or truck stop."
gated_highres,Road crossing with traffic signals,1,0.370677649974823,w1062507075_CH_20,An aerial image. It shows: Footway crossing equipped with traffic signals.,/data/tessera_dataset/image-emb-text/images6/w1062507075_CH_20.jpg,6.599634313877234,46.51963076635413,True,0.99,Aerial view clearly shows a marked road intersection with multiple yellow pedestrian crosswalks and traffic-signal poles at the crossing.
gated_highres,Road crossing with traffic signals,2,0.370677649974823,n4746400114_CH_20,An aerial image. It shows: Road crossing with traffic signals.,/data/tessera_dataset/image-emb-text/images5/n4746400114_CH_20.jpg,7.364543335767314,46.229499822110014,True,0.98,A marked intersection with a prominent yellow pedestrian crosswalk and visible signal equipment/poles.
gated_highres,Road crossing with traffic signals,3,0.370677649974823,n9350641769_CH_20,An aerial image. It shows: Marked road crossing with pedestrian island.,/data/tessera_dataset/image-emb-text/images5/n9350641769_CH_20.jpg,6.841499224202676,46.46318272925378,True,0.99,"Multiple intersecting roadways, yellow pedestrian crossings, and several visible traffic-signal poles are clearly present."
gated_highres,Road crossing with traffic signals,4,0.370677649974823,n1663247892_CH_20,An aerial image. It shows: Road crossing with traffic signals.,/data/tessera_dataset/image-emb-text/images7/n1663247892_CH_20.jpg,6.855528468207913,46.45474848726883,True,0.84,"A yellow pedestrian crosswalk crosses the roadway, with visible roadside signal infrastructure along the right edge."
gated_highres,Road crossing with traffic signals,5,0.370677649974823,n3395116518_CH_20,An aerial image. It shows: Road with traffic signals.,/data/tessera_dataset/image-emb-text/images7/n3395116518_CH_20.jpg,6.8964664,46.443228,True,0.99,"Clearly marked roadway crossing with a broad yellow pedestrian crosswalk, lane arrows, and visible traffic-signal poles."
gated_highres,Road crossing with traffic signals,6,0.370677649974823,n1666448124_CH_20,"An aerial image. It shows: Marked crossing with zebra pattern, featuring crossing island.",/data/tessera_dataset/image-emb-text/images3/n1666448124_CH_20.jpg,6.837020576701811,46.466306555785295,True,0.98,Aerial view shows a signalized road intersection with multiple yellow pedestrian crosswalks and signal poles.
gated_highres,Road crossing with traffic signals,7,0.370677649974823,n9161401565_CH_19,An aerial image. It shows: Road with traffic signals.,/data/tessera_dataset/image-emb-text/images4/n9161401565_CH_19.jpg,8.91930749664175,47.237439046468666,True,0.97,A marked road crossing with yellow pedestrian stripes and visible traffic-signal infrastructure at the intersection.
gated_highres,Road crossing with traffic signals,8,0.370677649974823,n412214676_CH_19,An aerial image. It shows: Road crossing with traffic signals and island.,/data/tessera_dataset/image-emb-text/images7/n412214676_CH_19.jpg,9.5343099,46.8595418,True,0.98,"A large yellow pedestrian crosswalk spans the roadway, with traffic-signal poles and intersection markings visible."
gated_highres,Road crossing with traffic signals,9,0.370677649974823,n1444557220_CH_20,An aerial image. It shows: Marked road crossing with pedestrian island.,/data/tessera_dataset/image-emb-text/images5/n1444557220_CH_20.jpg,6.584109087889578,46.53810364421099,True,0.98,"Several yellow pedestrian crossings are visible across intersecting roads, along with traffic-signal poles."
gated_highres,Road crossing with traffic signals,10,0.370677649974823,n4858136008_CH_19,"An aerial image. It shows: Road with ""give way"" sign.",/data/tessera_dataset/image-emb-text/images5/n4858136008_CH_19.jpg,8.94880554621718,47.24347805453293,True,0.91,"The image clearly shows a road intersection with signal poles and signal heads, though pedestrian crossing markings are less prominent."
gated_highres,"Roller coaster, exhilarating and thrilling attraction",1,0.36162030696868896,w723018574_US_18,An aerial image. It shows: Thrilling roller coaster attraction.,/data/tessera_dataset/image-emb-text/images3/w723018574_US_18.jpg,-121.97472906818123,37.39642107559118,True,0.99,Aerial view clearly shows extensive winding roller-coaster track with tight turns and elevated sections.
gated_highres,"Roller coaster, exhilarating and thrilling attraction",2,0.36162030696868896,w723018596_US_20,"An aerial image. It shows: Roller coaster, exhilarating and thrilling attraction.",/data/tessera_dataset/image-emb-text/images3/w723018596_US_20.jpg,-121.9745308119522,37.39685332224737,True,0.98,"Visible roller-coaster track occupies the lower-left area, with multiple curves and elevated rails."
gated_highres,"Roller coaster, exhilarating and thrilling attraction",3,0.36162030696868896,w723303244_US_18,An aerial image. It shows: Thrilling roller coaster attraction.,/data/tessera_dataset/image-emb-text/images3/w723303244_US_18.jpg,-121.97395933709562,37.39532242126563,True,0.88,An amusement-park area visibly includes winding coaster-like track on the left and additional attraction structures.
gated_highres,"Roller coaster, exhilarating and thrilling attraction",4,0.36162030696868896,a723571469_US_20,An aerial image. It shows: Amusement ride.,/data/tessera_dataset/image-emb-text/images3/a723571469_US_20.jpg,-121.97399666986395,37.39394541678702,True,0.86,"A narrow elevated track with repeated curves is visibly winding through a landscaped, wooded area."
gated_highres,"Roller coaster, exhilarating and thrilling attraction",5,0.36162030696868896,w723586059_US_20,"An aerial image. It shows: Roller coaster, exhilarating and thrilling attraction.",/data/tessera_dataset/image-emb-text/images3/w723586059_US_20.jpg,-121.9736506502952,37.39366507411558,True,0.96,Clearly visible roller-coaster track forms pronounced curves and a large banked section on the right.
gated_highres,"Roller coaster, exhilarating and thrilling attraction",6,0.36162030696868896,n287560868_FI_20,An aerial image. It shows: Big wheel attraction.,/data/tessera_dataset/image-emb-text/images3/n287560868_FI_20.jpg,24.939215664617485,60.188006587881496,True,0.99,Multiple prominent roller-coaster tracks and looping structures are clearly visible across the amusement-park scene.
gated_highres,"Roller coaster, exhilarating and thrilling attraction",7,0.36162030696868896,w723351350_US_20,An aerial image. It shows: Thrilling roller coaster attraction.,/data/tessera_dataset/image-emb-text/images2/w723351350_US_20.jpg,-121.9740524,37.3943224,True,0.86,Winding elevated track is visibly present through the trees and landscaped attraction area.
gated_highres,"Roller coaster, exhilarating and thrilling attraction",8,0.36162030696868896,w729485819_US_20,"An aerial image. It shows: Roller coaster, exhilarating and thrilling attraction.",/data/tessera_dataset/image-emb-text/images2/w729485819_US_20.jpg,-121.97369913260701,37.396706123089466,True,0.96,Blue roller-coaster track with multiple bends is clearly visible in the upper-right portion of the image.
gated_highres,"Roller coaster, exhilarating and thrilling attraction",9,0.36162030696868896,n11013212855_US_19,An aerial image. It shows: Bumper car attraction.,/data/tessera_dataset/image-emb-text/images7/n11013212855_US_19.jpg,-78.97430688539093,43.02821753619313,True,0.83,A compact elevated track with a tight U-shaped turn and a long straight section is visibly present.
gated_highres,"Roller coaster, exhilarating and thrilling attraction",10,0.36162030696868896,w729485811_US_20,An aerial image. It shows: Thrilling roller coaster attraction.,/data/tessera_dataset/image-emb-text/images2/w729485811_US_20.jpg,-121.9731837,37.397345,True,0.98,A large blue roller-coaster layout with numerous curves and elevated track is clearly visible in the center.
gated_highres,Secondary road around roundabout,1,0.36471331119537354,w1010140395_US_18,An aerial image. It shows: Secondary road around roundabout.,/data/tessera_dataset/image-emb-text/images7/w1010140395_US_18.jpg,-116.80612545697059,33.921902535307346,True,0.99,"A large landscaped roundabout is clearly visible, with multiple connecting roads including smaller secondary roadways around it."
gated_highres,Secondary road around roundabout,2,0.36471331119537354,w1055600679_US_18,An aerial image. It shows: Secondary road around roundabout.,/data/tessera_dataset/image-emb-text/images4/w1055600679_US_18.jpg,-116.80624406849194,33.92182671323603,True,0.99,"The image clearly shows a landscaped roundabout and several surrounding road connections, including secondary access roads."
gated_highres,Secondary road around roundabout,3,0.36471331119537354,w960044411_US_20,An aerial image. It shows: Residential road with asphalt surface leading to roundabout.,/data/tessera_dataset/image-emb-text/images7/w960044411_US_20.jpg,-121.25143031729844,38.88834253518634,True,0.96,A small roundabout is visibly connected to several narrow local or secondary roads.
gated_highres,Secondary road around roundabout,4,0.36471331119537354,w328901278_US_20,"An aerial image. It shows: Asphalt road classified as primary highway, featuring roundabout at junction.",/data/tessera_dataset/image-emb-text/images4/w328901278_US_20.jpg,-78.6552625178884,35.78259279973484,True,0.95,"A landscaped roundabout is visible within a developed area, with smaller roads feeding into and around it."
gated_highres,Secondary road around roundabout,5,0.36471331119537354,n3940888623_US_21,An aerial image. It shows: Unmarked road crossing.,/data/tessera_dataset/image-emb-text/images4/n3940888623_US_21.jpg,-111.58625045753189,33.2401659083904,True,0.94,"A circular traffic roundabout is clearly visible between buildings, surrounded by multiple local road approaches."
gated_highres,Secondary road around roundabout,6,0.36471331119537354,w273788372_US_19,An aerial image. It shows: Secondary road with asphalt surface leading to roundabout.,/data/tessera_dataset/image-emb-text/images4/w273788372_US_19.jpg,-122.48457201941059,48.7433910141276,True,0.97,A landscaped roundabout is clearly present with several smaller connecting roads around the circular junction.
gated_highres,Secondary road around roundabout,7,0.36471331119537354,n8977528196_US_21,An aerial image. It shows: Marked crossing on the road.,/data/tessera_dataset/image-emb-text/images4/n8977528196_US_21.jpg,-111.7685528,40.3535851,True,0.93,"The image visibly contains a circular landscaped traffic island functioning as a roundabout, with surrounding access roads."
gated_highres,Secondary road around roundabout,8,0.36471331119537354,w685934670_US_21,An aerial image. It shows: Primary highway with asphalt surface leading to roundabout.,/data/tessera_dataset/image-emb-text/images5/w685934670_US_21.jpg,-112.0047639,40.5622175,True,0.98,"A large roundabout with a grassy central island is clearly visible, connected to several secondary roads."
gated_highres,Secondary road around roundabout,9,0.36471331119537354,w1006361002_US_20,An aerial image. It shows: Secondary road around roundabout.,/data/tessera_dataset/image-emb-text/images7/w1006361002_US_20.jpg,-116.80630535454645,33.922251754324904,True,0.99,"A large landscaped roundabout and multiple surrounding roadways, including smaller connecting roads, are clearly visible."
gated_highres,Secondary road around roundabout,10,0.36471331119537354,n6254138705_CH_18,An aerial image. It shows: Turning loop on the road.,/data/tessera_dataset/image-emb-text/images4/n6254138705_CH_18.jpg,7.4973087,46.8844038,False,0.83,"A small landscaped traffic island is visible in a paved open area, but it does not clearly appear to be a road roundabout with a secondary road around it."
gated_highres,Solar power generator using photovoltaic panels,1,0.3534581661224365,n8593167166_CH_19,An aerial image. It shows: Solar power generator utilizing photovoltaic technology with solar photovoltaic panels.,/data/tessera_dataset/image-emb-text/images5/n8593167166_CH_19.jpg,8.799687650941053,47.36183997550219,True,0.99,A large array of photovoltaic panels is clearly visible on the roof.
gated_highres,Solar power generator using photovoltaic panels,2,0.3534581661224365,n7544358025_CH_19,An aerial image. It shows: Small solar photovoltaic panel generator installed on roof.,/data/tessera_dataset/image-emb-text/images4/n7544358025_CH_19.jpg,8.781583512723877,47.308760199103425,True,0.99,The rooftop visibly contains a substantial rectangular grid of photovoltaic panels.
gated_highres,Solar power generator using photovoltaic panels,3,0.3534581661224365,n7544296783_CH_19,"An aerial image. It shows: Small solar photovoltaic panel generator installed on the roof, producing electricity.",/data/tessera_dataset/image-emb-text/images3/n7544296783_CH_19.jpg,8.761752563154868,47.3027429346057,True,0.98,Multiple photovoltaic panel arrays are visibly installed across the rooftops.
gated_highres,Solar power generator using photovoltaic panels,4,0.3534581661224365,n7544358005_CH_19,"An aerial image. It shows: Small solar photovoltaic panel installed on the roof, generating electricity from 49 solar modules.",/data/tessera_dataset/image-emb-text/images2/n7544358005_CH_19.jpg,8.762093537247138,47.30882352208128,True,0.99,A large rooftop solar panel array is clearly visible.
gated_highres,Solar power generator using photovoltaic panels,5,0.3534581661224365,n10652657861_CH_21,An aerial image. It shows: Solar photovoltaic panel generator.,/data/tessera_dataset/image-emb-text/images5/n10652657861_CH_21.jpg,7.935405680423468,47.095920186021644,True,0.99,A dense photovoltaic panel array is visibly mounted on the roof.
gated_highres,Solar power generator using photovoltaic panels,6,0.3534581661224365,n10651819831_CH_18,An aerial image. It shows: Solar power generator using photovoltaic panels.,/data/tessera_dataset/image-emb-text/images4/n10651819831_CH_18.jpg,7.903138156354704,47.06723230232265,True,0.99,The visible rooftop area contains a large grid of photovoltaic panels.
gated_highres,Solar power generator using photovoltaic panels,7,0.3534581661224365,n7544357995_CH_19,An aerial image. It shows: Small solar photovoltaic generator installed on roof.,/data/tessera_dataset/image-emb-text/images2/n7544357995_CH_19.jpg,8.7486379,47.3109622,True,0.99,"A large, clearly delineated photovoltaic panel array covers the roof."
gated_highres,Solar power generator using photovoltaic panels,8,0.3534581661224365,n10580064590_CH_18,An aerial image. It shows: Solar power generator utilizing photovoltaic technology with solar photovoltaic panels.,/data/tessera_dataset/image-emb-text/images6/n10580064590_CH_18.jpg,7.9393532688869595,46.92693815644768,True,0.99,A prominent rectangular array of photovoltaic panels is visible on the roof.
gated_highres,Solar power generator using photovoltaic panels,9,0.3534581661224365,a1088502667_CH_19,"An aerial image. It shows: Solar power generator with photovoltaic panels, producing small amount of electricity.",/data/tessera_dataset/image-emb-text/images4/a1088502667_CH_19.jpg,9.22669125,47.3907431,True,0.96,A row of dark rectangular photovoltaic panels is visibly installed along the rooftop.
gated_highres,Solar power generator using photovoltaic panels,10,0.3534581661224365,n7544357985_CH_19,"An aerial image. It shows: Small solar photovoltaic panel generator installed on roof, providing electricity.",/data/tessera_dataset/image-emb-text/images2/n7544357985_CH_19.jpg,8.763659496905138,47.303955939945375,True,0.98,A substantial rooftop photovoltaic panel array is clearly visible.
gated_highres,Storage tank created as man-made structure,1,0.35298123955726624,a789049554_US_21,An aerial image. It shows: Storage tank created as man-made structure.,/data/tessera_dataset/image-emb-text/images7/a789049554_US_21.jpg,-91.17302491745883,30.550041729912465,True,0.99,Large circular above-ground storage tank with a clearly defined rim is visible from above.
gated_highres,Storage tank created as man-made structure,2,0.35298123955726624,a1070730461_US_20,An aerial image. It shows: Storage tank created as man-made structure.,/data/tessera_dataset/image-emb-text/images6/a1070730461_US_20.jpg,-97.40458383347428,27.818210492189657,True,0.99,A large circular industrial storage tank is clearly visible in a paved facility.
gated_highres,Storage tank created as man-made structure,3,0.35298123955726624,a705262725_US_18,An aerial image. It shows: Storage tank building.,/data/tessera_dataset/image-emb-text/images5/a705262725_US_18.jpg,-93.97981387059008,29.998072962813307,True,0.99,Multiple circular industrial storage tanks with distinct rims and associated infrastructure are visible.
gated_highres,Storage tank created as man-made structure,4,0.35298123955726624,a97803243_US_20,An aerial image. It shows: Storage tank created as man-made structure.,/data/tessera_dataset/image-emb-text/images5/a97803243_US_20.jpg,-97.49002219768751,27.813154721553936,True,0.99,Several large circular storage tanks and connecting industrial walkways are clearly visible.
gated_highres,Storage tank created as man-made structure,5,0.35298123955726624,a665693634_CH_20,An aerial image. It shows: Building with storage tank.,/data/tessera_dataset/image-emb-text/images7/a665693634_CH_20.jpg,6.840607199593515,46.626246019922604,True,0.94,A circular man-made tank or containment basin with a constructed dark rim and attached equipment is visible.
gated_highres,Storage tank created as man-made structure,6,0.35298123955726624,n9526122002_US_19,An aerial image. It shows: Storage tank with man-made structure.,/data/tessera_dataset/image-emb-text/images7/n9526122002_US_19.jpg,-103.02129849385841,47.846284964403175,True,0.82,An industrial area visibly contains a row of small cylindrical storage tanks or tank containers.
gated_highres,Storage tank created as man-made structure,7,0.35298123955726624,a460925624_US_19,An aerial image. It shows: Storage tank which is man-made and housed in building.,/data/tessera_dataset/image-emb-text/images3/a460925624_US_19.jpg,-96.75351791829158,36.016932949641294,True,0.98,Multiple large circular storage tanks are clearly visible beside an access road.
gated_highres,Storage tank created as man-made structure,8,0.35298123955726624,a1041027881_US_20,An aerial image. It shows: Storage tank which is man-made.,/data/tessera_dataset/image-emb-text/images4/a1041027881_US_20.jpg,-97.436585066639,27.811307350957286,True,0.99,A large circular industrial storage tank is visible within a constructed facility.
gated_highres,Storage tank created as man-made structure,9,0.35298123955726624,a418124426_CH_18,An aerial image. It shows: Storage tank which is man-made.,/data/tessera_dataset/image-emb-text/images3/a418124426_CH_18.jpg,7.4835990500000005,46.8196057,True,0.98,A circular tank with a distinct constructed rim and filled interior is clearly visible.
gated_highres,Storage tank created as man-made structure,10,0.35298123955726624,a460925598_US_21,An aerial image. It shows: Storage tank created as man-made structure.,/data/tessera_dataset/image-emb-text/images2/a460925598_US_21.jpg,-96.75100236651,36.00970289150621,True,0.98,A large circular storage tank with a visible rim and industrial contents is clearly present.
gated_highres,Trunk link highway with asphalt surface,1,0.36125487089157104,w142156896_US_21,An aerial image. It shows: Trunk link highway.,/data/tessera_dataset/image-emb-text/images6/w142156896_US_21.jpg,-92.679187,32.431086,False,0.93,"A narrow two-lane paved road is visible, but it does not visibly appear to be a trunk link highway."
gated_highres,Trunk link highway with asphalt surface,2,0.36125487089157104,w1111586989_US_19,An aerial image. It shows: Trunk highway.,/data/tessera_dataset/image-emb-text/images6/w1111586989_US_19.jpg,-93.94785015231858,44.33848587882828,True,0.99,"A divided, multi-lane asphalt highway with a loop-shaped turn section is clearly visible."
gated_highres,Trunk link highway with asphalt surface,3,0.36125487089157104,w1080843678_US_22,An aerial image. It shows: Expressway with asphalt surface classified as trunk highway.,/data/tessera_dataset/image-emb-text/images5/w1080843678_US_22.jpg,-82.98940753194806,30.94308219126948,True,0.99,"A divided asphalt highway with multiple lanes, directional markings, and a merge or turn area is clearly visible."
gated_highres,Trunk link highway with asphalt surface,4,0.36125487089157104,w1080843673_US_22,"An aerial image. It shows: Expressway with asphalt surface, categorized as trunk highway.",/data/tessera_dataset/image-emb-text/images7/w1080843673_US_22.jpg,-82.98926680375959,30.942939352972317,True,0.99,A multi-lane divided asphalt highway and marked channelized junction are clearly visible.
gated_highres,Trunk link highway with asphalt surface,5,0.36125487089157104,w537097103_US_21,An aerial image. It shows: Asphalt road designated as trunk highway.,/data/tessera_dataset/image-emb-text/images6/w537097103_US_21.jpg,-81.84312286855689,30.55109024785495,True,0.98,A divided multi-lane asphalt roadway with highway-style markings and connecting access roads is visible.
gated_highres,Trunk link highway with asphalt surface,6,0.36125487089157104,n67776537_US_21,An aerial image. It shows: Stop road.,/data/tessera_dataset/image-emb-text/images7/n67776537_US_21.jpg,-83.62409005233279,31.075072366606022,True,0.98,A broad multi-lane asphalt highway with a junction and turning lanes is clearly visible.
gated_highres,Trunk link highway with asphalt surface,7,0.36125487089157104,w416177878_US_20,An aerial image. It shows: Trunk highway with expressway features.,/data/tessera_dataset/image-emb-text/images7/w416177878_US_20.jpg,-121.9342071088767,37.39798653343496,True,0.99,A wide divided multi-lane asphalt highway with several lanes and connecting roads is clearly visible.
gated_highres,Trunk link highway with asphalt surface,8,0.36125487089157104,w53681086_US_21,An aerial image. It shows: Primary highway that functions as expressway.,/data/tessera_dataset/image-emb-text/images7/w53681086_US_21.jpg,-92.4179967773797,31.177338326108426,True,0.98,"A divided asphalt roadway with multiple lanes, turning areas, and highway-style geometry is visible."
gated_highres,Trunk link highway with asphalt surface,9,0.36125487089157104,w51128704_US_21,An aerial image. It shows: Primary highway.,/data/tessera_dataset/image-emb-text/images5/w51128704_US_21.jpg,-78.58989720184914,36.61182613780008,True,0.98,A divided asphalt highway with a large channelized intersection and connecting ramps or lanes is clearly visible.
gated_highres,Trunk link highway with asphalt surface,10,0.36125487089157104,w613375639_US_19,An aerial image. It shows: Asphalt road with primary link designation.,/data/tessera_dataset/image-emb-text/images7/w613375639_US_19.jpg,-111.71546445135905,33.57415876440537,True,0.99,"A wide multi-lane divided asphalt highway with turn lanes, markings, and an adjoining junction is clearly visible."
gated_highres,Unmarked crossing on footway,1,0.3634127676486969,n7706143008_US_20,An aerial image. It shows: Crossing on the road.,/data/tessera_dataset/image-emb-text/images4/n7706143008_US_20.jpg,-85.6351855,38.2414733,False,0.98,The intersection has clearly painted pedestrian crosswalk markings.
gated_highres,Unmarked crossing on footway,2,0.3634127676486969,n9834702436_US_21,An aerial image. It shows: Marked road crossing.,/data/tessera_dataset/image-emb-text/images7/n9834702436_US_21.jpg,-111.71500957472149,40.32656605652325,False,0.99,Multiple marked crosswalks are visibly painted across the intersection.
gated_highres,Unmarked crossing on footway,3,0.3634127676486969,w833536205_US_21,An aerial image. It shows: Footway on asphalt with marked crossing lines.,/data/tessera_dataset/image-emb-text/images5/w833536205_US_21.jpg,-111.89391082513222,40.76063980552371,False,0.93,The intersection shows visible painted pedestrian crossing markings.
gated_highres,Unmarked crossing on footway,4,0.3634127676486969,n9943542890_US_21,An aerial image. It shows: Stop road.,/data/tessera_dataset/image-emb-text/images5/n9943542890_US_21.jpg,-71.0358266899352,42.08086905236358,True,0.88,"A paved footway visibly crosses the roadway, with no painted crosswalk markings apparent."
gated_highres,Unmarked crossing on footway,5,0.3634127676486969,n4594843354_US_20,An aerial image. It shows: Unmarked road crossing.,/data/tessera_dataset/image-emb-text/images6/n4594843354_US_20.jpg,-85.63320418981363,38.24151620135485,False,0.91,"The image shows a curved roadway and adjacent paths or driveways, but no clearly visible footway crossing the road."
gated_highres,Unmarked crossing on footway,6,0.3634127676486969,w793100517_US_20,An aerial image. It shows: Crossing on footway.,/data/tessera_dataset/image-emb-text/images4/w793100517_US_20.jpg,-83.2331917478692,42.29304882402063,True,0.86,A paved pedestrian path visibly crosses the access roadway near the parking area without painted crossing markings.
gated_highres,Unmarked crossing on footway,7,0.3634127676486969,w1137155532_US_19,An aerial image. It shows: Asphalt footway with uncontrolled pedestrian crossing marked with lines.,/data/tessera_dataset/image-emb-text/images7/w1137155532_US_19.jpg,-90.24797153568204,39.723780910216945,True,0.84,"A footway visibly reaches and crosses the roadway at the junction, with no marked crosswalk apparent."
gated_highres,Unmarked crossing on footway,8,0.3634127676486969,n5343160750_US_20,An aerial image. It shows: Marked crossing on the road.,/data/tessera_dataset/image-emb-text/images7/n5343160750_US_20.jpg,-85.81458667964156,41.56589379606548,True,0.89,A narrow paved footway visibly crosses the horizontal roadway without painted crossing markings.
gated_highres,Unmarked crossing on footway,9,0.3634127676486969,w1126142147_US_20,An aerial image. It shows: Marked crossing on footway.,/data/tessera_dataset/image-emb-text/images6/w1126142147_US_20.jpg,-78.5379225044557,35.86407941950009,False,0.97,The road junction has clearly visible painted crosswalk markings.
gated_highres,Unmarked crossing on footway,10,0.3634127676486969,n9382420679_US_21,An aerial image. It shows: Marked road crossing.,/data/tessera_dataset/image-emb-text/images7/n9382420679_US_21.jpg,-86.5478744,34.6464291,True,0.78,"A roadway junction with adjacent pedestrian paths is visible, and no painted crosswalk markings are apparent."
gated_highres,View of motorway,1,0.36992311477661133,w32213475_US_20,An aerial image. It shows: Motorway.,/data/tessera_dataset/image-emb-text/images7/w32213475_US_20.jpg,-118.08097051729015,33.91828812081116,True,0.99,Aerial view clearly shows a broad divided multi-lane motorway with multiple vehicles.
gated_highres,View of motorway,2,0.36992311477661133,w361657286_US_21,An aerial image. It shows: Motorway link.,/data/tessera_dataset/image-emb-text/images6/w361657286_US_21.jpg,-112.26941832130413,33.53150166246449,True,0.99,"Clearly visible divided motorway with several lanes, traffic, and roadside infrastructure."
gated_highres,View of motorway,3,0.36992311477661133,w357031932_US_19,An aerial image. It shows: Asphalt motorway.,/data/tessera_dataset/image-emb-text/images4/w357031932_US_19.jpg,-112.26954916761323,33.533696129367144,True,0.99,Aerial image prominently shows a divided multi-lane motorway carrying traffic.
gated_highres,View of motorway,4,0.36992311477661133,w339376527_US_18,An aerial image. It shows: Asphalt trunk highway which is also expressway.,/data/tessera_dataset/image-emb-text/images5/w339376527_US_18.jpg,-118.92416005111039,37.647282864448044,True,0.98,A divided highway with multiple lanes and vehicles is clearly visible through the landscape.
gated_highres,View of motorway,5,0.36992311477661133,n836524066_US_21,An aerial image. It shows: Motorway junction.,/data/tessera_dataset/image-emb-text/images4/n836524066_US_21.jpg,-76.6086028291835,39.17199317797883,True,0.99,Clearly visible multi-lane divided motorway bordered by dense vegetation.
gated_highres,View of motorway,6,0.36992311477661133,w119387149_US_21,An aerial image. It shows: View of motorway.,/data/tessera_dataset/image-emb-text/images6/w119387149_US_21.jpg,-104.795703,38.7928192,True,0.99,Aerial view shows a busy divided multi-lane motorway with numerous vehicles.
gated_highres,View of motorway,7,0.36992311477661133,w967603090_US_20,An aerial image. It shows: Motorway link.,/data/tessera_dataset/image-emb-text/images7/w967603090_US_20.jpg,-95.55752232679092,29.730403389894136,True,0.99,A very broad divided motorway with multiple lanes and sparse traffic is plainly visible.
gated_highres,View of motorway,8,0.36992311477661133,w994871094_US_19,An aerial image. It shows: Urban freeway or expressway.,/data/tessera_dataset/image-emb-text/images2/w994871094_US_19.jpg,-75.0635562565691,39.81310721125159,True,0.98,"Clearly visible divided motorway with multiple lanes, vehicles, and adjacent development."
gated_highres,View of motorway,9,0.36992311477661133,w1009839908_US_20,An aerial image. It shows: Motorway.,/data/tessera_dataset/image-emb-text/images2/w1009839908_US_20.jpg,-117.07247974385717,32.72624678025416,True,0.99,Aerial image clearly shows a large divided motorway with multiple lanes and traffic.
gated_highres,View of motorway,10,0.36992311477661133,w1177992661_US_21,An aerial image. It shows: Motorway.,/data/tessera_dataset/image-emb-text/images6/w1177992661_US_21.jpg,-97.41341833581062,38.14161703670154,True,0.78,"A paved divided roadway with vehicles is visible from above, consistent with a motorway."
gated_highres,View of wastewater plant,1,0.3498836159706116,a386270475_CH_19,An aerial image. It shows: Wastewater plant protected by fence.,/data/tessera_dataset/image-emb-text/images3/a386270475_CH_19.jpg,8.715698249999999,47.3141023,True,0.99,"Aerial view clearly shows wastewater treatment infrastructure, including rectangular treatment basins, aeration or settling tanks, covered structures, and a circular clarifier."
gated_highres,View of wastewater plant,2,0.3498836159706116,a878034731_US_17,An aerial image. It shows: Wastewater plant.,/data/tessera_dataset/image-emb-text/images4/a878034731_US_17.jpg,-94.86599606004779,39.73082616353754,True,0.99,"Large treatment complex with numerous circular clarifiers, rectangular basins, and associated industrial facilities is clearly visible."
gated_highres,View of wastewater plant,3,0.3498836159706116,a858198257_US_21,An aerial image. It shows: View of wastewater plant.,/data/tessera_dataset/image-emb-text/images4/a858198257_US_21.jpg,-83.78382689610814,40.098643823462226,True,0.98,"Visible circular tanks, rectangular treatment basins, filtration structures, and process buildings identify a wastewater treatment plant."
gated_highres,View of wastewater plant,4,0.3498836159706116,a1166277623_US_20,An aerial image. It shows: View of wastewater plant.,/data/tessera_dataset/image-emb-text/images4/a1166277623_US_20.jpg,-97.37640357924373,30.33720722932044,True,0.98,"Compact facility visibly contains circular settling tanks, rectangular basins, and connected treatment structures."
gated_highres,View of wastewater plant,5,0.3498836159706116,a527622728_US_21,An aerial image. It shows: Man-made water works facility.,/data/tessera_dataset/image-emb-text/images4/a527622728_US_21.jpg,-81.28343592610136,41.136226078613575,True,0.96,"Aerial pixels show multiple circular clarifiers, rectangular basins, and service buildings characteristic of wastewater treatment."
gated_highres,View of wastewater plant,6,0.3498836159706116,a457752031_US_21,An aerial image. It shows: Water works facility enclosed by barbed wire fence.,/data/tessera_dataset/image-emb-text/images2/a457752031_US_21.jpg,-76.59116669967376,39.33611811365536,True,0.93,"Large industrial water-treatment complex with expansive rectangular basins and multiple process structures is visibly present, consistent with wastewater treatment."
gated_highres,View of wastewater plant,7,0.3498836159706116,a620947041_US_21,An aerial image. It shows: Wastewater plant.,/data/tessera_dataset/image-emb-text/images2/a620947041_US_21.jpg,-81.06912062090817,32.07413180004487,True,0.99,"Clearly visible wastewater plant with large rectangular treatment beds, circular clarifiers, channels, and multiple process buildings."
gated_highres,View of wastewater plant,8,0.3498836159706116,a900169775_US_20,An aerial image. It shows: Wastewater plant.,/data/tessera_dataset/image-emb-text/images4/a900169775_US_20.jpg,-97.2194738933259,33.023066589702154,True,0.99,"Multiple large circular clarifiers, rectangular treatment basins, and connected plant infrastructure are plainly visible."
gated_highres,View of wastewater plant,9,0.3498836159706116,a568691141_US_18,An aerial image. It shows: View of wastewater plant.,/data/tessera_dataset/image-emb-text/images6/a568691141_US_18.jpg,-94.17054391259612,33.10406229634738,True,0.98,"Small treatment facility visibly includes circular tanks, rectangular filter or settling beds, and associated utility buildings."
gated_highres,View of wastewater plant,10,0.3498836159706116,a999665651_US_21,An aerial image. It shows: View of wastewater plant.,/data/tessera_dataset/image-emb-text/images4/a999665651_US_21.jpg,-70.14042795,44.65455945,True,0.99,"Aerial view clearly shows a wastewater treatment layout with circular tanks, rectangular basins, process buildings, and paved service areas."
gated_highres,Wind generator using wind turbines of horizontal axis,1,0.35126644372940063,n8442008458_US_20,An aerial image. It shows: Wind generator powered by wind. The generator type is horizontal axis and it uses wind turbines.,/data/tessera_dataset/image-emb-text/images5/n8442008458_US_20.jpg,-98.389864,33.5289997,True,0.99,"Aerial view clearly shows a horizontal-axis wind turbine with a tower, nacelle, and three rotor blades."
gated_highres,Wind generator using wind turbines of horizontal axis,2,0.35126644372940063,n1849368310_US_21,An aerial image. It shows: Wind turbine generating power.,/data/tessera_dataset/image-emb-text/images2/n1849368310_US_21.jpg,-104.00521904270671,40.8814028338754,True,0.99,"A horizontal-axis wind turbine is clearly visible from above, including its rotor, nacelle, and tower."
gated_highres,Wind generator using wind turbines of horizontal axis,3,0.35126644372940063,n4003628754_US_21,An aerial image. It shows: Wind generator with horizontal axis. The generator is wind turbine.,/data/tessera_dataset/image-emb-text/images5/n4003628754_US_21.jpg,-102.7375536964824,40.77191164729476,True,0.99,"The image visibly contains a wind turbine with three rotor blades, a nacelle, and a tower."
gated_highres,Wind generator using wind turbines of horizontal axis,4,0.35126644372940063,n6559591636_US_20,An aerial image. It shows: Wind turbine generator that utilizes wind as its source for generating electricity. It is of the horizontal axis type.,/data/tessera_dataset/image-emb-text/images7/n6559591636_US_20.jpg,-99.55993811157617,41.52756058445537,True,0.99,Aerial pixels clearly show a horizontal-axis wind turbine and its access road.
gated_highres,Wind generator using wind turbines of horizontal axis,5,0.35126644372940063,n5685453864_US_20,An aerial image. It shows: Wind generator powered by wind. The generator type is horizontal axis and it uses wind turbines.,/data/tessera_dataset/image-emb-text/images2/n5685453864_US_20.jpg,-118.41484339573871,34.90468322364268,True,0.98,"A wind turbine with a visible rotor, nacelle, and tower is present in the aerial scene."
gated_highres,Wind generator using wind turbines of horizontal axis,6,0.35126644372940063,n8309734179_US_21,An aerial image. It shows: Wind generator using wind turbines of horizontal axis.,/data/tessera_dataset/image-emb-text/images7/n8309734179_US_21.jpg,-104.021552618156,40.9392733475602,True,0.99,The image clearly shows a horizontal-axis wind turbine installed on a cleared site.
gated_highres,Wind generator using wind turbines of horizontal axis,7,0.35126644372940063,n8442008444_US_20,An aerial image. It shows: Wind generator powered by horizontal-axis wind turbine.,/data/tessera_dataset/image-emb-text/images4/n8442008444_US_20.jpg,-98.34302083488437,33.533859670082805,True,0.99,"A complete wind turbine is visibly present, including long rotor blades, nacelle, and tower."
gated_highres,Wind generator using wind turbines of horizontal axis,8,0.35126644372940063,n4003633024_US_21,An aerial image. It shows: Wind generator powered by horizontal axis wind turbine.,/data/tessera_dataset/image-emb-text/images6/n4003633024_US_21.jpg,-102.7301079,40.7239005,True,0.99,Aerial view clearly depicts a horizontal-axis wind turbine with three blades.
gated_highres,Wind generator using wind turbines of horizontal axis,9,0.35126644372940063,n1849368360_US_21,An aerial image. It shows: Wind generator powered by wind turbine.,/data/tessera_dataset/image-emb-text/images3/n1849368360_US_21.jpg,-104.06322657195629,40.89128634614083,True,0.99,A wind turbine and its rotor shadow are clearly visible from above.
gated_highres,Wind generator using wind turbines of horizontal axis,10,0.35126644372940063,n1724632192_US_21,An aerial image. It shows: Wind generator powered by wind turbine.,/data/tessera_dataset/image-emb-text/images3/n1724632192_US_21.jpg,-103.92859466267792,40.91461897199015,True,0.99,"The pixels clearly show a horizontal-axis wind turbine with rotor, nacelle, and tower."
gated_highres,Woodland with needle-leaved trees,1,0.3574368953704834,a1177144865_US_21,An aerial image. It shows: Mixed leaf woodland.,/data/tessera_dataset/image-emb-text/images5/a1177144865_US_21.jpg,-81.82483713441151,30.50156411721295,True,0.98,Dense woodland canopy with numerous visibly needle-leaved evergreen trees.
gated_highres,Woodland with needle-leaved trees,2,0.3574368953704834,a1119428594_US_22,An aerial image. It shows: Mixed leaf woodland.,/data/tessera_dataset/image-emb-text/images7/a1119428594_US_22.jpg,-84.52197955223357,30.409656293426607,True,0.97,A continuous forest canopy visibly dominated by needle-leaved trees.
gated_highres,Woodland with needle-leaved trees,3,0.3574368953704834,a1167272531_US_21,An aerial image. It shows: Forest area predominantly covered with needle-leaved trees.,/data/tessera_dataset/image-emb-text/images4/a1167272531_US_21.jpg,-83.0059432,29.3556152,True,0.96,"Dense mixed-looking woodland containing many clearly conifer-shaped, needle-leaved trees."
gated_highres,Woodland with needle-leaved trees,4,0.3574368953704834,a1187759716_US_21,An aerial image. It shows: Mixed woodland with various types of leaves.,/data/tessera_dataset/image-emb-text/images4/a1187759716_US_21.jpg,-81.55135729982251,29.82396044540136,True,0.9,"Woodland surrounding a road and buildings, with many visible needle-leaved evergreen trees."
gated_highres,Woodland with needle-leaved trees,5,0.3574368953704834,a1119428683_US_22,An aerial image. It shows: Mixed leaf woodland.,/data/tessera_dataset/image-emb-text/images5/a1119428683_US_22.jpg,-84.57760569999999,30.4047931,True,0.94,Broad wooded area with abundant needle-leaved trees visible across the canopy.
gated_highres,Woodland with needle-leaved trees,6,0.3574368953704834,a1097745425_US_17,An aerial image. It shows: Forest area dominated by needle-leaved trees.,/data/tessera_dataset/image-emb-text/images5/a1097745425_US_17.jpg,-83.22524738044082,29.920378006524164,True,0.99,Clearly structured forest plantation dominated by rows of needle-leaved conifer trees.
gated_highres,Woodland with needle-leaved trees,7,0.3574368953704834,a1187755368_US_21,An aerial image. It shows: Beautiful woodland area.,/data/tessera_dataset/image-emb-text/images6/a1187755368_US_21.jpg,-81.31791569999999,29.7146449,True,0.95,Dense woodland canopy containing numerous visibly needle-leaved evergreen trees.
gated_highres,Woodland with needle-leaved trees,8,0.3574368953704834,a1159518210_US_21,An aerial image. It shows: Forest area predominantly covered with needle-leaved trees.,/data/tessera_dataset/image-emb-text/images5/a1159518210_US_21.jpg,-83.05584525,30.5397442,True,0.98,"Extensive woodland with a strong, continuous presence of needle-leaved conifers."
gated_highres,Woodland with needle-leaved trees,9,0.3574368953704834,a665810102_FI_21,An aerial image. It shows: Woodland with needle-leaved trees.,/data/tessera_dataset/image-emb-text/images7/a665810102_FI_21.jpg,30.439269784621054,62.89476736038398,True,1.0,Aerial view of a clearly identifiable conifer plantation with uniformly needle-leaved trees.
gated_highres,Woodland with needle-leaved trees,10,0.3574368953704834,a858355409_US_21,An aerial image. It shows: Needle-leaved woodland.,/data/tessera_dataset/image-emb-text/images3/a858355409_US_21.jpg,-71.64084081164063,41.63748556565892,True,0.95,Dense woodland canopy visibly containing many needle-leaved evergreen trees.
gated_highres,Beautiful meadow,1,0.3653157651424408,a927505899_CH_18,An aerial image. It shows: Beautiful meadow.,/data/tessera_dataset/image-emb-text/images5/a927505899_CH_18.jpg,8.271845875296725,46.72914920573423,True,0.93,"Open green meadow clearly visible, bordered by trees."
gated_highres,Beautiful meadow,2,0.3653157651424408,a231531181_CH_20,An aerial image. It shows: Beautiful meadow.,/data/tessera_dataset/image-emb-text/images6/a231531181_CH_20.jpg,6.979067654110286,46.23401079469315,True,0.96,"Large, continuous grassy meadow surrounded by woodland."
gated_highres,Beautiful meadow,3,0.3653157651424408,a110430183_CH_21,An aerial image. It shows: Area covered with grass.,/data/tessera_dataset/image-emb-text/images3/a110430183_CH_21.jpg,7.50909175,47.311838949999995,True,0.92,Broad open grass-covered meadow with a wooded edge.
gated_highres,Beautiful meadow,4,0.3653157651424408,a1026519654_CH_21,An aerial image. It shows: Beautiful meadow.,/data/tessera_dataset/image-emb-text/images6/a1026519654_CH_21.jpg,7.935521729624986,46.9547703976194,True,0.9,"Green open meadow area visibly occupies most of the image, with scattered trees and wooded borders."
gated_highres,Beautiful meadow,5,0.3653157651424408,a232511243_CH_20,An aerial image. It shows: Beautiful meadow.,/data/tessera_dataset/image-emb-text/images3/a232511243_CH_20.jpg,6.953670407252522,46.23331352577384,True,0.94,Extensive grassy meadow is clearly visible beside a structure and woodland.
gated_highres,Beautiful meadow,6,0.3653157651424408,n3663363249_CH_19,An aerial image. It shows: Beautiful tree in nature.,/data/tessera_dataset/image-emb-text/images5/n3663363249_CH_19.jpg,8.955189420999133,47.62051244300295,True,0.84,"Uniform open grassland fills the image, consistent with a meadow."
gated_highres,Beautiful meadow,7,0.3653157651424408,a1092164416_US_20,An aerial image. It shows: Agricultural meadow.,/data/tessera_dataset/image-emb-text/images2/a1092164416_US_20.jpg,-95.67071724089135,31.58025046799454,True,0.96,Large open green meadow clearly bordered by trees.
gated_highres,Beautiful meadow,8,0.3653157651424408,a644937881_US_20,An aerial image. It shows: Scrub vegetation covering the land.,/data/tessera_dataset/image-emb-text/images2/a644937881_US_20.jpg,-117.58399802377582,33.54050763496029,True,0.76,"Open grassy natural land is visible among patches of scrub and woodland, consistent with a meadow subtype."
gated_highres,Beautiful meadow,9,0.3653157651424408,a675195551_CH_18,An aerial image. It shows: Beautiful meadow.,/data/tessera_dataset/image-emb-text/images5/a675195551_CH_18.jpg,7.493079369686801,46.872391187109145,True,0.9,"Open grassy field with visible tracks, consistent with meadow or pasture land-use."
gated_highres,Beautiful meadow,10,0.3653157651424408,a644937853_US_20,An aerial image. It shows: Scrub vegetation covering the land.,/data/tessera_dataset/image-emb-text/images3/a644937853_US_20.jpg,-117.58422375,33.548601899999994,False,0.79,"Predominantly scrubby, patchy natural terrain with limited clearly open meadow area."
gated_highres,Bridge with electrified railway tracks featuring contact line,1,0.35105210542678833,w98033538_CH_20,An aerial image. It shows: Railway bridge with electrified contact lines.,/data/tessera_dataset/image-emb-text/images6/w98033538_CH_20.jpg,6.5205232,46.5234683,False,0.98,"Multiple railway tracks are visible, but no bridge crossing and no clear overhead contact line are visible."
gated_highres,Bridge with electrified railway tracks featuring contact line,2,0.35105210542678833,w72657499_US_21,An aerial image. It shows: Railway bridge with electrified contact lines.,/data/tessera_dataset/image-emb-text/images5/w72657499_US_21.jpg,-76.59480277096645,39.306384105420406,True,0.88,"A railway bridge visibly crosses a roadway, with overhead electrification structures and contact lines apparent along the tracks."
gated_highres,Bridge with electrified railway tracks featuring contact line,3,0.35105210542678833,w100010379_CH_20,An aerial image. It shows: Single-track railway bridge with contact lines for electrification.,/data/tessera_dataset/image-emb-text/images4/w100010379_CH_20.jpg,6.9606268,46.3210995,True,0.93,"Railway tracks run across a substantial crossing structure, and catenary poles with visible overhead contact wires are clearly present."
gated_highres,Bridge with electrified railway tracks featuring contact line,4,0.35105210542678833,w417039396_US_21,An aerial image. It shows: Railway line on embankment.,/data/tessera_dataset/image-emb-text/images7/w417039396_US_21.jpg,-81.596213,41.519116,False,0.9,"Railway tracks and a junction or crossing are visible, but there is no clearly identifiable bridge or overhead contact line."
gated_highres,Bridge with electrified railway tracks featuring contact line,5,0.35105210542678833,w91490591_US_21,An aerial image. It shows: Railway line running on embankment.,/data/tessera_dataset/image-emb-text/images4/w91490591_US_21.jpg,-81.5937839,41.5217511,False,0.9,"Multiple railway tracks and a crossing arrangement are visible, but the pixels do not clearly show a bridge with electrified contact-line equipment."
gated_highres,Bridge with electrified railway tracks featuring contact line,6,0.35105210542678833,w219079748_CH_19,An aerial image. It shows: Narrow-gauge railway bridge with contact line electrification.,/data/tessera_dataset/image-emb-text/images4/w219079748_CH_19.jpg,9.515614,46.8505638,False,0.98,"Railway tracks are visible beside a paved area, but there is no clear bridge crossing or overhead contact line."
gated_highres,Bridge with electrified railway tracks featuring contact line,7,0.35105210542678833,w236861890_CH_20,An aerial image. It shows: Railway bridge with electrified contact line. There is one track on the bridge.,/data/tessera_dataset/image-emb-text/images4/w236861890_CH_20.jpg,7.313384542827562,46.21779035493517,False,0.98,"Several railway tracks are visible, with no identifiable bridge structure or clear catenary contact line."
gated_highres,Bridge with electrified railway tracks featuring contact line,8,0.35105210542678833,w97211382_CH_20,An aerial image. It shows: Single-track railway bridge with electrified contact line.,/data/tessera_dataset/image-emb-text/images2/w97211382_CH_20.jpg,6.86848410551177,46.45002740467112,True,0.94,A railway bridge structure is visible with multiple catenary support poles and overhead contact wires spanning the electrified tracks.
gated_highres,Bridge with electrified railway tracks featuring contact line,9,0.35105210542678833,w519774875_US_20,An aerial image. It shows: Railway bridge over siding rail track.,/data/tessera_dataset/image-emb-text/images6/w519774875_US_20.jpg,-83.1127905,42.4467771,True,0.86,"An elevated railway line visibly crosses a multi-lane roadway, and overhead railway electrification equipment is discernible along the tracks."
gated_highres,Bridge with electrified railway tracks featuring contact line,10,0.35105210542678833,w96362904_US_19,An aerial image. It shows: Bridge over electrified railway with contact lines.,/data/tessera_dataset/image-emb-text/images4/w96362904_US_19.jpg,-75.1534674,39.9978548,True,0.84,"Railway tracks visibly cross over road infrastructure on a bridge, with contact-line support structures apparent above the tracks."
gated_highres,Clinic building offering healthcare services,1,0.36279863119125366,a909227738_US_21,An aerial image. It shows: Hospital building.,/data/tessera_dataset/image-emb-text/images5/a909227738_US_21.jpg,-78.95617878940595,33.68144946286944,True,0.84,"Large purpose-built institutional building with extensive parking, multiple entrances, and several vehicles at the front that visually suggest a healthcare facility."
gated_highres,Clinic building offering healthcare services,2,0.36279863119125366,a905656863_US_20,An aerial image. It shows: Community centre building.,/data/tessera_dataset/image-emb-text/images5/a905656863_US_20.jpg,-97.38131020771681,30.35759087793035,True,0.72,"Standalone institutional building with a broad paved parking area, multiple access drives, and a layout consistent with an outpatient clinic."
gated_highres,Clinic building offering healthcare services,3,0.36279863119125366,a696010660_US_21,An aerial image. It shows: Commercial building with blue roof.,/data/tessera_dataset/image-emb-text/images6/a696010660_US_21.jpg,-117.40231147075488,47.65100571455364,True,0.58,"Large commercial or institutional building surrounded by parking and road access; the site could visibly accommodate a clinic, though no healthcare-specific feature is clear."
gated_highres,Clinic building offering healthcare services,4,0.36279863119125366,n6884028668_US_20,An aerial image. It shows: Veterinary facility.,/data/tessera_dataset/image-emb-text/images4/n6884028668_US_20.jpg,-88.06009986504301,44.53081065528505,False,0.67,Small dark-roofed building in a wooded residential-looking setting with limited parking; no clear visual indication of a healthcare facility.
gated_highres,Clinic building offering healthcare services,5,0.36279863119125366,n6231739044_US_21,An aerial image. It shows: Pharmacy providing healthcare services.,/data/tessera_dataset/image-emb-text/images7/n6231739044_US_21.jpg,-88.7074332,41.9791542,False,0.78,"Generic flat-roofed commercial building surrounded by parking and service access, with no visible healthcare-specific characteristics."
gated_highres,Clinic building offering healthcare services,6,0.36279863119125366,a440619840_US_21,An aerial image. It shows: Retail building.,/data/tessera_dataset/image-emb-text/images4/a440619840_US_21.jpg,-75.71085710653497,39.77252037366681,False,0.8,Several large commercial buildings and extensive parking lots form a shopping or office complex; no clearly identifiable clinic building is visible.
gated_highres,Clinic building offering healthcare services,7,0.36279863119125366,n357959675_US_21,An aerial image. It shows: Healthcare clinic is depicted in the image.,/data/tessera_dataset/image-emb-text/images7/n357959675_US_21.jpg,-105.64228053201506,48.10151629184108,False,0.94,"Large sprawling industrial or agricultural-looking structure in an open lot, with sheds and sparse vehicle access rather than clinic-oriented surroundings."
gated_highres,Clinic building offering healthcare services,8,0.36279863119125366,a396436623_US_20,"An aerial image. It shows: Church, serving as place of worship.",/data/tessera_dataset/image-emb-text/images5/a396436623_US_20.jpg,-77.90127831394345,34.19622729086775,False,0.73,"Large institutional-looking building beside parking and open paved areas, but the visible layout and surroundings provide no clear evidence of healthcare use."
gated_highres,Clinic building offering healthcare services,9,0.36279863119125366,a47714556_US_20,An aerial image. It shows: Commercial building.,/data/tessera_dataset/image-emb-text/images3/a47714556_US_20.jpg,-78.65312596045922,35.759966413563376,True,0.86,"Large institutional complex with multiple connected wings, numerous parking areas, landscaped pedestrian paths, and several entrances, strongly consistent with a healthcare facility."
gated_highres,Clinic building offering healthcare services,10,0.36279863119125366,a1018659850_US_20,An aerial image. It shows: Fire station building.,/data/tessera_dataset/image-emb-text/images4/a1018659850_US_20.jpg,-90.53380453985118,38.46178617522017,False,0.9,"Large building complex with open grounds and parking that visually resembles a school, recreation, or industrial site; no clear clinic indicators are visible."
gated_highres,Concrete bench,1,0.3691830635070801,n370382909_CH_20,An aerial image. It shows: Bench.,/data/tessera_dataset/image-emb-text/images7/n370382909_CH_20.jpg,6.83947630098757,46.459357022851734,True,0.92,"Two elongated bench-like objects are clearly visible along the paved plaza; their dark, solid appearance is consistent with concrete benches."
gated_highres,Concrete bench,2,0.3691830635070801,a1188806803_CH_19,An aerial image. It shows: Pedestrian road made of paving stones.,/data/tessera_dataset/image-emb-text/images7/a1188806803_CH_19.jpg,8.757740562869746,47.39516725849803,True,0.84,"Several small elongated bench-like objects are visibly distributed around the paved courtyard, including dark rectangular forms near the upper and left areas."
gated_highres,Concrete bench,3,0.3691830635070801,w1096371736_CH_19,An aerial image. It shows: Set of steps on the road.,/data/tessera_dataset/image-emb-text/images4/w1096371736_CH_19.jpg,8.983927308288974,47.22587253124517,True,0.78,A small solid rectangular bench-like object is visible beside the paved steps and landscaping.
gated_highres,Concrete bench,4,0.3691830635070801,n7109551996_CH_19,An aerial image. It shows: Bench for seating.,/data/tessera_dataset/image-emb-text/images4/n7109551996_CH_19.jpg,8.930648347601604,47.20616667428005,True,0.98,A light gray rectangular concrete bench is clearly visible immediately beside the footpath.
gated_highres,Concrete bench,5,0.3691830635070801,w35165639_CH_20,An aerial image. It shows: Pedestrian bridge.,/data/tessera_dataset/image-emb-text/images4/w35165639_CH_20.jpg,6.5827726321318245,46.523260695087664,True,0.93,"Multiple solid bench-like forms are visible beside the path and at the lower center, including a long light-colored bench."
gated_highres,Concrete bench,6,0.3691830635070801,w684967071_CH_19,An aerial image. It shows: Driveway made of paving stones.,/data/tessera_dataset/image-emb-text/images4/w684967071_CH_19.jpg,8.7915865,47.3644905,True,0.82,A dark elongated bench-like object is visible along the paved area near the right side of the image.
gated_highres,Concrete bench,7,0.3691830635070801,n10224317577_CH_20,An aerial image. It shows: Bollard barrier.,/data/tessera_dataset/image-emb-text/images2/n10224317577_CH_20.jpg,6.55510466733076,46.52267749905029,False,0.72,"The image shows paths, lawn, trees, and a large light rectangular structure, but no clearly identifiable concrete bench."
gated_highres,Concrete bench,8,0.3691830635070801,w5219573_CH_19,An aerial image. It shows: Unpaved footway.,/data/tessera_dataset/image-emb-text/images2/w5219573_CH_19.jpg,8.9865226,47.2283136,False,0.61,"A small dark object is visible in the lawn, but its shape and pixels are insufficient to identify it as a concrete bench."
gated_highres,Concrete bench,9,0.3691830635070801,n8863691584_CH_20,An aerial image. It shows: Bench for seating.,/data/tessera_dataset/image-emb-text/images5/n8863691584_CH_20.jpg,6.221951369381534,46.19969945978242,True,0.94,Two light rectangular bench-like objects are clearly visible alongside the paved walkway.
gated_highres,Concrete bench,10,0.3691830635070801,a1147336915_CH_20,An aerial image. It shows: Gravel pitch used for playing boules.,/data/tessera_dataset/image-emb-text/images3/a1147336915_CH_20.jpg,6.840714423661266,46.45903286021219,True,0.97,"A distinct light rectangular bench is clearly visible near the center of the paved plaza, with additional linear bench-like forms along the upper edge."
gated_highres,Ditch in the surroundings,1,0.36480391025543213,w726546066_CH_19,An aerial image. It shows: Ditch in the surroundings.,/data/tessera_dataset/image-emb-text/images4/w726546066_CH_19.jpg,8.788025684885106,47.33403930179546,True,0.98,"A dark, narrow linear depression clearly separates the grassy area from the rough vegetation and follows the field boundary."
gated_highres,Ditch in the surroundings,2,0.36480391025543213,w516014916_CH_19,An aerial image. It shows: Unpaved path.,/data/tessera_dataset/image-emb-text/images2/w516014916_CH_19.jpg,8.946970636064803,47.2705091063034,True,0.99,"A distinct narrow drainage ditch or channel runs diagonally through the grass, with dark exposed soil and depressed edges."
gated_highres,Ditch in the surroundings,3,0.36480391025543213,w410942562_CH_20,An aerial image. It shows: Row of trees in natural setting.,/data/tessera_dataset/image-emb-text/images4/w410942562_CH_20.jpg,6.809297756700239,46.49052359897172,False,0.78,The image mainly shows a tree and brush across grass; no clearly visible ditch or linear drainage channel is present.
gated_highres,Ditch in the surroundings,4,0.36480391025543213,w1153702058_CH_19,An aerial image. It shows: Fence.,/data/tessera_dataset/image-emb-text/images7/w1153702058_CH_19.jpg,8.959866981865709,47.225520725469195,True,0.96,A narrow ditch with darker vegetation and a depressed channel runs alongside the road and field edge.
gated_highres,Ditch in the surroundings,5,0.36480391025543213,w931962262_CH_19,An aerial image. It shows: Culvert tunnel.,/data/tessera_dataset/image-emb-text/images3/w931962262_CH_19.jpg,8.4883915,47.652261,True,0.99,A prominent elongated ditch or drainage channel with dark exposed soil runs across the image beside a track.
gated_highres,Ditch in the surroundings,6,0.36480391025543213,w273812167_CH_19,An aerial image. It shows: Ditch in the surroundings.,/data/tessera_dataset/image-emb-text/images2/w273812167_CH_19.jpg,8.950143523417424,47.22032299155124,True,0.98,"A narrow, dark drainage channel branches through the green field, with visibly depressed and wet-looking edges."
gated_highres,Ditch in the surroundings,7,0.36480391025543213,w1111710226_CH_19,An aerial image. It shows: Grass track with grade4 quality surface.,/data/tessera_dataset/image-emb-text/images7/w1111710226_CH_19.jpg,8.449244272196744,47.67640783606673,True,0.98,"A clear ditch runs horizontally along the lower portion of the image, with dark soil and an uneven depressed channel."
gated_highres,Ditch in the surroundings,8,0.36480391025543213,w482819093_CH_20,An aerial image. It shows: Ditch serving as waterway.,/data/tessera_dataset/image-emb-text/images4/w482819093_CH_20.jpg,7.0685685,46.5930567,True,0.99,"A deep, dark-sided ditch is clearly visible diagonally through the grass, with exposed banks and accumulated vegetation."
gated_highres,Ditch in the surroundings,9,0.36480391025543213,w762708450_CH_19,An aerial image. It shows: Ditch serving as waterway.,/data/tessera_dataset/image-emb-text/images3/w762708450_CH_19.jpg,8.793353544572113,47.35223634247642,True,0.97,"A thin, dark linear ditch or drainage depression curves through the field and is visibly distinct from surrounding grass."
gated_highres,Ditch in the surroundings,10,0.36480391025543213,w548874884_CH_19,An aerial image. It shows: Ditch in the surroundings.,/data/tessera_dataset/image-emb-text/images6/w548874884_CH_19.jpg,8.961349167713346,47.2108330316894,True,0.9,A shallow elongated depression with exposed gray-brown vegetation and darker edges is visible across the grass.
gated_highres,Driving range for golf on grass,1,0.3551238775253296,a228648149_US_21,An aerial image. It shows: Finely mown grass area designated as golf tee for the sport of golf.,/data/tessera_dataset/image-emb-text/images3/a228648149_US_21.jpg,-87.69840021252982,41.768486657126374,False,0.98,"Golf-course green, bunkers, fairway, trees, and water are visible, but no driving-range layout is apparent."
gated_highres,Driving range for golf on grass,2,0.3551238775253296,a258994173_US_17,An aerial image. It shows: Golf pitch for leisure land.,/data/tessera_dataset/image-emb-text/images4/a258994173_US_17.jpg,-92.96345794999999,43.721356549999996,False,0.72,"A broad grassy area is visible, but there are no clear tee stations, target greens, or other visible driving-range features."
gated_highres,Driving range for golf on grass,3,0.3551238775253296,a1016948094_US_19,An aerial image. It shows: Golf tee on grassy land.,/data/tessera_dataset/image-emb-text/images5/a1016948094_US_19.jpg,-92.5165552299063,32.57307809071662,False,0.96,"A golf-course green, bunker, paths, and surrounding landscaping are visible; no driving range is apparent."
gated_highres,Driving range for golf on grass,4,0.3551238775253296,a1012321176_US_21,An aerial image. It shows: Grass area designated as golf tee.,/data/tessera_dataset/image-emb-text/images4/a1012321176_US_21.jpg,-83.16127662388004,40.15757233056283,False,0.99,"Multiple golf holes with greens, fairways, bunkers, paths, and surrounding property are visible, rather than a driving range."
gated_highres,Driving range for golf on grass,5,0.3551238775253296,a1042366905_US_21,An aerial image. It shows: Golf rough area.,/data/tessera_dataset/image-emb-text/images4/a1042366905_US_21.jpg,-77.1406634,39.1203381,False,0.82,"The image shows golf-course fairway areas and paths, but no clearly identifiable driving-range practice area."
gated_highres,Driving range for golf on grass,6,0.3551238775253296,w1108056296_US_18,An aerial image. It shows: View of golf hole.,/data/tessera_dataset/image-emb-text/images5/w1108056296_US_18.jpg,-118.84384470922373,34.2695257484535,False,0.6,"A large sparse grassy field and one small maintained green are visible, but the pixels do not clearly show a driving range."
gated_highres,Driving range for golf on grass,7,0.3551238775253296,a1079645787_US_20,An aerial image. It shows: Grassy area used as driving range for golf.,/data/tessera_dataset/image-emb-text/images5/a1079645787_US_20.jpg,-120.45586692242502,34.71326534582702,False,0.87,"A golf-course fairway with a bunker, trees, mowing patterns, and a path is visible; no driving-range features are clear."
gated_highres,Driving range for golf on grass,8,0.3551238775253296,w883294438_US_20,An aerial image. It shows: Path for both roads and golfers.,/data/tessera_dataset/image-emb-text/images6/w883294438_US_20.jpg,-94.10242846201916,30.133780644824206,True,0.62,"A broad grassy practice area with a small structure and connecting paths is visible, consistent with a grass driving range."
gated_highres,Driving range for golf on grass,9,0.3551238775253296,a1180905933_US_21,An aerial image. It shows: Driving range for golf practice.,/data/tessera_dataset/image-emb-text/images5/a1180905933_US_21.jpg,-80.58336088093425,32.43394211376905,False,0.98,"Several conventional golf-course fairways, bunkers, trees, and water features are visible, with no driving range apparent."
gated_highres,Driving range for golf on grass,10,0.3551238775253296,a946506943_US_19,An aerial image. It shows: Grassy area designated for leisure. It is golf pitch with fairways.,/data/tessera_dataset/image-emb-text/images7/a946506943_US_19.jpg,-79.42607065,40.23911865,True,0.9,A long broad grassy area with repeated target-like patches and surrounding access paths is visibly consistent with a grass driving range.
gated_highres,Expressway with asphalt surface classified as trunk highway,1,0.3582034111022949,w174815981_US_20,An aerial image. It shows: Asphalt trunk highway which is also expressway.,/data/tessera_dataset/image-emb-text/images5/w174815981_US_20.jpg,-118.92356103171466,37.64762831103477,True,0.93,A divided asphalt highway carriageway with lane markings is clearly visible.
gated_highres,Expressway with asphalt surface classified as trunk highway,2,0.3582034111022949,w786097478_US_19,"An aerial image. It shows: Expressway with asphalt surface, classified as primary highway.",/data/tessera_dataset/image-emb-text/images5/w786097478_US_19.jpg,-112.37578666923726,34.56334211420518,True,0.98,A multilane divided asphalt expressway with moving vehicles and marked lanes is clearly visible.
gated_highres,Expressway with asphalt surface classified as trunk highway,3,0.3582034111022949,w537097103_US_21,An aerial image. It shows: Asphalt road designated as trunk highway.,/data/tessera_dataset/image-emb-text/images6/w537097103_US_21.jpg,-81.84312286855689,30.55109024785495,True,0.9,A divided paved highway with multiple marked lanes and access-road geometry is visible.
gated_highres,Expressway with asphalt surface classified as trunk highway,4,0.3582034111022949,w14586405_US_20,An aerial image. It shows: Trunk highway.,/data/tessera_dataset/image-emb-text/images5/w14586405_US_20.jpg,-106.0902525,36.0180449,True,0.98,"A divided asphalt expressway with multiple lanes, median separation, and vehicles is clearly visible."
gated_highres,Expressway with asphalt surface classified as trunk highway,5,0.3582034111022949,w498040057_US_22,An aerial image. It shows: Dual carriageway expressway with asphalt surface. It is classified as trunk highway.,/data/tessera_dataset/image-emb-text/images7/w498040057_US_22.jpg,-83.08653963722644,31.353027275902587,True,0.94,A divided asphalt highway with marked lanes and a central median is clearly visible.
gated_highres,Expressway with asphalt surface classified as trunk highway,6,0.3582034111022949,w1012125341_US_21,An aerial image. It shows: Asphalt trunk highway.,/data/tessera_dataset/image-emb-text/images7/w1012125341_US_21.jpg,-112.56776032362995,37.141903648573944,True,0.86,A paved divided roadway with lane markings and parallel carriageways is visible.
gated_highres,Expressway with asphalt surface classified as trunk highway,7,0.3582034111022949,w640414557_US_21,"An aerial image. It shows: Expressway with asphalt surface, categorized as trunk highway.",/data/tessera_dataset/image-emb-text/images5/w640414557_US_21.jpg,-78.50479064524944,36.64595145938713,True,0.97,A divided asphalt highway with multiple marked lanes and a junction is clearly visible.
gated_highres,Expressway with asphalt surface classified as trunk highway,8,0.3582034111022949,w976672082_US_22,An aerial image. It shows: Asphalt trunk highway classified as expressway.,/data/tessera_dataset/image-emb-text/images4/w976672082_US_22.jpg,-84.624096,30.9957773,True,0.9,A divided paved highway with parallel carriageways and visible lane markings is present.
gated_highres,Expressway with asphalt surface classified as trunk highway,9,0.3582034111022949,w38358616_US_21,An aerial image. It shows: Expressway with asphalt surface classified as trunk highway.,/data/tessera_dataset/image-emb-text/images6/w38358616_US_21.jpg,-77.41316306833784,38.62899238345062,True,0.98,"A divided asphalt expressway with multiple lanes, a median, and several vehicles is clearly visible."
gated_highres,Expressway with asphalt surface classified as trunk highway,10,0.3582034111022949,w34835928_US_20,An aerial image. It shows: Motorway.,/data/tessera_dataset/image-emb-text/images6/w34835928_US_20.jpg,-81.18304492265965,36.14908353605638,True,0.96,A divided asphalt highway with marked lanes and separate carriageways is clearly visible.
gated_highres,Fenced power substation at the transmission level,1,0.34648680686950684,a129119326_US_20,"An aerial image. It shows: Outdoor power substation at the transmission level, enclosed by fence.",/data/tessera_dataset/image-emb-text/images6/a129119326_US_20.jpg,-95.53669009151065,29.718753103413725,True,0.99,"Large outdoor electrical substation with numerous transmission structures, switchgear, and a visible perimeter fence."
gated_highres,Fenced power substation at the transmission level,2,0.34648680686950684,a1163836429_US_21,An aerial image. It shows: Busbar power line.,/data/tessera_dataset/image-emb-text/images6/a1163836429_US_21.jpg,-89.39431695397451,31.220310765615082,True,0.99,Clearly visible fenced transmission substation with dense overhead switching equipment on a large concrete yard.
gated_highres,Fenced power substation at the transmission level,3,0.34648680686950684,a376158773_US_20,An aerial image. It shows: Distribution-level power substation.,/data/tessera_dataset/image-emb-text/images3/a376158773_US_20.jpg,-94.51148119361713,38.8071258921934,True,0.96,"Outdoor electrical substation is clearly visible, with extensive switchgear and transmission equipment inside a developed yard."
gated_highres,Fenced power substation at the transmission level,4,0.34648680686950684,n3870307673_US_21,An aerial image. It shows: Switch used for power control.,/data/tessera_dataset/image-emb-text/images4/n3870307673_US_21.jpg,-81.97665246270367,26.953694253893957,True,0.93,Dense arrangement of electrical switchgear and transmission-level substation equipment is visible.
gated_highres,Fenced power substation at the transmission level,5,0.34648680686950684,n6417027507_US_20,An aerial image. It shows: Switch for power supply.,/data/tessera_dataset/image-emb-text/images7/n6417027507_US_20.jpg,-89.41594852884185,43.256133731928344,True,0.91,Visible outdoor substation equipment and switchgear occupy a large enclosed concrete compound.
gated_highres,Fenced power substation at the transmission level,6,0.34648680686950684,a164774114_US_21,An aerial image. It shows: Distribution level power substation enclosed by fence.,/data/tessera_dataset/image-emb-text/images5/a164774114_US_21.jpg,-86.78026615,34.0598447,True,0.98,"Clearly identifiable electrical substation with many transformers, buswork, and switchgear within a fenced compound."
gated_highres,Fenced power substation at the transmission level,7,0.34648680686950684,n6417027527_US_17,An aerial image. It shows: Switch for power supply.,/data/tessera_dataset/image-emb-text/images7/n6417027527_US_17.jpg,-89.4158996716242,43.25705335385854,True,0.97,"Large transmission substation is clearly visible, including multiple equipment bays and a broad perimeter compound."
gated_highres,Fenced power substation at the transmission level,8,0.34648680686950684,n10585271302_US_22,An aerial image. It shows: Switch used for power control.,/data/tessera_dataset/image-emb-text/images7/n10585271302_US_22.jpg,-80.13973319179516,26.173274630435703,True,0.95,"Urban-edge outdoor substation with extensive switchgear and equipment yard, visibly bounded by a perimeter."
gated_highres,Fenced power substation at the transmission level,9,0.34648680686950684,n9393175156_US_21,An aerial image. It shows: Switch for power supply.,/data/tessera_dataset/image-emb-text/images4/n9393175156_US_21.jpg,-92.6120288,43.4811673,True,0.82,"Partial aerial view clearly shows substation switchgear and electrical structures, though the fence is largely cropped or indistinct."
gated_highres,Fenced power substation at the transmission level,10,0.34648680686950684,a167284411_US_20,An aerial image. It shows: Distribution level power substation surrounded by fence.,/data/tessera_dataset/image-emb-text/images5/a167284411_US_20.jpg,-78.56258164085614,35.88690143237479,True,0.98,"Standalone fenced outdoor substation is clearly visible in a wooded setting, with multiple transformer and switching bays."
gated_highres,Government office,1,0.36731022596359253,a439601460_US_18,An aerial image. It shows: Commercial building housing bank.,/data/tessera_dataset/image-emb-text/images6/a439601460_US_18.jpg,-118.3891232153444,33.901134510174614,True,0.88,"Large multi-wing institutional office building surrounded by organized parking lots, access roads, and landscaped grounds."
gated_highres,Government office,2,0.36731022596359253,a473004382_US_21,An aerial image. It shows: Police building.,/data/tessera_dataset/image-emb-text/images6/a473004382_US_21.jpg,-81.37714674192964,40.796047252334404,True,0.72,"Large flat-roofed institutional building with substantial parking, pedestrian walkways, and formal landscaping."
gated_highres,Government office,3,0.36731022596359253,a684813511_US_21,An aerial image. It shows: Clinic building providing healthcare services.,/data/tessera_dataset/image-emb-text/images7/a684813511_US_21.jpg,-79.00569324681237,33.676237155913924,True,0.86,"Prominent multi-wing office or civic building with extensive parking, formal access roads, and landscaped grounds."
gated_highres,Government office,4,0.36731022596359253,a294349325_CH_19,An aerial image. It shows: Commercial building.,/data/tessera_dataset/image-emb-text/images4/a294349325_CH_19.jpg,9.514095543010267,46.85581460769839,False,0.82,"Dense rooftop equipment, loading/service areas, and rows of vehicles indicate a commercial or industrial facility rather than a government office."
gated_highres,Government office,5,0.36731022596359253,a123063383_US_21,An aerial image. It shows: Government office building.,/data/tessera_dataset/image-emb-text/images7/a123063383_US_21.jpg,-84.51794831737183,39.07673278974475,True,0.77,"Large institutional-looking building with multiple parking lots, landscaped surroundings, and formal vehicle access."
gated_highres,Government office,6,0.36731022596359253,a933559196_US_20,An aerial image. It shows: Hospital building.,/data/tessera_dataset/image-emb-text/images4/a933559196_US_20.jpg,-121.29303850398772,38.576507690222016,True,0.8,"Large campus-style building complex with extensive parking, landscaped entrances, and separated institutional structures."
gated_highres,Government office,7,0.36731022596359253,a268538294_US_19,An aerial image. It shows: Commercial building.,/data/tessera_dataset/image-emb-text/images4/a268538294_US_19.jpg,-75.13120711448084,39.946737607065685,True,0.84,"Large waterfront institutional complex with formal buildings, extensive parking, and landscaped civic grounds."
gated_highres,Government office,8,0.36731022596359253,a366089179_US_20,"An aerial image. It shows: Clinic located inside hospital building, providing healthcare services.",/data/tessera_dataset/image-emb-text/images4/a366089179_US_20.jpg,-121.9370699,37.32800415,False,0.9,"Image mainly shows roads, parking edges, and trees; no clearly identifiable government office building is visible."
gated_highres,Government office,9,0.36731022596359253,a707951523_US_19,An aerial image. It shows: Historical courthouse building.,/data/tessera_dataset/image-emb-text/images3/a707951523_US_19.jpg,-106.95675802751437,44.79504819932168,True,0.7,"Large isolated building with surrounding parking, lawns, and landscaped grounds consistent with an office or institutional use."
gated_highres,Government office,10,0.36731022596359253,a298830540_US_21,An aerial image. It shows: Hospital providing healthcare services.,/data/tessera_dataset/image-emb-text/images5/a298830540_US_21.jpg,-111.79442738346181,33.58543577082409,True,0.9,"Large formal campus with a prominent central building, circular plaza, extensive parking, and organized civic-style landscaping."
gated_highres,Grassy area designated as driving range for golf,1,0.3544050455093384,a228648149_US_21,An aerial image. It shows: Finely mown grass area designated as golf tee for the sport of golf.,/data/tessera_dataset/image-emb-text/images3/a228648149_US_21.jpg,-87.69840021252982,41.768486657126374,True,0.88,Large manicured grassy expanse with repeated target-like patches and a long linear teeing or hitting area along its edge.
gated_highres,Grassy area designated as driving range for golf,2,0.3544050455093384,a258994173_US_17,An aerial image. It shows: Golf pitch for leisure land.,/data/tessera_dataset/image-emb-text/images4/a258994173_US_17.jpg,-92.96345794999999,43.721356549999996,True,0.72,"Broad rectangular, closely mown grassy field with consistent parallel mowing lines and no visible hole-specific layout, consistent with a practice range."
gated_highres,Grassy area designated as driving range for golf,3,0.3544050455093384,a1042366905_US_21,An aerial image. It shows: Golf rough area.,/data/tessera_dataset/image-emb-text/images4/a1042366905_US_21.jpg,-77.1406634,39.1203381,True,0.58,Large open mown practice-looking area with repeated striping and multiple worn or target-like patches.
gated_highres,Grassy area designated as driving range for golf,4,0.3544050455093384,a1012321176_US_21,An aerial image. It shows: Grass area designated as golf tee.,/data/tessera_dataset/image-emb-text/images4/a1012321176_US_21.jpg,-83.16127662388004,40.15757233056283,False,0.97,"Clearly shows a multi-hole golf-course layout with numerous greens, bunkers, fairways, and cart paths rather than a dedicated driving range."
gated_highres,Grassy area designated as driving range for golf,5,0.3544050455093384,w883294438_US_20,An aerial image. It shows: Path for both roads and golfers.,/data/tessera_dataset/image-emb-text/images6/w883294438_US_20.jpg,-94.10242846201916,30.133780644824206,True,0.61,"Open grassy area adjacent to a small paved or structural teeing area, with broad worn hitting lanes visible across the field."
gated_highres,Grassy area designated as driving range for golf,6,0.3544050455093384,a1180905933_US_21,An aerial image. It shows: Driving range for golf practice.,/data/tessera_dataset/image-emb-text/images5/a1180905933_US_21.jpg,-80.58336088093425,32.43394211376905,True,0.53,"Wide uninterrupted grassy area with multiple parallel worn mowing or use patterns, though no clearly visible tee structure."
gated_highres,Grassy area designated as driving range for golf,7,0.3544050455093384,a890888003_US_21,"An aerial image. It shows: Grassy area designated for golf, specifically driving range.",/data/tessera_dataset/image-emb-text/images6/a890888003_US_21.jpg,-73.13025308878667,41.610656999584684,False,0.68,"Appears to be general golf-course rough or fairway terrain among trees, without clear driving-range targets or a teeing area."
gated_highres,Grassy area designated as driving range for golf,8,0.3544050455093384,a803838884_US_20,"An aerial image. It shows: Water hazard in golf course, with natural water features.",/data/tessera_dataset/image-emb-text/images4/a803838884_US_20.jpg,-94.10201971362916,30.13405342375315,True,0.57,"Broad mown grassy expanse connected to a small paved or structural area, with visible worn lanes suggestive of practice use."
gated_highres,Grassy area designated as driving range for golf,9,0.3544050455093384,w993517753_US_20,An aerial image. It shows: View of golf hole.,/data/tessera_dataset/image-emb-text/images7/w993517753_US_20.jpg,-80.97421781259416,35.301905516836015,False,0.79,"Shows a conventional golf-course fairway bordered by cart paths, trees, and greens rather than a dedicated practice range."
gated_highres,Grassy area designated as driving range for golf,10,0.3544050455093384,w389116678_US_20,An aerial image. It shows: Golf cartpath that is also road path.,/data/tessera_dataset/image-emb-text/images4/w389116678_US_20.jpg,-95.4540893,32.4719331,True,0.76,"Large rectangular grassy field with repeated faint parallel lanes and a small teeing or service structure, consistent with a driving range."
gated_highres,Grassy area used as driving range for golf,1,0.3523607552051544,a228648149_US_21,An aerial image. It shows: Finely mown grass area designated as golf tee for the sport of golf.,/data/tessera_dataset/image-emb-text/images3/a228648149_US_21.jpg,-87.69840021252982,41.768486657126374,False,0.86,"Aerial view shows a golf-course fairway with a putting green, bunker-like features, trees, and water, but no clearly identifiable driving-range layout or teeing area."
gated_highres,Grassy area used as driving range for golf,2,0.3523607552051544,a1180905933_US_21,An aerial image. It shows: Driving range for golf practice.,/data/tessera_dataset/image-emb-text/images5/a1180905933_US_21.jpg,-80.58336088093425,32.43394211376905,False,0.9,"Shows maintained golf-course turf, sand bunkers, trees, and a cart path; no distinct driving-range tee area or practice targets are visible."
gated_highres,Grassy area used as driving range for golf,3,0.3523607552051544,a1042366905_US_21,An aerial image. It shows: Golf rough area.,/data/tessera_dataset/image-emb-text/images4/a1042366905_US_21.jpg,-77.1406634,39.1203381,True,0.66,"Broad grassy practice area with repeated mowing/divot-like patterns and multiple winding access paths, consistent with a golf driving range."
gated_highres,Grassy area used as driving range for golf,4,0.3523607552051544,a258994173_US_17,An aerial image. It shows: Golf pitch for leisure land.,/data/tessera_dataset/image-emb-text/images4/a258994173_US_17.jpg,-92.96345794999999,43.721356549999996,True,0.55,"Large open rectangular grassy area with regular turf striping and an apparent practice-field layout, though no tee stations are clearly visible."
gated_highres,Grassy area used as driving range for golf,5,0.3523607552051544,a1012321176_US_21,An aerial image. It shows: Grass area designated as golf tee.,/data/tessera_dataset/image-emb-text/images4/a1012321176_US_21.jpg,-83.16127662388004,40.15757233056283,False,0.97,"Clearly depicts a golf course with multiple fairways, greens, sand bunkers, paths, and surrounding facilities rather than a distinct driving range."
gated_highres,Grassy area used as driving range for golf,6,0.3523607552051544,w883294438_US_20,An aerial image. It shows: Path for both roads and golfers.,/data/tessera_dataset/image-emb-text/images6/w883294438_US_20.jpg,-94.10242846201916,30.133780644824206,True,0.94,"Broad grassy area is adjacent to a clearly visible rectangular teeing or hitting pad and access paths, strongly indicating a golf driving range."
gated_highres,Grassy area used as driving range for golf,7,0.3523607552051544,a803838884_US_20,"An aerial image. It shows: Water hazard in golf course, with natural water features.",/data/tessera_dataset/image-emb-text/images4/a803838884_US_20.jpg,-94.10201971362916,30.13405342375315,True,0.93,"Shows a large practice grass field with a visible rectangular teeing pad, nearby bunker-like target features, and paths, consistent with a driving range."
gated_highres,Grassy area used as driving range for golf,8,0.3523607552051544,a890888003_US_21,"An aerial image. It shows: Grassy area designated for golf, specifically driving range.",/data/tessera_dataset/image-emb-text/images6/a890888003_US_21.jpg,-73.13025308878667,41.610656999584684,True,0.62,"Open grassy practice area contains numerous worn or divot-like patches and informal paths, visually consistent with repeated golf-ball hitting."
gated_highres,Grassy area used as driving range for golf,9,0.3523607552051544,w1108056296_US_18,An aerial image. It shows: View of golf hole.,/data/tessera_dataset/image-emb-text/images5/w1108056296_US_18.jpg,-118.84384470922373,34.2695257484535,False,0.84,"Shows sparse rough terrain with a small green and cart path, but lacks a clearly visible driving-range teeing area or organized practice layout."
gated_highres,Grassy area used as driving range for golf,10,0.3523607552051544,a817423787_US_20,An aerial image. It shows: Driving range for golf on grass.,/data/tessera_dataset/image-emb-text/images7/a817423787_US_20.jpg,-94.70387906341989,32.53496891126334,True,0.9,"Large heavily worn grassy area has many repeated bare patches and apparent hitting/divot zones, strongly indicating a golf driving range."
gated_highres,Grassy golf fairway,1,0.3597389757633209,a1025580316_US_21,An aerial image. It shows: Grassy fairway on golf course.,/data/tessera_dataset/image-emb-text/images5/a1025580316_US_21.jpg,-76.87243194666851,39.51704247964936,True,0.91,"Broad mowed grassy area with visible mowing stripes, a sand bunker, and a winding paved path consistent with a golf fairway."
gated_highres,Grassy golf fairway,2,0.3597389757633209,w789730971_US_21,"An aerial image. It shows: Service road on bridge, designated as golf cartpath.",/data/tessera_dataset/image-emb-text/images5/w789730971_US_21.jpg,-87.32756068889385,34.8081742320405,True,0.94,Open closely mowed grass with a clearly visible sand bunker and course-like maintenance tracks.
gated_highres,Grassy golf fairway,3,0.3597389757633209,a728204991_US_21,An aerial image. It shows: Golf bunker filled with natural sand.,/data/tessera_dataset/image-emb-text/images6/a728204991_US_21.jpg,-72.61225189327476,41.27394768006447,True,1.0,"Multiple distinctly mowed fairway sections, numerous sand bunkers, cart paths, and adjacent golf-course landscaping are clearly visible."
gated_highres,Grassy golf fairway,4,0.3597389757633209,a1085216326_US_18,An aerial image. It shows: Golf fairway in the image.,/data/tessera_dataset/image-emb-text/images7/a1085216326_US_18.jpg,-78.5686174,33.9460242,True,0.98,Long mowed grassy fairway bordered by trees and containing multiple sand bunkers and a curving cart path.
gated_highres,Grassy golf fairway,5,0.3597389757633209,w1168348697_US_21,An aerial image. It shows: View of golf hole.,/data/tessera_dataset/image-emb-text/images6/w1168348697_US_21.jpg,-80.81739308363169,32.247410727109546,True,0.93,"Mowed grassy corridor with a prominent sand bunker and a paved cart path, surrounded by course-like landscaping."
gated_highres,Grassy golf fairway,6,0.3597389757633209,a926747431_US_19,An aerial image. It shows: Golf fairway surrounded by grass.,/data/tessera_dataset/image-emb-text/images6/a926747431_US_19.jpg,-80.89539254698153,32.29383912342965,True,0.95,"Large maintained grassy fairway with sand bunkers, a cart path, and golf-course layout adjacent to homes."
gated_highres,Grassy golf fairway,7,0.3597389757633209,a1042366905_US_21,An aerial image. It shows: Golf rough area.,/data/tessera_dataset/image-emb-text/images4/a1042366905_US_21.jpg,-77.1406634,39.1203381,True,0.92,Extensive striped mowing patterns and curving paths across an open grassy course area visibly indicate a maintained golf fairway.
gated_highres,Grassy golf fairway,8,0.3597389757633209,w1092163763_US_21,An aerial image. It shows: Path for golf carts.,/data/tessera_dataset/image-emb-text/images5/w1092163763_US_21.jpg,-80.84192583279915,32.267127339868985,True,0.76,"Narrow, uniformly maintained grassy corridor between trees and properties, consistent with a golf fairway."
gated_highres,Grassy golf fairway,9,0.3597389757633209,w1171977761_US_21,An aerial image. It shows: Footway that doubles as golf path.,/data/tessera_dataset/image-emb-text/images6/w1171977761_US_21.jpg,-92.04787230440911,30.259899814103548,True,0.8,"Broad closely mowed grassy area with course-like open layout, a bordering path, and small visible course features."
gated_highres,Grassy golf fairway,10,0.3597389757633209,a1092163762_US_21,An aerial image. It shows: Golf fairway in the image.,/data/tessera_dataset/image-emb-text/images4/a1092163762_US_21.jpg,-80.84206134330424,32.26739471013733,True,0.98,"Clearly maintained golf fairway beside a pond, with multiple sand bunkers, cart paths, and course landscaping."
gated_highres,Historic wayside cross,1,0.3622949719429016,n7508680432_CH_19,An aerial image. It shows: Historic wayside cross.,/data/tessera_dataset/image-emb-text/images7/n7508680432_CH_19.jpg,8.4187369,47.6628537,True,0.84,A small upright monument with a distinct cross-like horizontal bar is visibly positioned in the grassy roadside island.
gated_highres,Historic wayside cross,2,0.3622949719429016,n8544472035_CH_20,An aerial image. It shows: Block barrier.,/data/tessera_dataset/image-emb-text/images6/n8544472035_CH_20.jpg,6.921617434096834,46.39382670794076,True,0.7,A small dark upright structure with a cross-like silhouette is visible on the grassy triangular roadside area.
gated_highres,Historic wayside cross,3,0.3622949719429016,n9167660468_CH_18,An aerial image. It shows: Utility pole in the area.,/data/tessera_dataset/image-emb-text/images6/n9167660468_CH_18.jpg,7.970543731070229,46.947680972254524,True,0.78,"A slender cross-shaped object, including a visible transverse arm, is present in the open grass."
gated_highres,Historic wayside cross,4,0.3622949719429016,n7829141257_CH_19,An aerial image. It shows: Historic wayside cross.,/data/tessera_dataset/image-emb-text/images5/n7829141257_CH_19.jpg,8.467592354565866,47.611699284554454,True,0.82,A narrow dark upright monument with a light-colored base stands immediately beside the road.
gated_highres,Historic wayside cross,5,0.3622949719429016,n2888196175_CH_19,An aerial image. It shows: Guidepost providing information.,/data/tessera_dataset/image-emb-text/images4/n2888196175_CH_19.jpg,8.9940246,47.6433896,True,0.68,A small roadside object with a dark upright element and apparent crossbar is visible at the grass and pavement edge.
gated_highres,Historic wayside cross,6,0.3622949719429016,n4420843542_CH_18,An aerial image. It shows: Bench for seating.,/data/tessera_dataset/image-emb-text/images7/n4420843542_CH_18.jpg,7.9781799,46.979654,True,0.73,"A small roadside monument is visible with a dark upright structure, cross-like extension, and light base or marker."
gated_highres,Historic wayside cross,7,0.3622949719429016,n5809097893_CH_21,An aerial image. It shows: Power pole.,/data/tessera_dataset/image-emb-text/images2/n5809097893_CH_21.jpg,7.593377401313964,47.305242475947054,True,0.74,A thin upright dark structure with a short horizontal projection and a bright base is visible in the grass.
gated_highres,Historic wayside cross,8,0.3622949719429016,n9162501486_CH_21,An aerial image. It shows: Utility pole in the area.,/data/tessera_dataset/image-emb-text/images6/n9162501486_CH_21.jpg,7.5252068,47.3199357,True,0.66,A small dark cross-like object with a transverse arm is visibly lying or standing in the grassy field.
gated_highres,Historic wayside cross,9,0.3622949719429016,n1863032544_CH_21,An aerial image. It shows: Power pole.,/data/tessera_dataset/image-emb-text/images6/n1863032544_CH_21.jpg,8.198190927520631,47.603058507171355,True,0.55,"A slender dark roadside structure with a possible crossbar is visible, though partly obscured by heavy shadow and vegetation."
gated_highres,Historic wayside cross,10,0.3622949719429016,w1097616979_CH_19,An aerial image. It shows: Hedge barrier.,/data/tessera_dataset/image-emb-text/images6/w1097616979_CH_19.jpg,8.992982225679626,47.22692981918584,True,0.63,"A small dark upright monument with a light-colored feature is visible at the roadside junction, consistent with a wayside cross."
gated_highres,Hut,1,0.37018096446990967,a533383301_CH_18,An aerial image. It shows: Rural barn.,/data/tessera_dataset/image-emb-text/images7/a533383301_CH_18.jpg,8.244268051019775,46.70657590599982,True,0.98,"A small isolated roofed structure is clearly visible in the grass, consistent with a hut."
gated_highres,Hut,2,0.37018096446990967,a538748345_CH_18,An aerial image. It shows: Rural barn.,/data/tessera_dataset/image-emb-text/images4/a538748345_CH_18.jpg,8.209174772980855,46.72120356392,True,0.98,"A compact isolated roofed building is clearly visible in a grassy area, consistent with a hut."
gated_highres,Hut,3,0.37018096446990967,a320063409_CH_18,An aerial image. It shows: Barn.,/data/tessera_dataset/image-emb-text/images5/a320063409_CH_18.jpg,8.217815627369525,46.74367625079766,True,0.96,A small rectangular roofed structure is visibly isolated in an open grass field.
gated_highres,Hut,4,0.37018096446990967,a240871316_CH_18,An aerial image. It shows: Barn.,/data/tessera_dataset/image-emb-text/images5/a240871316_CH_18.jpg,7.484125853291598,46.652005883024884,True,0.98,"A clearly defined small roofed structure sits alone in grass, visibly consistent with a hut."
gated_highres,Hut,5,0.37018096446990967,a287233773_CH_18,An aerial image. It shows: Rural barn.,/data/tessera_dataset/image-emb-text/images5/a287233773_CH_18.jpg,8.211140822068096,46.74933124947458,True,0.97,A compact roofed building is clearly visible in an open grassy area.
gated_highres,Hut,6,0.37018096446990967,a538748004_CH_18,An aerial image. It shows: Barn.,/data/tessera_dataset/image-emb-text/images3/a538748004_CH_18.jpg,8.21587588776194,46.72299750187341,True,0.94,"A roofed rural structure is visibly present beside paths and vegetation, consistent with a hut or small outbuilding."
gated_highres,Hut,7,0.37018096446990967,n9004207914_CH_19,An aerial image. It shows: Bird hide located in leisure land.,/data/tessera_dataset/image-emb-text/images2/n9004207914_CH_19.jpg,8.992003457049286,47.20255448154547,True,0.95,A small isolated roofed structure is clearly visible next to trees and grass.
gated_highres,Hut,8,0.37018096446990967,a548560537_CH_18,An aerial image. It shows: Rural barn.,/data/tessera_dataset/image-emb-text/images6/a548560537_CH_18.jpg,7.913862491682476,46.597994896093304,True,0.96,A small roofed building is clearly visible in an open field.
gated_highres,Hut,9,0.37018096446990967,a547992116_CH_18,An aerial image. It shows: Barn.,/data/tessera_dataset/image-emb-text/images4/a547992116_CH_18.jpg,7.927370899992373,46.59337062873627,True,0.92,A small light-roofed structure is visibly present among trees and vegetation.
gated_highres,Hut,10,0.37018096446990967,a294865319_CH_18,An aerial image. It shows: Barn.,/data/tessera_dataset/image-emb-text/images5/a294865319_CH_18.jpg,8.224657305821598,46.72838919095219,True,0.96,A compact roofed structure is clearly visible in a grassy area near trees.
gated_highres,Image of wastewater,1,0.35906654596328735,a361292973_CH_18,An aerial image. It shows: Body of wastewater.,/data/tessera_dataset/image-emb-text/images4/a361292973_CH_18.jpg,8.791481464028184,46.15945787030479,True,0.99,"Circular clarifier basin with central rotating mechanism, characteristic of a wastewater treatment facility."
gated_highres,Image of wastewater,2,0.35906654596328735,a361294489_CH_18,An aerial image. It shows: Body of wastewater.,/data/tessera_dataset/image-emb-text/images5/a361294489_CH_18.jpg,8.793301670817705,46.158554526537074,True,0.99,"Multiple elongated treatment channels and basins, including a visibly algae-covered process basin."
gated_highres,Image of wastewater,3,0.35906654596328735,a435105234_CH_20,An aerial image. It shows: Storage tank which is man-made.,/data/tessera_dataset/image-emb-text/images5/a435105234_CH_20.jpg,6.953126,46.28329755,True,0.98,Circular treatment basin with a central mechanical arm and visibly divided liquid surface.
gated_highres,Image of wastewater,4,0.35906654596328735,a948908441_US_21,"An aerial image. It shows: Basin used for wastewater treatment, filled with water.",/data/tessera_dataset/image-emb-text/images7/a948908441_US_21.jpg,-78.75491821221144,38.62896705447288,True,0.99,Aerial view clearly shows multiple circular clarifiers and rectangular treatment tanks in an organized treatment plant.
gated_highres,Image of wastewater,5,0.35906654596328735,a361294490_CH_18,An aerial image. It shows: Image of wastewater.,/data/tessera_dataset/image-emb-text/images4/a361294490_CH_18.jpg,8.793539892261741,46.15851325932714,True,0.99,"Long rectangular treatment basins containing visibly different stages of wastewater, including algae-covered water."
gated_highres,Image of wastewater,6,0.35906654596328735,a669794749_US_20,An aerial image. It shows: Industrial wastewater plant.,/data/tessera_dataset/image-emb-text/images2/a669794749_US_20.jpg,-83.55473496392904,42.22723633370893,True,1.0,Large wastewater treatment complex with numerous circular clarifiers and rectangular aeration or settling basins.
gated_highres,Image of wastewater,7,0.35906654596328735,a951259146_CH_21,An aerial image. It shows: Image of wastewater.,/data/tessera_dataset/image-emb-text/images5/a951259146_CH_21.jpg,7.5891622000000005,47.3974635,True,0.96,Rectangular liquid-filled treatment basin with adjacent industrial structures and process equipment.
gated_highres,Image of wastewater,8,0.35906654596328735,a361292966_CH_18,An aerial image. It shows: Body of wastewater.,/data/tessera_dataset/image-emb-text/images6/a361292966_CH_18.jpg,8.7928246,46.158736950000005,True,0.99,Several parallel rectangular treatment channels and basins with visible water and aeration or settling areas.
gated_highres,Image of wastewater,9,0.35906654596328735,a970630479_CH_20,An aerial image. It shows: Image of wastewater.,/data/tessera_dataset/image-emb-text/images2/a970630479_CH_20.jpg,6.981758456155461,46.290996934562145,True,0.99,Multiple long dark-water treatment basins with internal walkways and mechanical equipment.
gated_highres,Image of wastewater,10,0.35906654596328735,a568691141_US_18,An aerial image. It shows: View of wastewater plant.,/data/tessera_dataset/image-emb-text/images6/a568691141_US_18.jpg,-94.17054391259612,33.10406229634738,True,0.99,"Overview of a wastewater treatment site containing circular tanks, rectangular basins, buildings, and associated process infrastructure."
gated_highres,Junction on the railway,1,0.36640340089797974,w314254566_US_19,An aerial image. It shows: Electrified rail siding.,/data/tessera_dataset/image-emb-text/images7/w314254566_US_19.jpg,-75.02791145797181,39.883382963685364,False,0.98,"Parallel railway tracks are visible, but they continue straight without a visible junction or branching."
gated_highres,Junction on the railway,2,0.36640340089797974,w230378663_US_21,An aerial image. It shows: Railway siding for service.,/data/tessera_dataset/image-emb-text/images7/w230378663_US_21.jpg,-111.7395979,40.3363288,False,0.99,A roadway and adjacent open ground are visible; no railway junction is clearly present.
gated_highres,Junction on the railway,3,0.36640340089797974,n9427197200_US_19,An aerial image. It shows: Railway crossover.,/data/tessera_dataset/image-emb-text/images7/n9427197200_US_19.jpg,-91.10332871250726,42.90317325831959,False,0.96,"A straight railway line runs diagonally through the image, with no visible junction or branching tracks."
gated_highres,Junction on the railway,4,0.36640340089797974,n70098943_US_21,An aerial image. It shows: Railway level crossing.,/data/tessera_dataset/image-emb-text/images5/n70098943_US_21.jpg,-85.1769931,33.7885539,False,0.9,"A railway line appears to run diagonally, but no clear junction or branching railway tracks are visible."
gated_highres,Junction on the railway,5,0.36640340089797974,n715564929_US_21,An aerial image. It shows: Railway crossing.,/data/tessera_dataset/image-emb-text/images7/n715564929_US_21.jpg,-87.67880510241972,41.75754281506863,True,0.99,"Multiple railway tracks visibly intersect and branch at the center of the image, forming a clear railway junction."
gated_highres,Junction on the railway,6,0.36640340089797974,n3877341844_US_21,An aerial image. It shows: Railway level crossing.,/data/tessera_dataset/image-emb-text/images4/n3877341844_US_21.jpg,-84.39055127742026,35.93075901283245,False,0.99,Large paved areas and buildings dominate the image; no railway junction is visibly present.
gated_highres,Junction on the railway,7,0.36640340089797974,n68302451_US_21,An aerial image. It shows: Level crossing on the railway with lights.,/data/tessera_dataset/image-emb-text/images6/n68302451_US_21.jpg,-84.25683574850035,33.8359744741336,False,0.98,"A road crosses a straight railway line, but the railway itself does not visibly branch or form a junction."
gated_highres,Junction on the railway,8,0.36640340089797974,n1111973362_US_21,An aerial image. It shows: Railway crossing.,/data/tessera_dataset/image-emb-text/images7/n1111973362_US_21.jpg,-87.8640713,41.128902,True,0.97,"Several railway tracks visibly converge and intersect near the center, forming a railway junction."
gated_highres,Junction on the railway,9,0.36640340089797974,w134806989_US_19,An aerial image. It shows: Railway track.,/data/tessera_dataset/image-emb-text/images6/w134806989_US_19.jpg,-96.75101093774416,46.87437359631619,False,0.97,"An industrial rail or track area is visible, but the tracks appear straight and no junction is clearly shown."
gated_highres,Junction on the railway,10,0.36640340089797974,n2969124190_US_21,An aerial image. It shows: Railway crossing.,/data/tessera_dataset/image-emb-text/images5/n2969124190_US_21.jpg,-83.66055250312195,41.037006362550215,False,0.94,"Road intersections and a railway crossing are visible, but no clear junction between railway tracks is shown."
gated_highres,Marked crossing with zebra markings on the road,1,0.3549385070800781,n4746400114_CH_20,An aerial image. It shows: Road crossing with traffic signals.,/data/tessera_dataset/image-emb-text/images5/n4746400114_CH_20.jpg,7.364543335767314,46.229499822110014,True,0.99,Clearly visible yellow zebra stripes across the roadway at an intersection.
gated_highres,Marked crossing with zebra markings on the road,2,0.3549385070800781,w1101853337_US_19,An aerial image. It shows: Unmarked crossing on footway.,/data/tessera_dataset/image-emb-text/images6/w1101853337_US_19.jpg,-75.14349425908222,39.924134384963466,True,0.72,A marked crossing with light-colored transverse stripes is visible near the intersection.
gated_highres,Marked crossing with zebra markings on the road,3,0.3549385070800781,w496152337_US_19,An aerial image. It shows: Solid stop line on the road marking.,/data/tessera_dataset/image-emb-text/images6/w496152337_US_19.jpg,-114.99530169598364,36.03591506790825,False,0.86,"The image shows a large road intersection, but no clearly visible zebra-marked crossing."
gated_highres,Marked crossing with zebra markings on the road,4,0.3549385070800781,n10749422008_CH_18,An aerial image. It shows: Uncontrolled zebra crossing with notable zebra markings.,/data/tessera_dataset/image-emb-text/images5/n10749422008_CH_18.jpg,8.76180869001525,46.16404506272669,True,0.99,Clearly visible yellow zebra stripes crossing the road.
gated_highres,Marked crossing with zebra markings on the road,5,0.3549385070800781,w1067240685_US_21,An aerial image. It shows: Crossing on the footway with zebra markings.,/data/tessera_dataset/image-emb-text/images5/w1067240685_US_21.jpg,-87.6446322180305,41.779879814748845,True,0.78,A light transverse crosswalk marking is visibly present across the central roadway intersection.
gated_highres,Marked crossing with zebra markings on the road,6,0.3549385070800781,w496152359_US_19,An aerial image. It shows: Solid stop line on the road.,/data/tessera_dataset/image-emb-text/images5/w496152359_US_19.jpg,-114.97118881219782,36.030472346907146,True,0.7,A marked crossing with visible transverse stripes appears at the lower central intersection.
gated_highres,Marked crossing with zebra markings on the road,7,0.3549385070800781,n1722057064_CH_20,An aerial image. It shows: Uncontrolled zebra crossing.,/data/tessera_dataset/image-emb-text/images7/n1722057064_CH_20.jpg,7.148948078648868,47.47873173227982,True,0.99,Clearly visible yellow zebra stripes across the road.
gated_highres,Marked crossing with zebra markings on the road,8,0.3549385070800781,n6657755329_US_21,An aerial image. It shows: Crossing with marked lines on the road.,/data/tessera_dataset/image-emb-text/images5/n6657755329_US_21.jpg,-111.8738597,40.7254065,False,0.8,"A broad intersection is visible, but zebra markings are not clearly discernible."
gated_highres,Marked crossing with zebra markings on the road,9,0.3549385070800781,n263838396_CH_20,An aerial image. It shows: Marked road crossing.,/data/tessera_dataset/image-emb-text/images7/n263838396_CH_20.jpg,7.176491084501332,47.427222018974604,True,0.99,Clearly visible yellow transverse zebra stripes marking a crossing.
gated_highres,Marked crossing with zebra markings on the road,10,0.3549385070800781,n3931091261_CH_19,An aerial image. It shows: Uncontrolled zebra crossing on the road.,/data/tessera_dataset/image-emb-text/images6/n3931091261_CH_19.jpg,8.7553075,47.3066215,True,0.99,Clearly visible yellow zebra stripes across the roadway.
gated_highres,Miniature golf course,1,0.3639046549797058,a1098813714_US_21,An aerial image. It shows: Miniature golf leisure land.,/data/tessera_dataset/image-emb-text/images6/a1098813714_US_21.jpg,-77.66584390853825,39.64424613245517,True,0.98,"A compact landscaped course with many winding paths, small putting greens, and miniature-golf-style obstacles is clearly visible."
gated_highres,Miniature golf course,2,0.3639046549797058,a558262204_US_21,An aerial image. It shows: Miniature golf leisure land.,/data/tessera_dataset/image-emb-text/images4/a558262204_US_21.jpg,-77.0332454,42.126624050000004,True,0.83,The image shows a dense small-scale recreational course with numerous winding lanes and clustered landscaped features consistent with miniature golf.
gated_highres,Miniature golf course,3,0.3639046549797058,a1080974143_US_21,An aerial image. It shows: Miniature golf course.,/data/tessera_dataset/image-emb-text/images7/a1080974143_US_21.jpg,-86.69533032008806,36.22165297670965,True,0.95,"A landscaped miniature golf layout with winding green lanes, multiple obstacles, and small course sections is visible."
gated_highres,Miniature golf course,4,0.3639046549797058,a1080315620_US_21,An aerial image. It shows: Miniature golf course.,/data/tessera_dataset/image-emb-text/images6/a1080315620_US_21.jpg,-78.90432427457785,33.67669910049963,True,0.97,"The lower-right area clearly contains a large miniature golf course with many winding lanes, obstacles, and landscaped holes."
gated_highres,Miniature golf course,5,0.3639046549797058,a700227459_US_19,An aerial image. It shows: Miniature golf leisure land.,/data/tessera_dataset/image-emb-text/images4/a700227459_US_19.jpg,-74.24042245000001,39.56241455,True,0.9,"A compact, densely arranged course with multiple small greens and winding miniature-golf-style features is visible."
gated_highres,Miniature golf course,6,0.3639046549797058,a556089310_US_21,An aerial image. It shows: Miniature golf leisure land.,/data/tessera_dataset/image-emb-text/images5/a556089310_US_21.jpg,-81.032052,29.274759,True,0.98,"The image clearly shows a miniature golf course with numerous winding lanes, landscaped obstacles, and decorative ponds."
gated_highres,Miniature golf course,7,0.3639046549797058,a717176076_US_21,"An aerial image. It shows: Water hazard in golf course, with natural water features.",/data/tessera_dataset/image-emb-text/images7/a717176076_US_21.jpg,-82.7220378427885,27.750552969478058,False,0.98,"The image shows a conventional golf course with broad fairway areas, sand bunkers, and a large water hazard, without visible miniature-golf lanes or obstacles."
gated_highres,Miniature golf course,8,0.3639046549797058,a470034393_US_19,An aerial image. It shows: Miniature golf leisure land.,/data/tessera_dataset/image-emb-text/images4/a470034393_US_19.jpg,-75.73657113603551,40.53670421931242,False,0.96,The image shows a conventional golf course with large grass fairways and sand bunkers rather than a compact miniature golf layout.
gated_highres,Miniature golf course,9,0.3639046549797058,a818577266_US_21,An aerial image. It shows: Miniature golf leisure land.,/data/tessera_dataset/image-emb-text/images3/a818577266_US_21.jpg,-83.56484263434938,35.794921733662036,True,0.99,"A clearly visible compact miniature golf course contains many winding lanes, obstacles, landscaped sections, and small water features."
gated_highres,Miniature golf course,10,0.3639046549797058,a744652965_US_20,An aerial image. It shows: Miniature golf course.,/data/tessera_dataset/image-emb-text/images6/a744652965_US_20.jpg,-97.2958184,27.673172700000002,True,0.96,"A dense miniature golf course is visible between buildings, with many small greens, winding paths, obstacles, and landscaped holes."
gated_highres,Narrow-gauge railway track with 1 electrified contact line,1,0.3480997681617737,w156298437_CH_20,An aerial image. It shows: Narrow-gauge railway track with electrified contact line. The railway has one track.,/data/tessera_dataset/image-emb-text/images2/w156298437_CH_20.jpg,6.9050685,46.2198468,False,0.97,"Railway tracks are visible, but no electrified contact line or supporting overhead equipment is clearly visible."
gated_highres,Narrow-gauge railway track with 1 electrified contact line,2,0.3480997681617737,w948425453_CH_18,An aerial image. It shows: Single-track electrified railway with contact line.,/data/tessera_dataset/image-emb-text/images6/w948425453_CH_18.jpg,7.447930497077767,46.65921060521521,False,0.98,"Tracks are visible across the grassy area, with no visible overhead contact line or catenary supports."
gated_highres,Narrow-gauge railway track with 1 electrified contact line,3,0.3480997681617737,n367006702_CH_18,An aerial image. It shows: Railway switch.,/data/tessera_dataset/image-emb-text/images7/n367006702_CH_18.jpg,7.291439958683627,46.5047694369288,False,0.91,"Several railway tracks are visible, but an electrified contact line is not visually clear."
gated_highres,Narrow-gauge railway track with 1 electrified contact line,4,0.3480997681617737,n1992112994_CH_18,An aerial image. It shows: Railway switch.,/data/tessera_dataset/image-emb-text/images7/n1992112994_CH_18.jpg,8.233127670290969,46.701567633356944,True,0.78,"A railway track is visible alongside overhead electrical infrastructure, including dark support and wire elements."
gated_highres,Narrow-gauge railway track with 1 electrified contact line,5,0.3480997681617737,w238494225_CH_18,An aerial image. It shows: Single-track railway with electrified contact lines.,/data/tessera_dataset/image-emb-text/images4/w238494225_CH_18.jpg,8.77127377437819,46.11337683350075,False,0.97,"A railway track is clearly visible, but there is no visible electrified contact line or catenary structure."
gated_highres,Narrow-gauge railway track with 1 electrified contact line,6,0.3480997681617737,w29322029_CH_20,An aerial image. It shows: Narrow-gauge railway with electrified contact line.,/data/tessera_dataset/image-emb-text/images3/w29322029_CH_20.jpg,6.917891,46.2313105,False,0.98,"A track curves through grass and vegetation, without a visibly electrified contact line."
gated_highres,Narrow-gauge railway track with 1 electrified contact line,7,0.3480997681617737,w36780491_CH_20,An aerial image. It shows: Narrow-gauge railway track with electrified contact line. The railway has one track.,/data/tessera_dataset/image-emb-text/images2/w36780491_CH_20.jpg,6.8978669,46.4653957,True,0.96,A narrow railway track is visible with a single dark overhead contact wire and supporting poles running along it.
gated_highres,Narrow-gauge railway track with 1 electrified contact line,8,0.3480997681617737,w187799098_CH_18,An aerial image. It shows: Narrow-gauge railway track electrified by contact line.,/data/tessera_dataset/image-emb-text/images2/w187799098_CH_18.jpg,7.907656322124934,46.59935999149347,False,0.96,"A railway track is visible through the landscape, but no overhead contact line is clearly present."
gated_highres,Narrow-gauge railway track with 1 electrified contact line,9,0.3480997681617737,w32132751_CH_20,An aerial image. It shows: Narrow-gauge railway track with electrified contact line. The railway has one track.,/data/tessera_dataset/image-emb-text/images2/w32132751_CH_20.jpg,6.856451697025989,46.46551810351087,True,0.95,A narrow railway track is visibly accompanied by a single overhead electrical line and support poles.
gated_highres,Narrow-gauge railway track with 1 electrified contact line,10,0.3480997681617737,n897326083_CH_19,An aerial image. It shows: Uncontrolled level crossing on the railway.,/data/tessera_dataset/image-emb-text/images2/n897326083_CH_19.jpg,9.286939675453429,47.31603581266569,True,0.98,A single railway track is clearly shown with one overhead contact line and multiple visible support poles.
gated_highres,Path with excellent trail visibility,1,0.36047184467315674,w617046269_CH_19,An aerial image. It shows: Unpaved path.,/data/tessera_dataset/image-emb-text/images5/w617046269_CH_19.jpg,9.642682988333917,46.76011271616501,True,0.96,A narrow winding dirt trail is clearly visible running vertically through the vegetation.
gated_highres,Path with excellent trail visibility,2,0.36047184467315674,w1116101939_US_20,An aerial image. It shows: Path.,/data/tessera_dataset/image-emb-text/images4/w1116101939_US_20.jpg,-120.80335262512509,38.77494975831727,True,0.97,A distinct narrow trail runs vertically through the wooded terrain with strong contrast against the vegetation.
gated_highres,Path with excellent trail visibility,3,0.36047184467315674,w81631187_CH_20,An aerial image. It shows: Intermediate downhill skiing path for skiing enthusiasts.,/data/tessera_dataset/image-emb-text/images5/w81631187_CH_20.jpg,7.62231442414623,46.216023554087755,True,0.88,A thin diagonal footpath is visibly traced across the open grassy area.
gated_highres,Path with excellent trail visibility,4,0.36047184467315674,w538867739_US_21,An aerial image. It shows: Path.,/data/tessera_dataset/image-emb-text/images4/w538867739_US_21.jpg,-82.54907789807845,28.761234653577542,True,0.98,A clearly defined winding trail traverses the forest and branches near the center.
gated_highres,Path with excellent trail visibility,5,0.36047184467315674,w952379695_CH_18,An aerial image. It shows: Path with excellent trail visibility.,/data/tessera_dataset/image-emb-text/images7/w952379695_CH_18.jpg,7.980464837975756,46.58015394362218,True,0.98,"A prominent narrow trail runs vertically through the rocky grassy landscape, with an additional branching path near the top."
gated_highres,Path with excellent trail visibility,6,0.36047184467315674,w293561659_CH_20,An aerial image. It shows: Rocky path.,/data/tessera_dataset/image-emb-text/images2/w293561659_CH_20.jpg,7.338284695664827,46.23165085404564,True,0.94,Multiple clearly visible narrow trails curve through the vegetation around the central rocky area.
gated_highres,Path with excellent trail visibility,7,0.36047184467315674,w517774835_US_21,An aerial image. It shows: Path.,/data/tessera_dataset/image-emb-text/images5/w517774835_US_21.jpg,-105.27078854168454,39.94383625759814,True,0.99,A highly visible branching network of trails crosses the open terrain.
gated_highres,Path with excellent trail visibility,8,0.36047184467315674,w311445151_CH_20,An aerial image. It shows: Ground path with excellent trail visibility.,/data/tessera_dataset/image-emb-text/images5/w311445151_CH_20.jpg,6.951318738678408,46.07376667482873,True,0.68,A light-colored linear path or trail is visibly crossing the grassy terrain horizontally.
gated_highres,Path with excellent trail visibility,9,0.36047184467315674,w172259346_CH_18,An aerial image. It shows: Gravel path with excellent visibility for trails.,/data/tessera_dataset/image-emb-text/images4/w172259346_CH_18.jpg,7.441399695146767,46.69945479780459,False,0.87,The pixels primarily show exposed rocky bands and terrain features; no clearly identifiable trail is visible.
gated_highres,Path with excellent trail visibility,10,0.36047184467315674,w165940711_CH_18,An aerial image. It shows: Dirt path with grade 3 track type.,/data/tessera_dataset/image-emb-text/images5/w165940711_CH_18.jpg,7.994215774334261,46.966278982003054,True,0.95,A distinct dirt trail runs horizontally along the upper portion of the grassy clearing.
gated_highres,Paved residential road,1,0.3715362846851349,w132161402_CH_19,An aerial image. It shows: Residential road.,/data/tessera_dataset/image-emb-text/images6/w132161402_CH_19.jpg,8.908997022910448,47.28073256624839,True,0.99,"A clearly paved residential roadway with a curved junction, landscaped edges, and adjacent homes and gardens."
gated_highres,Paved residential road,2,0.3715362846851349,w224151656_CH_19,An aerial image. It shows: Gravel alleyway designated as service road.,/data/tessera_dataset/image-emb-text/images7/w224151656_CH_19.jpg,8.72853459284832,47.34844536948462,True,0.98,"A paved road is visibly present beside residential buildings, driveways, and landscaped lots."
gated_highres,Paved residential road,3,0.3715362846851349,w189668169_CH_18,An aerial image. It shows: Smoothly paved residential road.,/data/tessera_dataset/image-emb-text/images4/w189668169_CH_18.jpg,8.741365793754944,46.15329476140673,True,0.99,"A paved residential road is visible between houses, gardens, and dense vegetation."
gated_highres,Paved residential road,4,0.3715362846851349,w115952482_CH_20,An aerial image. It shows: Living street.,/data/tessera_dataset/image-emb-text/images4/w115952482_CH_20.jpg,6.951454835369232,46.24528894160538,True,0.99,"A paved residential intersection is clearly visible among multiple houses, lawns, and driveways."
gated_highres,Paved residential road,5,0.3715362846851349,w262547831_CH_20,"An aerial image. It shows: Residential road with asphalt surface, without sidewalks.",/data/tessera_dataset/image-emb-text/images4/w262547831_CH_20.jpg,6.9986274,46.2828847,True,0.98,A paved residential road and adjoining paved driveway are visible beside homes and landscaped properties.
gated_highres,Paved residential road,6,0.3715362846851349,w366964504_CH_19,An aerial image. It shows: Fence.,/data/tessera_dataset/image-emb-text/images5/w366964504_CH_19.jpg,8.7660667,47.3747091,True,0.9,"A paved road is clearly visible, with grass and residential-area vegetation along its edges."
gated_highres,Paved residential road,7,0.3715362846851349,w129102731_CH_20,An aerial image. It shows: Living street.,/data/tessera_dataset/image-emb-text/images6/w129102731_CH_20.jpg,6.9636318827740755,46.24970686440779,True,0.99,"A paved residential roadway is visible with houses, parked cars, lawns, and a swimming pool nearby."
gated_highres,Paved residential road,8,0.3715362846851349,w25040245_CH_19,An aerial image. It shows: Paved residential road.,/data/tessera_dataset/image-emb-text/images2/w25040245_CH_19.jpg,9.28052435842185,47.377536073156435,True,0.98,"A paved residential road runs alongside homes, gardens, and property boundaries."
gated_highres,Paved residential road,9,0.3715362846851349,w116343753_CH_20,An aerial image. It shows: Living street.,/data/tessera_dataset/image-emb-text/images5/w116343753_CH_20.jpg,6.941993,46.2470046,True,0.99,"A paved residential street and intersection are clearly visible with houses, parked cars, and landscaped yards."
gated_highres,Paved residential road,10,0.3715362846851349,w25040243_CH_19,An aerial image. It shows: Paved residential road.,/data/tessera_dataset/image-emb-text/images2/w25040243_CH_19.jpg,9.282014241469867,47.37995835878939,True,0.99,"A clearly paved curved residential road is visible beside houses, lawns, and landscaped vegetation."
gated_highres,Railway line on embankment,1,0.357803076505661,w21828748_US_21,An aerial image. It shows: Single railway track.,/data/tessera_dataset/image-emb-text/images4/w21828748_US_21.jpg,-88.602944936814,41.55811272724982,True,0.93,Parallel railway tracks are visibly present on a raised linear corridor through vegetation and residential land.
gated_highres,Railway line on embankment,2,0.357803076505661,w1062482924_US_19,An aerial image. It shows: Railway track.,/data/tessera_dataset/image-emb-text/images6/w1062482924_US_19.jpg,-74.91522705758132,40.18719466899599,True,0.72,"A dark, parallel linear railway corridor is visible through the trees, with a raised embankment-like form."
gated_highres,Railway line on embankment,3,0.357803076505661,w357721752_US_21,An aerial image. It shows: Bridge over railway line.,/data/tessera_dataset/image-emb-text/images3/w357721752_US_21.jpg,-114.07929203064563,35.158319275955286,True,0.98,Multiple railway tracks are clearly visible on a distinct raised embankment crossing the dry landscape.
gated_highres,Railway line on embankment,4,0.357803076505661,w486445642_US_19,An aerial image. It shows: Railway with electrified contact lines.,/data/tessera_dataset/image-emb-text/images6/w486445642_US_19.jpg,-74.85998145558267,40.10246914344586,True,0.94,A broad railway track corridor is clearly visible on an elevated linear strip between residential areas.
gated_highres,Railway line on embankment,5,0.357803076505661,n3259378671_US_21,An aerial image. It shows: Junction on the railway.,/data/tessera_dataset/image-emb-text/images7/n3259378671_US_21.jpg,-104.59819446709974,38.26296896953046,True,0.98,Parallel railway tracks are clearly visible on a raised embankment beside fields and woodland.
gated_highres,Railway line on embankment,6,0.357803076505661,w21470639_US_20,An aerial image. It shows: Railway siding for service.,/data/tessera_dataset/image-emb-text/images7/w21470639_US_20.jpg,-91.49293104053804,44.8167216581504,True,0.91,Railway tracks are visibly present on a raised corridor alongside vegetation and an industrial parking area.
gated_highres,Railway line on embankment,7,0.357803076505661,w99277470_US_21,An aerial image. It shows: Railway siding for service.,/data/tessera_dataset/image-emb-text/images5/w99277470_US_21.jpg,-104.82010195909174,39.988038877397926,True,0.99,"A large, clearly visible railway corridor with multiple tracks occupies the center on a raised grade through an urban area."
gated_highres,Railway line on embankment,8,0.357803076505661,w94995796_US_19,An aerial image. It shows: Railway track.,/data/tessera_dataset/image-emb-text/images7/w94995796_US_19.jpg,-74.68446097870435,41.36313651983883,True,0.92,Parallel railway tracks are visibly present on a linear embankment through dense vegetation and buildings.
gated_highres,Railway line on embankment,9,0.357803076505661,w343851792_US_21,An aerial image. It shows: Railway embankment with electrified rails.,/data/tessera_dataset/image-emb-text/images6/w343851792_US_21.jpg,-73.95392682617725,40.58874718115425,True,0.97,A railway line with parallel tracks is clearly visible on a raised corridor between residential and industrial properties.
gated_highres,Railway line on embankment,10,0.357803076505661,w939782223_US_21,An aerial image. It shows: Railway track.,/data/tessera_dataset/image-emb-text/images4/w939782223_US_21.jpg,-82.01061162496515,28.034893710190453,True,0.95,Parallel railway tracks are clearly visible crossing a raised embankment through wooded terrain.
gated_highres,"Residential road with asphalt surface, without sidewalks",1,0.3592701852321625,w115952482_CH_20,An aerial image. It shows: Living street.,/data/tessera_dataset/image-emb-text/images4/w115952482_CH_20.jpg,6.951454835369232,46.24528894160538,True,0.98,"A paved residential intersection is clearly visible with gray asphalt surfaces, detached homes, and no sidewalks along the roads."
gated_highres,"Residential road with asphalt surface, without sidewalks",2,0.3592701852321625,w253462744_CH_19,An aerial image. It shows: Asphalt road in residential area.,/data/tessera_dataset/image-emb-text/images7/w253462744_CH_19.jpg,8.911526824674667,47.606255444745614,True,0.91,"A residential paved road and junction are visible beside homes and landscaped yards, with no sidewalks present."
gated_highres,"Residential road with asphalt surface, without sidewalks",3,0.3592701852321625,w129102731_CH_20,An aerial image. It shows: Living street.,/data/tessera_dataset/image-emb-text/images6/w129102731_CH_20.jpg,6.9636318827740755,46.24970686440779,True,0.96,Gray paved residential roads surround detached homes and yards; no sidewalks are visible.
gated_highres,"Residential road with asphalt surface, without sidewalks",4,0.3592701852321625,w186926681_CH_21,An aerial image. It shows: Residential road with bridge.,/data/tessera_dataset/image-emb-text/images6/w186926681_CH_21.jpg,7.960452141919755,47.08814608202306,True,0.95,"A paved residential road intersection is visible around houses and lawns, without sidewalks."
gated_highres,"Residential road with asphalt surface, without sidewalks",5,0.3592701852321625,w132161402_CH_19,An aerial image. It shows: Residential road.,/data/tessera_dataset/image-emb-text/images6/w132161402_CH_19.jpg,8.908997022910448,47.28073256624839,True,0.93,"A broad gray paved residential road curves beside landscaped properties, and no sidewalk is visible."
gated_highres,"Residential road with asphalt surface, without sidewalks",6,0.3592701852321625,n5964928390_CH_20,"An aerial image. It shows: Road with ""give way"" sign.",/data/tessera_dataset/image-emb-text/images5/n5964928390_CH_20.jpg,6.691395952424607,47.06326428255791,True,0.94,A gray asphalt residential road runs beside homes and lawns with no sidewalk along its edges.
gated_highres,"Residential road with asphalt surface, without sidewalks",7,0.3592701852321625,w262547831_CH_20,"An aerial image. It shows: Residential road with asphalt surface, without sidewalks.",/data/tessera_dataset/image-emb-text/images4/w262547831_CH_20.jpg,6.9986274,46.2828847,True,0.96,"A narrow paved residential road is clearly visible between properties and vegetation, with no sidewalks."
gated_highres,"Residential road with asphalt surface, without sidewalks",8,0.3592701852321625,w25040243_CH_19,An aerial image. It shows: Paved residential road.,/data/tessera_dataset/image-emb-text/images2/w25040243_CH_19.jpg,9.282014241469867,47.37995835878939,True,0.97,"A curved gray asphalt road borders residential homes and grass, with no sidewalks visible."
gated_highres,"Residential road with asphalt surface, without sidewalks",9,0.3592701852321625,w189668169_CH_18,An aerial image. It shows: Smoothly paved residential road.,/data/tessera_dataset/image-emb-text/images4/w189668169_CH_18.jpg,8.741365793754944,46.15329476140673,True,0.94,"A paved residential road passes between homes and dense vegetation, without visible sidewalks."
gated_highres,"Residential road with asphalt surface, without sidewalks",10,0.3592701852321625,w196875225_CH_19,An aerial image. It shows: Residential road with asphalt surface.,/data/tessera_dataset/image-emb-text/images5/w196875225_CH_19.jpg,9.25814084022715,47.60655745470568,True,0.92,"A gray paved residential road is visible beside houses and landscaped yards, with no sidewalks."
gated_highres,Retail building housing supermarket,1,0.35184285044670105,a47681734_US_18,An aerial image. It shows: Commercial building.,/data/tessera_dataset/image-emb-text/images6/a47681734_US_18.jpg,-78.578620236264,35.84595000234481,True,0.94,Large flat-roofed commercial building directly adjacent to extensive marked parking lots.
gated_highres,Retail building housing supermarket,2,0.35184285044670105,n7057225737_US_20,An aerial image. It shows: Parking space.,/data/tessera_dataset/image-emb-text/images7/n7057225737_US_20.jpg,-95.50411457777965,29.73952270609066,True,0.97,Large retail-style building with a broad flat roof and substantial customer parking area with access drives and trees.
gated_highres,Retail building housing supermarket,3,0.35184285044670105,n7057225782_US_20,An aerial image. It shows: Parking space is available.,/data/tessera_dataset/image-emb-text/images4/n7057225782_US_20.jpg,-95.50431416525396,29.73937792372901,True,0.96,Visible portion of a large flat-roofed commercial building alongside a large organized parking lot.
gated_highres,Retail building housing supermarket,4,0.35184285044670105,a241059904_US_21,An aerial image. It shows: Building.,/data/tessera_dataset/image-emb-text/images6/a241059904_US_21.jpg,-71.54222956900631,42.800578874049535,True,0.91,Large commercial roof occupies the foreground and is bordered by dense parking areas filled with vehicles.
gated_highres,Retail building housing supermarket,5,0.35184285044670105,n7057225759_US_20,An aerial image. It shows: Parking space.,/data/tessera_dataset/image-emb-text/images7/n7057225759_US_20.jpg,-95.50408547423481,29.739466198363694,True,0.98,Large flat-roofed retail building with a very extensive marked parking lot immediately in front.
gated_highres,Retail building housing supermarket,6,0.35184285044670105,n7057224911_US_20,An aerial image. It shows: Parking space.,/data/tessera_dataset/image-emb-text/images7/n7057224911_US_20.jpg,-95.50176562882291,29.739496784436056,True,0.98,Large connected commercial buildings and expansive customer parking lots are clearly visible.
gated_highres,Retail building housing supermarket,7,0.35184285044670105,a144518518_US_18,An aerial image. It shows: Supermarket building.,/data/tessera_dataset/image-emb-text/images6/a144518518_US_18.jpg,-103.2309774608049,44.064862683671635,True,0.95,Standalone large flat-roofed commercial building surrounded by parking lots and vehicle access roads.
gated_highres,Retail building housing supermarket,8,0.35184285044670105,n4034668609_US_21,An aerial image. It shows: Supermarket.,/data/tessera_dataset/image-emb-text/images4/n4034668609_US_21.jpg,-81.24130470526234,41.105526052850855,True,0.94,"Large retail-style building with adjacent parking areas, service/loading space, and surrounding access roads."
gated_highres,Retail building housing supermarket,9,0.35184285044670105,a402321513_US_20,An aerial image. It shows: Retail building.,/data/tessera_dataset/image-emb-text/images7/a402321513_US_20.jpg,-117.9343233316437,33.98936565010223,True,0.97,Large shopping-center-style complex with multiple connected flat-roofed buildings and extensive parking.
gated_highres,Retail building housing supermarket,10,0.35184285044670105,a749041306_US_21,An aerial image. It shows: Retail building.,/data/tessera_dataset/image-emb-text/images7/a749041306_US_21.jpg,-97.53394255,35.6042755,True,0.92,Cropped aerial view clearly shows a large flat-roofed commercial building with surrounding marked parking.
gated_highres,Scrap yard located in industrial area,1,0.35030949115753174,a888517810_US_21,An aerial image. It shows: Scrap yard in industrial area.,/data/tessera_dataset/image-emb-text/images3/a888517810_US_21.jpg,-85.29876884999999,34.9893508,True,0.99,"Dense outdoor accumulation of assorted scrap, vehicles, and materials surrounded by access roads and industrial structures."
gated_highres,Scrap yard located in industrial area,2,0.35030949115753174,a675220957_US_21,An aerial image. It shows: Recycling center with scrap metal recycling facilities.,/data/tessera_dataset/image-emb-text/images4/a675220957_US_21.jpg,-116.54020729755189,43.59313920982348,True,0.99,"Industrial facility with extensive piles of metal, debris, and visibly processed scrap across the yard."
gated_highres,Scrap yard located in industrial area,3,0.35030949115753174,a924659193_US_21,An aerial image. It shows: Scrap yard situated in industrial area.,/data/tessera_dataset/image-emb-text/images4/a924659193_US_21.jpg,-82.73621986078561,41.444958575964264,True,0.98,"Large outdoor yard containing dense rows and piles of discarded vehicles, containers, and mixed scrap materials."
gated_highres,Scrap yard located in industrial area,4,0.35030949115753174,a297357845_US_20,An aerial image. It shows: Industrial area designated for recycling. This location is recycling center.,/data/tessera_dataset/image-emb-text/images3/a297357845_US_20.jpg,-78.63334691244484,35.748876663638505,True,0.97,"Industrial open yard with multiple large piles of rubble, metal, and other stored or discarded materials."
gated_highres,Scrap yard located in industrial area,5,0.35030949115753174,a1021578478_US_21,An aerial image. It shows: Scrap yard located in industrial area.,/data/tessera_dataset/image-emb-text/images6/a1021578478_US_21.jpg,-85.19678266863892,33.705391762403565,True,0.99,Clearly visible scrap yard with numerous tightly packed vehicles or metal items distributed along dirt lanes.
gated_highres,Scrap yard located in industrial area,6,0.35030949115753174,a899035235_US_20,An aerial image. It shows: Scrap yard located in industrial area.,/data/tessera_dataset/image-emb-text/images5/a899035235_US_20.jpg,-120.6168378,40.394867000000005,True,0.98,"Large industrial storage and scrap yard with many scattered piles, containers, vehicles, and unpaved circulation roads."
gated_highres,Scrap yard located in industrial area,7,0.35030949115753174,a278118986_US_21,An aerial image. It shows: Industrial building.,/data/tessera_dataset/image-emb-text/images7/a278118986_US_21.jpg,-88.06403089991339,30.718901182629644,True,0.86,"Industrial lot visibly containing demolition debris, scattered materials, and large disturbed scrap-filled areas."
gated_highres,Scrap yard located in industrial area,8,0.35030949115753174,a414864409_US_21,An aerial image. It shows: Industrial area with recycling center.,/data/tessera_dataset/image-emb-text/images4/a414864409_US_21.jpg,-104.76965109921119,38.784166804331136,True,0.99,"Industrial complex with several prominent outdoor piles of mixed scrap, discarded materials, and machinery."
gated_highres,Scrap yard located in industrial area,9,0.35030949115753174,a1040032763_US_20,An aerial image. It shows: Scrap yard situated in industrial area.,/data/tessera_dataset/image-emb-text/images4/a1040032763_US_20.jpg,-83.56516918675119,42.24896862142981,True,0.98,Dense rows of discarded vehicles or metal objects and mixed material piles are clearly visible in an outdoor yard.
gated_highres,Scrap yard located in industrial area,10,0.35030949115753174,a721661529_US_21,An aerial image. It shows: Scrap yard situated in industrial area.,/data/tessera_dataset/image-emb-text/images7/a721661529_US_21.jpg,-80.63942866111007,41.11407432779255,True,0.99,Multiple adjacent industrial lots contain dense accumulations of vehicles and mixed scrap materials.
gated_highres,Secondary road leading to roundabout,1,0.3638263940811157,w1055600679_US_18,An aerial image. It shows: Secondary road around roundabout.,/data/tessera_dataset/image-emb-text/images4/w1055600679_US_18.jpg,-116.80624406849194,33.92182671323603,True,0.98,"A large circular roundabout is clearly visible with multiple connecting roads, including smaller approach roads."
gated_highres,Secondary road leading to roundabout,2,0.3638263940811157,w1010140395_US_18,An aerial image. It shows: Secondary road around roundabout.,/data/tessera_dataset/image-emb-text/images7/w1010140395_US_18.jpg,-116.80612545697059,33.921902535307346,True,0.98,"The image clearly shows a large roundabout and several roads leading into it, including secondary approaches."
gated_highres,Secondary road leading to roundabout,3,0.3638263940811157,n3940888623_US_21,An aerial image. It shows: Unmarked road crossing.,/data/tessera_dataset/image-emb-text/images4/n3940888623_US_21.jpg,-111.58625045753189,33.2401659083904,True,0.94,"A small roundabout is visibly present at the center, connected to surrounding residential streets."
gated_highres,Secondary road leading to roundabout,4,0.3638263940811157,w960044411_US_20,An aerial image. It shows: Residential road with asphalt surface leading to roundabout.,/data/tessera_dataset/image-emb-text/images7/w960044411_US_20.jpg,-121.25143031729844,38.88834253518634,True,0.96,A roundabout is clearly visible in an open area with a narrow secondary road leading into it from the lower portion of the image.
gated_highres,Secondary road leading to roundabout,5,0.3638263940811157,w685934670_US_21,An aerial image. It shows: Primary highway with asphalt surface leading to roundabout.,/data/tessera_dataset/image-emb-text/images5/w685934670_US_21.jpg,-112.0047639,40.5622175,True,0.97,A prominent roundabout is visible with multiple roads and smaller access approaches leading to it.
gated_highres,Secondary road leading to roundabout,6,0.3638263940811157,w1084697236_US_19,An aerial image. It shows: Secondary road with asphalt surface leading to roundabout.,/data/tessera_dataset/image-emb-text/images3/w1084697236_US_19.jpg,-93.7884174,44.8366877,True,0.96,"The central roundabout is clearly visible, with secondary roads approaching from multiple directions."
gated_highres,Secondary road leading to roundabout,7,0.3638263940811157,w1006361002_US_20,An aerial image. It shows: Secondary road around roundabout.,/data/tessera_dataset/image-emb-text/images7/w1006361002_US_20.jpg,-116.80630535454645,33.922251754324904,True,0.93,"A partial aerial view clearly shows a roundabout and connecting approach roads, including a smaller road entering from the left."
gated_highres,Secondary road leading to roundabout,8,0.3638263940811157,w1084697237_US_19,An aerial image. It shows: Secondary road with asphalt surface leading to roundabout.,/data/tessera_dataset/image-emb-text/images3/w1084697237_US_19.jpg,-93.78837023124535,44.83645876083369,True,0.95,A small roundabout is clearly shown with several local roads leading into the circle.
gated_highres,Secondary road leading to roundabout,9,0.3638263940811157,w1107304945_US_20,An aerial image. It shows: Residential road that intersects with roundabout.,/data/tessera_dataset/image-emb-text/images6/w1107304945_US_20.jpg,-121.51474911516476,38.63699159586406,True,0.96,The image clearly shows a roundabout with a narrow road approaching from the upper right and other connecting roads.
gated_highres,Secondary road leading to roundabout,10,0.3638263940811157,n8977528196_US_21,An aerial image. It shows: Marked crossing on the road.,/data/tessera_dataset/image-emb-text/images4/n8977528196_US_21.jpg,-111.7685528,40.3535851,True,0.91,A circular traffic junction is visibly present with multiple urban roads leading into it.
gated_highres,Secondary road with frontage road alongside,1,0.3611329197883606,w1051484596_US_20,An aerial image. It shows: Secondary road with frontage road.,/data/tessera_dataset/image-emb-text/images6/w1051484596_US_20.jpg,-97.0823212,32.5729861,True,0.78,"A narrow secondary road runs parallel alongside the larger divided roadway, separated by a grassy strip."
gated_highres,Secondary road with frontage road alongside,2,0.3611329197883606,w705484132_US_20,An aerial image. It shows: Secondary road with frontage road alongside.,/data/tessera_dataset/image-emb-text/images7/w705484132_US_20.jpg,-97.1305901969589,31.533775286828053,False,0.92,"The image shows a multilane divided highway with parallel carriageways, but no clearly distinct secondary frontage road."
gated_highres,Secondary road with frontage road alongside,3,0.3611329197883606,w1173909716_US_20,An aerial image. It shows: Tertiary road with asphalt surface.,/data/tessera_dataset/image-emb-text/images7/w1173909716_US_20.jpg,-97.1420939,32.5919156,True,0.96,"A two-lane secondary road is visibly running parallel alongside the larger highway, separated by grass."
gated_highres,Secondary road with frontage road alongside,4,0.3611329197883606,w31559768_US_20,An aerial image. It shows: Secondary road with frontage road.,/data/tessera_dataset/image-emb-text/images7/w31559768_US_20.jpg,-97.13046996029901,31.53466971593782,False,0.82,The visible smaller roads are primarily curved ramps and access lanes intersecting the highway rather than a frontage road running alongside it.
gated_highres,Secondary road with frontage road alongside,5,0.3611329197883606,w992387584_US_20,An aerial image. It shows: Secondary road with frontage road.,/data/tessera_dataset/image-emb-text/images4/w992387584_US_20.jpg,-95.4513161049537,30.177966778082542,True,0.87,A narrow access or frontage road runs parallel along the right side of the multilane highway near the commercial properties.
gated_highres,Secondary road with frontage road alongside,6,0.3611329197883606,w992387582_US_20,An aerial image. It shows: Secondary road with frontage access.,/data/tessera_dataset/image-emb-text/images4/w992387582_US_20.jpg,-95.45153134349579,30.178841726608315,True,0.98,"A distinct narrow secondary road clearly runs parallel alongside the multilane highway, separated by vegetation and a paved margin."
gated_highres,Secondary road with frontage road alongside,7,0.3611329197883606,w160146950_US_20,An aerial image. It shows: Secondary road with frontage road.,/data/tessera_dataset/image-emb-text/images6/w160146950_US_20.jpg,-97.08622563903177,32.55263250634036,False,0.97,Only highway lanes and separated roadway surfaces are visible; there is no clearly distinct secondary frontage road.
gated_highres,Secondary road with frontage road alongside,8,0.3611329197883606,w31559770_US_20,An aerial image. It shows: Secondary road with frontage road alongside.,/data/tessera_dataset/image-emb-text/images7/w31559770_US_20.jpg,-97.13033298603625,31.535361130523448,True,0.91,A curved secondary access road follows alongside the multilane highway and connects to nearby commercial driveways.
gated_highres,Secondary road with frontage road alongside,9,0.3611329197883606,w103614025_US_20,An aerial image. It shows: Frontage road connected to secondary link road.,/data/tessera_dataset/image-emb-text/images4/w103614025_US_20.jpg,-95.53233123934397,29.785030114369064,False,0.89,The smaller roads near the commercial buildings meet or cross the highway area but do not visibly run alongside it as a frontage road.
gated_highres,Secondary road with frontage road alongside,10,0.3611329197883606,w422674845_US_18,An aerial image. It shows: Secondary road with frontage road alongside.,/data/tessera_dataset/image-emb-text/images2/w422674845_US_18.jpg,-95.5583137,29.7326076,True,0.94,A separate multi-lane secondary road is clearly visible running parallel alongside the larger highway.
gated_highres,Secondary road with separate sidewalks,1,0.3642297685146332,w779453784_US_20,An aerial image. It shows: Asphalt footway with crossing.,/data/tessera_dataset/image-emb-text/images5/w779453784_US_20.jpg,-121.97795038647698,37.38024215490036,False,0.96,A large multilane divided arterial dominates the image; no clearly visible secondary road with distinct sidewalks.
gated_highres,Secondary road with separate sidewalks,2,0.3642297685146332,w501022852_US_20,An aerial image. It shows: Solid stop line on the road.,/data/tessera_dataset/image-emb-text/images6/w501022852_US_20.jpg,-121.95020171356053,37.337455915059905,True,0.72,"A paved road intersection is visible, including a narrower secondary roadway with pedestrian sidewalks separated from the roadway by landscaped margins."
gated_highres,Secondary road with separate sidewalks,3,0.3642297685146332,w499985373_US_20,An aerial image. It shows: Solid stop line on the road.,/data/tessera_dataset/image-emb-text/images5/w499985373_US_20.jpg,-121.9111419,37.3198114,True,0.95,"A narrow two-lane road is clearly bordered by separate sidewalks and landscaping, with another cross street intersecting it."
gated_highres,Secondary road with separate sidewalks,4,0.3642297685146332,w1132016516_US_20,An aerial image. It shows: Footway crossing.,/data/tessera_dataset/image-emb-text/images7/w1132016516_US_20.jpg,-96.9817015,33.2079102,True,0.9,A residential secondary road is visible with distinct paved pedestrian paths running separately from the roadway.
gated_highres,Secondary road with separate sidewalks,5,0.3642297685146332,w1124439084_US_20,An aerial image. It shows: Tertiary road with separate sidewalks.,/data/tessera_dataset/image-emb-text/images7/w1124439084_US_20.jpg,-96.81083911915967,33.12965847818204,True,0.78,A relatively narrow road through a developed commercial area has separated pedestrian paths along its edges and a landscaped median.
gated_highres,Secondary road with separate sidewalks,6,0.3642297685146332,n612721625_US_20,An aerial image. It shows: Road with stop sign.,/data/tessera_dataset/image-emb-text/images5/n612721625_US_20.jpg,-121.29738606258488,38.812552024965626,True,0.88,Curving secondary roadways are clearly visible with separate sidewalks or pedestrian paths along landscaped edges.
gated_highres,Secondary road with separate sidewalks,7,0.3642297685146332,n8674716278_US_21,An aerial image. It shows: Road with stop sign.,/data/tessera_dataset/image-emb-text/images4/n8674716278_US_21.jpg,-111.77717499196555,33.24824338631225,True,0.76,The residential side road and adjoining roadway show distinct sidewalks separated from vehicle lanes by grass and landscaping.
gated_highres,Secondary road with separate sidewalks,8,0.3642297685146332,w1124259497_US_20,An aerial image. It shows: Secondary road with separate sidewalks.,/data/tessera_dataset/image-emb-text/images7/w1124259497_US_20.jpg,-96.83024457070962,33.10648973854361,True,0.62,"A smaller divided roadway is visible near the top with a separated pedestrian path, though the sidewalk boundary is partly obscured by trees and low resolution."
gated_highres,Secondary road with separate sidewalks,9,0.3642297685146332,w198122467_US_20,An aerial image. It shows: Secondary road with separate sidewalk.,/data/tessera_dataset/image-emb-text/images5/w198122467_US_20.jpg,-96.8007681,33.1188568,True,0.84,"Several intersecting roads are visibly bordered by separate sidewalks, including a smaller connector roadway."
gated_highres,Secondary road with separate sidewalks,10,0.3642297685146332,w705004516_US_21,An aerial image. It shows: Footway on asphalt with marked crossing lines.,/data/tessera_dataset/image-emb-text/images4/w705004516_US_21.jpg,-111.89377524520279,40.75605009600512,False,0.78,"The image is dominated by a broad urban arterial intersection; separate sidewalks are visible, but the queried secondary-road context is not clearly present."
gated_highres,Storage rental shop located in building,1,0.3517148494720459,a684693768_US_21,An aerial image. It shows: Storage rental shop.,/data/tessera_dataset/image-emb-text/images2/a684693768_US_21.jpg,-112.21826638570029,33.58182162007963,True,0.9,"Large enclosed complex with multiple long buildings featuring repeated parallel roof sections and internal access lanes, visually consistent with a self-storage facility."
gated_highres,Storage rental shop located in building,2,0.3517148494720459,a992529225_US_21,An aerial image. It shows: Storage rental shop.,/data/tessera_dataset/image-emb-text/images3/a992529225_US_21.jpg,-105.19121434663046,39.72936042720582,True,0.72,"Several long, narrow enclosed buildings arranged in parallel rows beside access roads, consistent with rental storage buildings."
gated_highres,Storage rental shop located in building,3,0.3517148494720459,a166382929_US_19,An aerial image. It shows: Area used for garages with storage rental services available.,/data/tessera_dataset/image-emb-text/images6/a166382929_US_19.jpg,-122.311871450242,47.295125188764416,False,0.68,Large industrial or commercial buildings with extensive surface parking; no clearly visible self-storage unit pattern.
gated_highres,Storage rental shop located in building,4,0.3517148494720459,a612720637_US_21,An aerial image. It shows: Warehouse.,/data/tessera_dataset/image-emb-text/images7/a612720637_US_21.jpg,-77.17665349204258,39.17988995347363,False,0.84,A single large warehouse-like building with a parking area and landscaped roadway; storage rental use is not visibly distinguishable.
gated_highres,Storage rental shop located in building,5,0.3517148494720459,a1173710832_US_18,An aerial image. It shows: Building that serves as storage rental shop.,/data/tessera_dataset/image-emb-text/images4/a1173710832_US_18.jpg,-96.3050911060476,30.567989015663496,True,0.95,"Multiple long, narrow buildings arranged in a dense parallel layout with drive aisles, strongly characteristic of a self-storage complex."
gated_highres,Storage rental shop located in building,6,0.3517148494720459,a999387084_US_22,An aerial image. It shows: Warehouse.,/data/tessera_dataset/image-emb-text/images5/a999387084_US_22.jpg,-84.15442350000001,33.972693500000005,False,0.86,One very large warehouse roof with loading or service pavement; no visible pattern identifying rental storage units.
gated_highres,Storage rental shop located in building,7,0.3517148494720459,a1046352110_US_21,An aerial image. It shows: Building.,/data/tessera_dataset/image-emb-text/images4/a1046352110_US_21.jpg,-89.98905342133571,35.13672502871283,False,0.79,A commercial or industrial building with parking and surrounding residences; no clearly visible self-storage layout.
gated_highres,Storage rental shop located in building,8,0.3517148494720459,n10196171031_US_20,An aerial image. It shows: Industrial warehouse.,/data/tessera_dataset/image-emb-text/images3/n10196171031_US_20.jpg,-121.35829337690687,38.37659344657747,False,0.64,"Large warehouse buildings and paved service areas are visible, but the image does not clearly show rental storage units or a self-storage arrangement."
gated_highres,Storage rental shop located in building,9,0.3517148494720459,a547749772_US_21,An aerial image. It shows: Parking garage.,/data/tessera_dataset/image-emb-text/images3/a547749772_US_21.jpg,-77.16966900878296,39.118427378932495,False,0.72,Industrial buildings with loading areas and adjacent commercial structures; no clear visual evidence of a storage rental facility.
gated_highres,Storage rental shop located in building,10,0.3517148494720459,a1101706150_US_21,"An aerial image. It shows: Solar photovoltaic panels on the roof of building, serving as solar power generator.",/data/tessera_dataset/image-emb-text/images3/a1101706150_US_21.jpg,-77.4447385143734,38.502135409598665,True,0.97,"Several long narrow buildings with repeated unit-like divisions, individual access lanes, and a controlled internal drive layout, clearly consistent with self-storage."
gated_highres,Unclassified road with bridge,1,0.36325815320014954,w179244230_CH_18,An aerial image. It shows: Unclassified road on bridge.,/data/tessera_dataset/image-emb-text/images6/w179244230_CH_18.jpg,7.9306085738712335,46.90488450900255,True,0.98,A narrow paved road visibly crosses a dark drainage channel on a small bridge with discernible edge rails.
gated_highres,Unclassified road with bridge,2,0.36325815320014954,w572597182_CH_18,An aerial image. It shows: Residential road with bridge.,/data/tessera_dataset/image-emb-text/images7/w572597182_CH_18.jpg,7.428173102153448,46.65065536384728,False,0.93,"A rural road and junction are visible, but no bridge or clear crossing structure can be identified."
gated_highres,Unclassified road with bridge,3,0.36325815320014954,n8662019665_CH_20,An aerial image. It shows: Pole with roof-covered pipeline marker.,/data/tessera_dataset/image-emb-text/images7/n8662019665_CH_20.jpg,6.9318899,46.3323466,True,0.99,A road visibly crosses a channel on a concrete bridge with clear side railings and posts.
gated_highres,Unclassified road with bridge,4,0.36325815320014954,w1159748225_US_21,An aerial image. It shows: Culvert tunnel.,/data/tessera_dataset/image-emb-text/images6/w1159748225_US_21.jpg,-93.3522882936773,42.06858776206122,False,0.98,Only a narrow rural road through fields and trees is visible; no bridge is present.
gated_highres,Unclassified road with bridge,5,0.36325815320014954,w172593624_US_21,An aerial image. It shows: Residential road with bridge.,/data/tessera_dataset/image-emb-text/images4/w172593624_US_21.jpg,-91.53757062638257,41.00106432624666,False,0.97,"The image shows rural roads and a junction, without a visible bridge."
gated_highres,Unclassified road with bridge,6,0.36325815320014954,w1016737971_US_21,"An aerial image. It shows: Unclassified road with asphalt surface, passing over bridge with slab structure.",/data/tessera_dataset/image-emb-text/images2/w1016737971_US_21.jpg,-76.8132881455783,39.554533259691,False,0.95,"A narrow road through fields and trees is visible, but no bridge or crossing structure is discernible."
gated_highres,Unclassified road with bridge,7,0.36325815320014954,w992192087_CH_18,An aerial image. It shows: Bridge crossing over asphalt track with grade 1 track type.,/data/tessera_dataset/image-emb-text/images7/w992192087_CH_18.jpg,7.941016772251337,46.955822173440794,False,0.82,"A rural road beside a small drainage feature and a curved track is visible, but there is no clearly visible bridge."
gated_highres,Unclassified road with bridge,8,0.36325815320014954,w1025658453_CH_18,An aerial image. It shows: Well-maintained track road of grade 1.,/data/tessera_dataset/image-emb-text/images5/w1025658453_CH_18.jpg,7.975104378077912,46.969502201331025,True,0.86,"A rural road appears to cross a dark stream or drainage channel beneath the tree canopy, with a small crossing structure visible."
gated_highres,Unclassified road with bridge,9,0.36325815320014954,w1155306540_US_20,An aerial image. It shows: Culvert tunnel.,/data/tessera_dataset/image-emb-text/images4/w1155306540_US_20.jpg,-77.7873630423657,35.069806790277056,False,0.96,"A rural road, vegetation, buildings, and water features are visible, but no bridge is apparent."
gated_highres,Unclassified road with bridge,10,0.36325815320014954,w498753159_CH_18,An aerial image. It shows: Unclassified road with asphalt surface running over bridge.,/data/tessera_dataset/image-emb-text/images6/w498753159_CH_18.jpg,7.910260498744417,46.58125890096389,True,0.78,"A rural road visibly passes over a dark linear drainage or stream feature, with a bridge-like crossing structure partly obscured by blur and vegetation."
gated_highres,Uncontrolled crossing with central island on the road,1,0.3654922544956207,w1017121883_CH_20,An aerial image. It shows: Asphalt footway with marked crossing and pedestrian island.,/data/tessera_dataset/image-emb-text/images4/w1017121883_CH_20.jpg,7.3656799,46.2301451,False,0.99,"A zebra crossing is visible, but there is no central refuge island separating crossing stages."
gated_highres,Uncontrolled crossing with central island on the road,2,0.3654922544956207,w1094528388_CH_20,An aerial image. It shows: Residential road with asphalt surface. There is cycle lane on the left and cycle track on the right.,/data/tessera_dataset/image-emb-text/images5/w1094528388_CH_20.jpg,7.341361833013334,46.22751804916814,False,0.98,A zebra crossing and intersection markings are visible without a central island on the road.
gated_highres,Uncontrolled crossing with central island on the road,3,0.3654922544956207,n10749381102_CH_18,An aerial image. It shows: Uncontrolled zebra crossing with island. The crossing is marked with zebra stripes.,/data/tessera_dataset/image-emb-text/images7/n10749381102_CH_18.jpg,8.7616135,46.1682631,True,0.78,"The crossing is divided by a marked central refuge area, with a pedestrian crossing on the roadway beside it."
gated_highres,Uncontrolled crossing with central island on the road,4,0.3654922544956207,n8009129974_CH_19,An aerial image. It shows: Marked crossing with pedestrian island.,/data/tessera_dataset/image-emb-text/images4/n8009129974_CH_19.jpg,8.7129667,47.3562452,False,0.99,"A zebra crossing is visible along the roadway, with no central island apparent."
gated_highres,Uncontrolled crossing with central island on the road,5,0.3654922544956207,n8909767847_CH_20,An aerial image. It shows: Marked crossing with pedestrian island.,/data/tessera_dataset/image-emb-text/images4/n8909767847_CH_20.jpg,6.572345426374628,46.528550865148844,True,0.96,Two crossing sections are separated by a narrow central refuge island with visible bollards or fixtures.
gated_highres,Uncontrolled crossing with central island on the road,6,0.3654922544956207,n7706143008_US_20,An aerial image. It shows: Crossing on the road.,/data/tessera_dataset/image-emb-text/images4/n7706143008_US_20.jpg,-85.6351855,38.2414733,False,0.97,"A large signalized-looking intersection is visible, but no distinct central pedestrian refuge island is apparent."
gated_highres,Uncontrolled crossing with central island on the road,7,0.3654922544956207,n6174109526_US_21,An aerial image. It shows: Unmarked road crossing.,/data/tessera_dataset/image-emb-text/images7/n6174109526_US_21.jpg,-111.77260998922578,33.24865208611918,False,0.99,A broad conventional intersection with lane markings is visible without a central island crossing.
gated_highres,Uncontrolled crossing with central island on the road,8,0.3654922544956207,n1870688668_ES_18,An aerial image. It shows: Zebra crossing on the road.,/data/tessera_dataset/image-emb-text/images5/n1870688668_ES_18.jpg,-8.6872373,43.2416138,False,0.99,"A single zebra crossing spans the road, with no central refuge island visible."
gated_highres,Uncontrolled crossing with central island on the road,9,0.3654922544956207,w1094089579_CH_20,An aerial image. It shows: Marked footway crossing with pedestrian island.,/data/tessera_dataset/image-emb-text/images4/w1094089579_CH_20.jpg,6.9509375,46.2723257,True,0.99,Two zebra crossing sections visibly flank a narrow triangular central refuge island in the roadway.
gated_highres,Uncontrolled crossing with central island on the road,10,0.3654922544956207,n11074055160_CH_19,"An aerial image. It shows: Marked road crossing with central island, featuring clear markings.",/data/tessera_dataset/image-emb-text/images5/n11074055160_CH_19.jpg,9.286368823179377,47.358240221314034,True,0.99,Multiple zebra crossing sections are visibly separated by a central traffic island with a planted or raised refuge area.
gated_highres,Wastewater plant,1,0.3532952666282654,a386270475_CH_19,An aerial image. It shows: Wastewater plant protected by fence.,/data/tessera_dataset/image-emb-text/images3/a386270475_CH_19.jpg,8.715698249999999,47.3141023,True,0.99,"Aerial view clearly shows wastewater-treatment infrastructure including rectangular treatment basins, covered process tanks, and a large circular clarifier."
gated_highres,Wastewater plant,2,0.3532952666282654,a1166277623_US_20,An aerial image. It shows: View of wastewater plant.,/data/tessera_dataset/image-emb-text/images4/a1166277623_US_20.jpg,-97.37640357924373,30.33720722932044,True,0.98,"Compact treatment facility with multiple circular clarifiers, rectangular basins, and connected process areas is clearly visible."
gated_highres,Wastewater plant,3,0.3532952666282654,a858198257_US_21,An aerial image. It shows: View of wastewater plant.,/data/tessera_dataset/image-emb-text/images4/a858198257_US_21.jpg,-83.78382689610814,40.098643823462226,True,0.98,"Large treatment complex with multiple circular clarifiers, rectangular settling basins, process buildings, and service roads."
gated_highres,Wastewater plant,4,0.3532952666282654,a999665651_US_21,An aerial image. It shows: View of wastewater plant.,/data/tessera_dataset/image-emb-text/images4/a999665651_US_21.jpg,-70.14042795,44.65455945,True,0.99,"Clearly visible wastewater plant layout with several circular clarifiers, aeration or settling basins, and treatment buildings."
gated_highres,Wastewater plant,5,0.3532952666282654,a620947041_US_21,An aerial image. It shows: Wastewater plant.,/data/tessera_dataset/image-emb-text/images2/a620947041_US_21.jpg,-81.06912062090817,32.07413180004487,True,0.99,"Extensive facility visibly contains large rectangular treatment beds, circular clarifiers, tanks, and associated process buildings."
gated_highres,Wastewater plant,6,0.3532952666282654,a878034731_US_17,An aerial image. It shows: Wastewater plant.,/data/tessera_dataset/image-emb-text/images4/a878034731_US_17.jpg,-94.86599606004779,39.73082616353754,True,0.99,"Large industrial wastewater-treatment complex with numerous circular clarifiers, rectangular basins, and filtration or aeration structures."
gated_highres,Wastewater plant,7,0.3532952666282654,a970630479_CH_20,An aerial image. It shows: Image of wastewater.,/data/tessera_dataset/image-emb-text/images2/a970630479_CH_20.jpg,6.981758456155461,46.290996934562145,True,0.96,Three long dark rectangular treatment basins with internal channels and mechanical structures are visibly characteristic of a treatment facility.
gated_highres,Wastewater plant,8,0.3532952666282654,a457752031_US_21,An aerial image. It shows: Water works facility enclosed by barbed wire fence.,/data/tessera_dataset/image-emb-text/images2/a457752031_US_21.jpg,-76.59116669967376,39.33611811365536,True,0.96,Large open water and settling basins with screening or filtration structures and adjacent process buildings are clearly visible.
gated_highres,Wastewater plant,9,0.3532952666282654,a839984594_US_21,An aerial image. It shows: Man-made water works facility.,/data/tessera_dataset/image-emb-text/images6/a839984594_US_21.jpg,-89.55149959981772,40.72561139022855,True,0.99,"Facility visibly includes two large circular clarifiers, additional tanks, and process buildings connected by service roads."
gated_highres,Wastewater plant,10,0.3532952666282654,a948908441_US_21,"An aerial image. It shows: Basin used for wastewater treatment, filled with water.",/data/tessera_dataset/image-emb-text/images7/a948908441_US_21.jpg,-78.75491821221144,38.62896705447288,True,0.98,"Aerial view clearly shows rectangular treatment beds and multiple circular basins beside a water body, consistent with a wastewater plant."
gated_highres,Wind generator powered by horizontal-axis wind turbine,1,0.3486790359020233,n8442008458_US_20,An aerial image. It shows: Wind generator powered by wind. The generator type is horizontal axis and it uses wind turbines.,/data/tessera_dataset/image-emb-text/images5/n8442008458_US_20.jpg,-98.389864,33.5289997,True,0.99,"Aerial view visibly shows a wind turbine with a tower, nacelle, and long horizontal-axis rotor blade."
gated_highres,Wind generator powered by horizontal-axis wind turbine,2,0.3486790359020233,n8309734179_US_21,An aerial image. It shows: Wind generator using wind turbines of horizontal axis.,/data/tessera_dataset/image-emb-text/images7/n8309734179_US_21.jpg,-104.021552618156,40.9392733475602,True,0.99,Aerial view visibly shows a three-bladed wind turbine and its dark rotor shadow.
gated_highres,Wind generator powered by horizontal-axis wind turbine,3,0.3486790359020233,n4003628754_US_21,An aerial image. It shows: Wind generator with horizontal axis. The generator is wind turbine.,/data/tessera_dataset/image-emb-text/images5/n4003628754_US_21.jpg,-102.7375536964824,40.77191164729476,True,0.99,Aerial view visibly shows a wind turbine with a horizontal-axis three-bladed rotor.
gated_highres,Wind generator powered by horizontal-axis wind turbine,4,0.3486790359020233,n8442008444_US_20,An aerial image. It shows: Wind generator powered by horizontal-axis wind turbine.,/data/tessera_dataset/image-emb-text/images4/n8442008444_US_20.jpg,-98.34302083488437,33.533859670082805,True,0.99,"Aerial view visibly shows a wind turbine, including its tower, nacelle, and rotor blades."
gated_highres,Wind generator powered by horizontal-axis wind turbine,5,0.3486790359020233,n6231419157_US_21,An aerial image. It shows: Wind turbine generator that utilizes wind as its source for generating electricity. It is of the horizontal axis type.,/data/tessera_dataset/image-emb-text/images4/n6231419157_US_21.jpg,-103.02624247402858,40.95493584655997,True,0.99,Aerial view visibly shows a wind turbine with a long horizontal-axis rotor and tower.
gated_highres,Wind generator powered by horizontal-axis wind turbine,6,0.3486790359020233,n4003633024_US_21,An aerial image. It shows: Wind generator powered by horizontal axis wind turbine.,/data/tessera_dataset/image-emb-text/images6/n4003633024_US_21.jpg,-102.7301079,40.7239005,True,0.99,Aerial view visibly shows a three-bladed wind turbine and associated tower structure.
gated_highres,Wind generator powered by horizontal-axis wind turbine,7,0.3486790359020233,n1849368310_US_21,An aerial image. It shows: Wind turbine generating power.,/data/tessera_dataset/image-emb-text/images2/n1849368310_US_21.jpg,-104.00521904270671,40.8814028338754,True,0.98,Aerial view visibly shows a wind turbine with a horizontal-axis rotor and tower.
gated_highres,Wind generator powered by horizontal-axis wind turbine,8,0.3486790359020233,n1849368684_US_21,An aerial image. It shows: Wind turbine power generator.,/data/tessera_dataset/image-emb-text/images7/n1849368684_US_21.jpg,-104.03337417121693,40.967445440493236,True,0.98,"Aerial view visibly shows a wind turbine, with the rotor and tower clearly visible."
gated_highres,Wind generator powered by horizontal-axis wind turbine,9,0.3486790359020233,n1849368360_US_21,An aerial image. It shows: Wind generator powered by wind turbine.,/data/tessera_dataset/image-emb-text/images3/n1849368360_US_21.jpg,-104.06322657195629,40.89128634614083,True,0.99,Aerial view visibly shows a three-bladed horizontal-axis wind turbine.
gated_highres,Wind generator powered by horizontal-axis wind turbine,10,0.3486790359020233,n6559591636_US_20,An aerial image. It shows: Wind turbine generator that utilizes wind as its source for generating electricity. It is of the horizontal axis type.,/data/tessera_dataset/image-emb-text/images7/n6559591636_US_20.jpg,-99.55993811157617,41.52756058445537,True,0.99,Aerial view visibly shows a wind turbine with a clear horizontal-axis rotor and tower.
gated_highres,Wind power generator with wind turbines,1,0.35175850987434387,n8442008458_US_20,An aerial image. It shows: Wind generator powered by wind. The generator type is horizontal axis and it uses wind turbines.,/data/tessera_dataset/image-emb-text/images5/n8442008458_US_20.jpg,-98.389864,33.5289997,True,0.99,"Aerial view clearly shows a wind turbine with a tower, nacelle, and blades, along with its shadow."
gated_highres,Wind power generator with wind turbines,2,0.35175850987434387,n1849368310_US_21,An aerial image. It shows: Wind turbine generating power.,/data/tessera_dataset/image-emb-text/images2/n1849368310_US_21.jpg,-104.00521904270671,40.8814028338754,True,0.99,Aerial view clearly shows a wind turbine structure and its distinct three-blade shadow.
gated_highres,Wind power generator with wind turbines,3,0.35175850987434387,n6559591636_US_20,An aerial image. It shows: Wind turbine generator that utilizes wind as its source for generating electricity. It is of the horizontal axis type.,/data/tessera_dataset/image-emb-text/images7/n6559591636_US_20.jpg,-99.55993811157617,41.52756058445537,True,0.99,"A wind turbine with visible blades, nacelle, and tower is clearly present from above."
gated_highres,Wind power generator with wind turbines,4,0.35175850987434387,n4003633024_US_21,An aerial image. It shows: Wind generator powered by horizontal axis wind turbine.,/data/tessera_dataset/image-emb-text/images6/n4003633024_US_21.jpg,-102.7301079,40.7239005,True,0.99,Aerial image visibly contains a wind turbine and its large blade shadow.
gated_highres,Wind power generator with wind turbines,5,0.35175850987434387,n1849368360_US_21,An aerial image. It shows: Wind generator powered by wind turbine.,/data/tessera_dataset/image-emb-text/images3/n1849368360_US_21.jpg,-104.06322657195629,40.89128634614083,True,0.99,A wind turbine with visible white blades and a dark blade shadow is clearly shown.
gated_highres,Wind power generator with wind turbines,6,0.35175850987434387,n5685453864_US_20,An aerial image. It shows: Wind generator powered by wind. The generator type is horizontal axis and it uses wind turbines.,/data/tessera_dataset/image-emb-text/images2/n5685453864_US_20.jpg,-118.41484339573871,34.90468322364268,True,0.98,The image visibly shows the nacelle and blades of a wind turbine from an overhead perspective.
gated_highres,Wind power generator with wind turbines,7,0.35175850987434387,n4003628754_US_21,An aerial image. It shows: Wind generator with horizontal axis. The generator is wind turbine.,/data/tessera_dataset/image-emb-text/images5/n4003628754_US_21.jpg,-102.7375536964824,40.77191164729476,True,0.99,A wind turbine and its blade shadow are clearly visible over the surrounding land.
gated_highres,Wind power generator with wind turbines,8,0.35175850987434387,n5685407178_US_20,An aerial image. It shows: Wind generator powered by horizontal axis wind turbine.,/data/tessera_dataset/image-emb-text/images3/n5685407178_US_20.jpg,-118.44492247688297,34.94633912572813,True,0.98,"Aerial view clearly shows a wind turbine with blades, tower, and shadow."
gated_highres,Wind power generator with wind turbines,9,0.35175850987434387,n5685407204_US_18,An aerial image. It shows: Wind turbine generator that utilizes wind as its source for generating electricity. It is of the horizontal axis type.,/data/tessera_dataset/image-emb-text/images6/n5685407204_US_18.jpg,-118.48079985410973,34.91882393189432,True,0.9,"The image visibly includes part of a wind turbine, including the nacelle/blades and a long tower shadow."
gated_highres,Wind power generator with wind turbines,10,0.35175850987434387,n8442008444_US_20,An aerial image. It shows: Wind generator powered by horizontal-axis wind turbine.,/data/tessera_dataset/image-emb-text/images4/n8442008444_US_20.jpg,-98.34302083488437,33.533859670082805,True,0.99,Aerial view clearly shows a wind turbine with multiple blades and its prominent shadow.
