system,query,rank,gate_global_weight,sample_id,source_title,image_path,center_lon,center_lat,coarse_rank,relevance,sol_confidence,sol_visible_evidence,relevant,terra_confidence,terra_visible_evidence
gated_highres,school,1,0.5156893730163574,a161269233_US_21,An aerial image. It shows: School building.,/data/tessera_dataset/image-emb-text/images4/a161269233_US_21.jpg,-112.021322235635,40.51635187385071,30,4,0.99,"School-like building directly attached to a large enclosed playground containing basketball courts, game markings, play structures, and shade shelters.",True,0.99,"Large institutional building with multiple fenced basketball courts, playground areas, parking, and a broad athletic field."
gated_highres,school,2,0.5156893730163574,a164775576_US_19,An aerial image. It shows: School building.,/data/tessera_dataset/image-emb-text/images2/a164775576_US_19.jpg,-90.21391966291812,38.45061733734083,1,4,0.98,"Large institutional building directly adjoins multiple playground areas, paved play space, parking, and an expansive athletic field.",True,0.98,"Multi-wing institutional building beside playground equipment, paved play areas, parking, and a large grass field."
gated_highres,school,3,0.5156893730163574,a32331037_US_21,An aerial image. It shows: School.,/data/tessera_dataset/image-emb-text/images6/a32331037_US_21.jpg,-111.7162708,40.3205062,78,4,0.99,"Unambiguous school-like campus with a large classroom complex, extensive athletic field, marked hard courts, playground equipment, drop-off lanes, and parking.",True,0.99,"Large school-like building complex with marked outdoor courts, play equipment, parking, and an adjacent athletic field."
gated_highres,school,4,0.5156893730163574,a158372704_US_20,An aerial image. It shows: School.,/data/tessera_dataset/image-emb-text/images7/a158372704_US_20.jpg,-83.22612795,42.2473188,61,4,0.99,"Large institutional campus with multiple buildings, tennis courts, baseball diamond, running track, athletic field, bus parking, and extensive paved circulation.",True,0.99,"Very large campus with a building complex, extensive parking including buses, tennis courts, baseball diamond, football track, and sports fields."
gated_highres,school,5,0.5156893730163574,a776262679_US_20,An aerial image. It shows: School building.,/data/tessera_dataset/image-emb-text/images7/a776262679_US_20.jpg,-83.20386060851885,42.24327378460981,10,4,0.99,"Large campus has multiple connected buildings, substantial parking, a grandstand or bleachers, and a full oval running track with an interior athletic field.",True,0.98,"Institutional building complex directly adjacent to a large oval running track and field, with neighborhood access and parking."
gated_highres,school,6,0.5156893730163574,a1075914813_US_21,An aerial image. It shows: School building.,/data/tessera_dataset/image-emb-text/images7/a1075914813_US_21.jpg,-89.37719574402826,36.03762626601197,79,4,0.99,"Clear educational campus with multiple large buildings, organized drop-off and parking areas, playground markings, open grounds, and adjacent baseball diamonds.",True,0.98,"Large multi-building institutional campus with marked drive lanes, parking, playground or ballfield areas, and surrounding lawns."
gated_highres,school,7,0.5156893730163574,a103609745_US_21,An aerial image. It shows: School.,/data/tessera_dataset/image-emb-text/images5/a103609745_US_21.jpg,-76.50136101792938,39.34358223703698,13,4,0.99,"Large institutional building directly connected to extensive recreation grounds containing two baseball diamonds, a basketball court, paved play area, and small auxiliary structures.",True,0.98,"Campus building beside a baseball diamond, basketball court, open recreation fields, walkways, and parking."
gated_highres,school,8,0.5156893730163574,a304866323_US_21,An aerial image. It shows: School building.,/data/tessera_dataset/image-emb-text/images4/a304866323_US_21.jpg,-74.388488073808,41.71873634321368,47,4,0.99,"Large connected institutional campus with extensive parking, tennis courts, a baseball diamond, and broad athletic grounds, unambiguously consistent with a school.",True,0.98,"Large institutional building complex with tennis courts, a baseball diamond, expansive field space, and large parking lots."
gated_highres,school,9,0.5156893730163574,a902009175_US_19,An aerial image. It shows: School.,/data/tessera_dataset/image-emb-text/images6/a902009175_US_19.jpg,-89.5870623849296,40.74486779151854,22,4,0.98,"Large campus with multiple buildings, broad paved gathering areas, athletic field, running track, and baseball diamond.",True,0.97,"Large campus containing multiple institutional buildings, substantial parking, athletic fields, a baseball diamond, and a running track."
gated_highres,school,10,0.5156893730163574,a29364824_US_20,An aerial image. It shows: School.,/data/tessera_dataset/image-emb-text/images5/a29364824_US_20.jpg,-123.20525835594135,39.232840196344384,36,4,0.98,"Clearly visible school-like campus containing multiple buildings, painted play courts, playground areas, parking, and a large athletic field.",True,0.97,"Multi-building institutional complex with a large parking lot, marked outdoor courts, and an adjacent open athletic field."
gated_highres,school,11,0.5156893730163574,a203943850_US_21,An aerial image. It shows: School building.,/data/tessera_dataset/image-emb-text/images6/a203943850_US_21.jpg,-112.01244025849972,40.501073476979926,51,4,0.98,"Large institutional building with extensive marked playground courts, circular play markings, adjacent field, and organized parking.",True,0.98,"Large institutional building with marked basketball courts, extensive student drop-off/parking lanes, and a campus-style layout."
gated_highres,school,12,0.5156893730163574,a214878460_US_20,An aerial image. It shows: School.,/data/tessera_dataset/image-emb-text/images4/a214878460_US_20.jpg,-117.9271357122468,33.93817443517351,6,4,0.97,"Multi-wing campus visibly includes a circular drop-off, large open field, basketball courts, parking, and organized paved play areas.",True,0.97,Multiple connected school-sized buildings beside a large playing field and several marked outdoor courts.
gated_highres,school,13,0.5156893730163574,a383740666_US_20,An aerial image. It shows: School.,/data/tessera_dataset/image-emb-text/images5/a383740666_US_20.jpg,-118.0854757489144,33.928944116122935,19,4,0.98,"Large multi-wing campus with parking, internal courtyards, broad grounds, and a marked paved play court, providing strong visible school evidence.",True,0.93,Campus of several connected institutional buildings with a large open recreational field and paved court area.
gated_highres,school,14,0.5156893730163574,a456460127_US_20,An aerial image. It shows: School.,/data/tessera_dataset/image-emb-text/images6/a456460127_US_20.jpg,-95.4041899762828,29.92950904368855,56,4,0.97,"Large campus-style building surrounded by playing fields, paved courts, broad lawns, and a substantial parking area.",True,0.79,"Large institutional complex with a bus-lined parking area, broad lawns, and what appears to be an outdoor court surface."
gated_highres,school,15,0.5156893730163574,a412704774_US_21,An aerial image. It shows: School building with school amenities.,/data/tessera_dataset/image-emb-text/images7/a412704774_US_21.jpg,-90.7125425440725,33.73892224155472,68,4,0.97,"Multi-wing campus building directly beside a running track and athletic field, with paved recreation or assembly areas.",True,0.96,Large school-like building directly beside marked tennis courts and an oval running track/athletic field.
gated_highres,school,16,0.5156893730163574,n3880377883_US_22,An aerial image. It shows: School.,/data/tessera_dataset/image-emb-text/images3/n3880377883_US_22.jpg,-80.5831696,28.1345618,7,4,0.94,Institutional building surrounds a courtyard and is accompanied by a clearly visible playground and marked outdoor play surfaces.,True,0.94,Low-rise institutional building with a visible playground and adjacent marked outdoor recreation surface.
gated_highres,school,17,0.5156893730163574,a586001503_US_21,An aerial image. It shows: School.,/data/tessera_dataset/image-emb-text/images7/a586001503_US_21.jpg,-81.07170802812496,29.22464739179985,25,4,0.94,"Large campus complex with marked hard courts, a fenced court, playground equipment, lawns, and parking.",True,0.95,"Large campus building complex with visible tennis courts, a playground, and extensive paved school grounds."
gated_highres,school,18,0.5156893730163574,a694202894_US_21,An aerial image. It shows: School building.,/data/tessera_dataset/image-emb-text/images4/a694202894_US_21.jpg,-87.88510609955817,41.112598559730415,41,4,0.97,"Large institutional building directly beside a running track and multiple marked athletic fields, strongly and unambiguously indicating a school campus.",True,0.98,School-sized building beside a large athletic field containing a running track and marked soccer/football field.
gated_highres,school,19,0.5156893730163574,a43442420_US_21,An aerial image. It shows: School.,/data/tessera_dataset/image-emb-text/images2/a43442420_US_21.jpg,-72.45991139159987,41.8794188629626,69,4,0.96,"Substantial campus building with multiple parking lots, organized access roads, a baseball diamond, and large marked athletic fields.",True,0.96,"Institutional campus with multiple large buildings, substantial parking, and open sports-field space with marked courts."
gated_highres,school,20,0.5156893730163574,a602207251_US_21,An aerial image. It shows: School.,/data/tessera_dataset/image-emb-text/images4/a602207251_US_21.jpg,-94.86436942833262,39.70935886483372,49,4,0.98,"Large institutional building beside expansive paved recreation space, open fields, and distinct playground equipment within a residential neighborhood, clearly a school campus.",True,0.94,"Large institutional building with a marked running track/field area, broad schoolyard lawn, and a large paved lot."
gated_highres,school,21,0.5156893730163574,a777897149_US_21,An aerial image. It shows: School.,/data/tessera_dataset/image-emb-text/images4/a777897149_US_21.jpg,-116.56369383452574,43.57068983652504,89,4,0.96,Clear school-like building complex directly adjoining multiple marked outdoor basketball courts and a small playground.,True,0.99,Large institutional building directly beside multiple marked outdoor basketball courts and a parking area.
gated_highres,school,22,0.5156893730163574,a397192432_US_21,An aerial image. It shows: School building.,/data/tessera_dataset/image-emb-text/images7/a397192432_US_21.jpg,-94.76936546347298,38.90311670857247,70,3,0.91,Large institutional building with extensive parking and landscaping immediately adjacent to a baseball diamond and open athletic grounds.,True,0.86,Large building with extensive paved grounds beside a maintained athletic field/baseball diamond.
gated_highres,school,23,0.5156893730163574,a970801664_US_21,An aerial image. It shows: School.,/data/tessera_dataset/image-emb-text/images3/a970801664_US_21.jpg,-77.62357557484881,43.17672845380764,5,4,0.96,"Large building complex is immediately paired with a baseball diamond, marked recreation area, lawn, and parking lot.",True,0.94,"Large institutional building, student-scale parking lot, and an adjacent baseball diamond/playing field."
gated_highres,school,24,0.5156893730163574,a247632816_US_21,An aerial image. It shows: School building with school amenities.,/data/tessera_dataset/image-emb-text/images5/a247632816_US_21.jpg,-89.58736648445665,40.74511682418948,29,4,0.98,"Clearly organized campus with multiple buildings, broad paved gathering space, athletic field, track, and baseball facilities.",True,0.93,"Multi-building campus with walkways, parking, open recreation lawn, and a large paved schoolyard-like area."
gated_highres,school,25,0.5156893730163574,a95180154_US_21,An aerial image. It shows: School.,/data/tessera_dataset/image-emb-text/images5/a95180154_US_21.jpg,-76.5456409819597,39.320716109673306,60,4,0.98,"Large multi-wing institutional campus with multiple tennis courts, expansive playing fields, parking, and organized pedestrian paths.",True,0.99,"Large campus building with clearly visible fenced tennis courts, parking lots, and athletic grounds."
gated_highres,school,26,0.5156893730163574,a235646735_US_21,An aerial image. It shows: School building.,/data/tessera_dataset/image-emb-text/images6/a235646735_US_21.jpg,-90.18588522465018,33.51723721436633,71,3,0.94,"Large institutional complex with multiple connected buildings, paved play areas, a small playground structure, and a broad athletic field.",True,0.91,Large institutional complex with a broad open athletic field and paved campus circulation areas.
gated_highres,school,27,0.5156893730163574,a659235350_US_17,An aerial image. It shows: School building.,/data/tessera_dataset/image-emb-text/images6/a659235350_US_17.jpg,-78.73938138848104,41.11349895911819,3,4,0.95,"Central institutional campus has a large parking lot, looped vehicle access, playground equipment, and adjacent recreation grounds.",True,0.88,Large central institutional building in a residential area with a sizable parking lot and campus grounds.
gated_highres,school,28,0.5156893730163574,a318121286_US_21,An aerial image. It shows: School.,/data/tessera_dataset/image-emb-text/images5/a318121286_US_21.jpg,-71.34884262438189,42.52617939209648,45,4,0.96,"Multi-building campus with a clearly painted outdoor play area containing courts and game markings, strongly characteristic of a school.",True,0.97,"Campus buildings include a clearly marked outdoor basketball/play court, paths, and a parking lot."
gated_highres,school,29,0.5156893730163574,a872869898_US_21,An aerial image. It shows: Part of building.,/data/tessera_dataset/image-emb-text/images6/a872869898_US_21.jpg,-73.52998351493201,41.094539533679416,20,4,0.96,"Substantial institutional building immediately beside a baseball diamond, playground equipment, open grass, and parking, strongly indicating a school campus.",True,0.88,Large institutional building with an adjacent baseball/softball diamond and parking areas.
gated_highres,school,30,0.5156893730163574,a583040100_US_19,An aerial image. It shows: College building.,/data/tessera_dataset/image-emb-text/images5/a583040100_US_19.jpg,-75.52181216852544,40.58546362540051,86,4,0.97,"Unambiguous campus with multiple connected buildings, extensive parking, and a full-size marked athletic field immediately adjacent.",True,0.99,Large campus complex immediately beside a marked artificial-turf sports field and multiple parking lots.
gated_highres,school,31,0.5156893730163574,n358767732_US_20,An aerial image. It shows: School.,/data/tessera_dataset/image-emb-text/images7/n358767732_US_20.jpg,-121.5053869405826,38.540406640324,74,3,0.91,"Institutional campus with several large buildings and multiple marked basketball courts, consistent with a school or educational recreation complex.",True,0.98,Large institutional building directly beside multiple clearly marked outdoor basketball courts and paved schoolyard space.
gated_highres,school,32,0.5156893730163574,a231874419_US_20,An aerial image. It shows: School.,/data/tessera_dataset/image-emb-text/images6/a231874419_US_20.jpg,-83.16155387636408,42.47029126974729,18,3,0.9,"Organized low-rise campus with courtyards, parking, and a clearly visible playground area containing curved play structures.",False,0.7,"Several flat-roof buildings and parking areas are visible, but there are no clear school-specific features such as playgrounds, athletic courts, or fields."
gated_highres,school,33,0.5156893730163574,a156577125_US_19,An aerial image. It shows: School.,/data/tessera_dataset/image-emb-text/images3/a156577125_US_19.jpg,-117.08894006890932,32.75246837933382,34,3,0.9,Institutional building directly beside a paved playground with numerous painted game and court markings.,True,0.92,"Large building complex includes multiple marked outdoor basketball courts, parking, and an adjacent open athletic field."
gated_highres,school,34,0.5156893730163574,a556580677_US_21,An aerial image. It shows: School building.,/data/tessera_dataset/image-emb-text/images3/a556580677_US_21.jpg,-111.7567191608978,33.22140014143044,37,3,0.9,"Large institutional building immediately adjacent to a baseball diamond and athletic grounds, strongly indicating a school campus.",True,0.91,Large institutional building is immediately adjacent to a baseball diamond and marked athletic field.
gated_highres,school,35,0.5156893730163574,a437795863_US_19,An aerial image. It shows: School building.,/data/tessera_dataset/image-emb-text/images5/a437795863_US_19.jpg,-75.08665826545769,39.89528946954276,80,3,0.9,"Long institutional building beside a large maintained field, substantial parking, and organized pedestrian access, strongly consistent with a school.",True,0.86,A substantial building and parking lot sit beside a maintained baseball diamond and broad grassy recreation area.
gated_highres,school,36,0.5156893730163574,a43440139_US_21,An aerial image. It shows: School.,/data/tessera_dataset/image-emb-text/images5/a43440139_US_21.jpg,-72.26364827586303,41.87280213496476,98,3,0.9,"Large institutional building with parking, expansive grounds, pedestrian paths, and a small ball-diamond-like field strongly indicates a school or similar campus.",True,0.78,Large institutional building has a sizable paved parking/drop-off area and maintained open field within a campus-like wooded parcel.
gated_highres,school,37,0.5156893730163574,a401317362_US_20,An aerial image. It shows: School building.,/data/tessera_dataset/image-emb-text/images5/a401317362_US_20.jpg,-121.1324365452627,37.742460557274725,16,3,0.89,"Large low-rise institutional complex with connected wings, organized walkways, paved gathering areas, and an expansive adjacent grass field.",True,0.96,"Large campus-like building complex includes landscaped grounds, open play field, and visible playground structures."
gated_highres,school,38,0.5156893730163574,a183204931_CH_19,An aerial image. It shows: School building.,/data/tessera_dataset/image-emb-text/images6/a183204931_CH_19.jpg,8.71236455,47.34948605,46,3,0.89,Long institutional building surrounding a paved courtyard with visible play structures and circular playground markings; clear school-like environment.,True,0.8,Long institutional building is served by a circular drop-off drive and pedestrian paved area with a play-structure-like feature.
gated_highres,school,39,0.5156893730163574,a395432329_US_21,An aerial image. It shows: School.,/data/tessera_dataset/image-emb-text/images3/a395432329_US_21.jpg,-82.21613140758679,41.29560748839302,28,3,0.88,"Institutional building beside a large striped sports field, paved play area, and organized parking.",True,0.98,Large building is directly beside a clearly lined football field with goal-area markings and a parking lot.
gated_highres,school,40,0.5156893730163574,a213414368_US_21,An aerial image. It shows: School building.,/data/tessera_dataset/image-emb-text/images4/a213414368_US_21.jpg,-70.85685456733651,42.06191799921864,50,3,0.88,"Large institutional building with extensive parking and direct access to a broad athletic field, forming a clear school-like campus.",True,0.95,Institutional building and large parking area sit beside a maintained recreation field containing multiple baseball diamonds.
gated_highres,school,41,0.5156893730163574,a721066218_US_18,An aerial image. It shows: School.,/data/tessera_dataset/image-emb-text/images7/a721066218_US_18.jpg,-121.50586337706436,38.540492338220126,66,3,0.88,"Multi-building institutional campus with several clearly marked outdoor basketball courts, parking, and surrounding open grounds.",True,0.97,Large institutional building complex with multiple clearly marked outdoor courts on the paved grounds.
gated_highres,school,42,0.5156893730163574,a1042348053_US_20,An aerial image. It shows: School building.,/data/tessera_dataset/image-emb-text/images7/a1042348053_US_20.jpg,-122.27236275,38.302574,90,3,0.88,"Partial view of a large institutional building with several adjacent marked outdoor courts, strongly indicating a school recreation area.",True,0.94,Visible cluster of several marked outdoor sports courts directly beside large school-like buildings.
gated_highres,school,43,0.5156893730163574,a422676883_CH_19,An aerial image. It shows: School building.,/data/tessera_dataset/image-emb-text/images5/a422676883_CH_19.jpg,9.53550865,46.85583445,95,3,0.88,"Substantial multi-wing institutional buildings arranged around a pedestrian courtyard with lawns and gathering space, strongly consistent with a school.",False,0.73,"Large building and paved courtyard are visible, but there are no clearly identifiable school features such as play areas, sports courts, or a campus layout."
gated_highres,school,44,0.5156893730163574,a808524270_US_21,An aerial image. It shows: School building.,/data/tessera_dataset/image-emb-text/images4/a808524270_US_21.jpg,-111.70622065513965,33.25558925278915,4,3,0.86,"Large modern institutional complex includes a structured drop-off lane, extensive paved grounds, and visible playground-like colored equipment.",True,0.76,"Large institutional complex with substantial open grounds and internal driveways, visibly distinct from the surrounding residential blocks."
gated_highres,school,45,0.5156893730163574,n357558065_US_17,An aerial image. It shows: School.,/data/tessera_dataset/image-emb-text/images5/n357558065_US_17.jpg,-74.38882424889925,41.71866867268186,12,3,0.86,"Multi-building campus with paved circulation, parking, large grassy grounds, and a fenced hard court strongly resembles a school.",True,0.84,Campus-like group of large buildings next to marked courts and broad maintained playing-field space.
gated_highres,school,46,0.5156893730163574,a556580681_US_19,An aerial image. It shows: School building.,/data/tessera_dataset/image-emb-text/images6/a556580681_US_19.jpg,-111.75721101286044,33.220106075969355,38,3,0.86,"Several substantial campus buildings linked by broad pedestrian walkways and organized courtyards, with peripheral parking.",False,0.78,The central cross-shaped building arrangement and formal courtyard appear more consistent with a religious or civic complex; no clear school recreation features are visible.
gated_highres,school,47,0.5156893730163574,a940606973_US_21,An aerial image. It shows: School.,/data/tessera_dataset/image-emb-text/images7/a940606973_US_21.jpg,-72.43037068146131,41.8615751504074,39,3,0.86,Institutional building next to an expansive maintained playing field and a small visible play area.,False,0.7,"A small building beside open grass is visible, but the image lacks clear school-specific facilities or a recognizable campus pattern."
gated_highres,school,48,0.5156893730163574,a601147180_US_22,An aerial image. It shows: School.,/data/tessera_dataset/image-emb-text/images6/a601147180_US_22.jpg,-80.7184099393044,28.029924801692324,17,3,0.84,"Rows of classroom-like buildings or portables arranged around paths and yards, with nearby parking and several worn recreational patches.",True,0.86,Multiple baseball/softball diamonds and a cluster of long classroom-like buildings are visibly present on the same grounds.
gated_highres,school,49,0.5156893730163574,a231249293_US_21,An aerial image. It shows: Modern school building.,/data/tessera_dataset/image-emb-text/images3/a231249293_US_21.jpg,-83.64918517654573,41.02025673819742,84,3,0.84,Large civic-style building with an adjacent playground containing visible play equipment and a sand or play area.,True,0.9,Large institutional building with adjacent paved playground or recreation area and an open central lawn.
gated_highres,school,50,0.5156893730163574,a43727645_US_19,An aerial image. It shows: School building with school amenities.,/data/tessera_dataset/image-emb-text/images5/a43727645_US_19.jpg,-81.36721027338658,41.71326524838723,96,3,0.84,"Large institutional building has an adjacent marked parking area, broad field, and a visible play-area-like zone, forming a clear school-like site.",True,0.85,Large institutional building on a landscaped parcel with a visible athletic field/track-like recreational area nearby.
gated_highres,school,51,0.5156893730163574,a43398626_US_21,An aerial image. It shows: School.,/data/tessera_dataset/image-emb-text/images4/a43398626_US_21.jpg,-73.53967190932656,41.09044519447901,62,3,0.83,"Large multi-wing institutional building with a loop driveway, parking, broad lawn, and a nearby baseball diamond in a residential area.",True,0.98,"Large institutional building with a marked parking/drop-off area, broad lawn, and a visible playground area."
gated_highres,school,52,0.5156893730163574,a267611341_CH_19,An aerial image. It shows: School building or complex.,/data/tessera_dataset/image-emb-text/images7/a267611341_CH_19.jpg,8.928505129830683,47.26571170574111,21,3,0.82,Large institutional building directly beside a paved yard with colorful play markings and playground-like equipment.,True,0.72,Large building adjoining a paved courtyard with colorful ground markings consistent with a school play area.
gated_highres,school,53,0.5156893730163574,a539552114_US_20,An aerial image. It shows: School.,/data/tessera_dataset/image-emb-text/images6/a539552114_US_20.jpg,-96.8809437,33.1622806,35,3,0.82,"Multi-building campus with internal drives, parking, landscaped grounds, and a visible fenced recreational court.",True,0.99,"Multi-wing campus building with extensive parking, internal drives, lawns, and an adjacent play/field area."
gated_highres,school,54,0.5156893730163574,a336303436_US_21,An aerial image. It shows: School building.,/data/tessera_dataset/image-emb-text/images7/a336303436_US_21.jpg,-76.5948612242681,39.31411681521183,85,3,0.82,"Large campus complex with playground equipment, paved recreation areas, and extensive construction around institutional buildings.",False,0.78,"Dense urban block with large flat-roof buildings, construction areas, and rows of attached housing; no clearly visible school grounds or play facilities."
gated_highres,school,55,0.5156893730163574,a184845516_US_20,An aerial image. It shows: School building.,/data/tessera_dataset/image-emb-text/images5/a184845516_US_20.jpg,-86.07055200912092,39.58976430356921,93,3,0.82,"Large multi-wing institutional complex with extensive parking, broad paved areas, and surrounding open grounds strongly resembles a school campus.",True,0.92,Large institutional building beside expansive open athletic-looking grass areas and multiple organized parking lots.
gated_highres,school,56,0.5156893730163574,a877611074_US_18,An aerial image. It shows: School building.,/data/tessera_dataset/image-emb-text/images6/a877611074_US_18.jpg,-84.22848523042008,45.34945368650483,40,3,0.8,"Large institutional complex with extensive parking, several bus-sized vehicles, loop access, and outdoor recreational equipment or play features.",False,0.93,"Large industrial-looking buildings with loading areas, numerous parked work vehicles, and material/storage areas."
gated_highres,school,57,0.5156893730163574,a552242320_US_21,An aerial image. It shows: School building.,/data/tessera_dataset/image-emb-text/images7/a552242320_US_21.jpg,-111.17363948867532,45.78002163012934,8,3,0.79,"Institutional building fronts a large paved activity yard with many small figures or markings, plus an adjacent fenced linear recreation area.",False,0.82,"Small set of commercial-looking roofs and paved service/parking areas along a major road, without visible school grounds."
gated_highres,school,58,0.5156893730163574,a422250362_US_21,An aerial image. It shows: School building.,/data/tessera_dataset/image-emb-text/images4/a422250362_US_21.jpg,-73.57181089566163,43.305498227799234,2,3,0.78,A sizable multi-wing institutional building sits on a broad lawn with a paved drop-off area and small outdoor recreation features.,True,0.97,Large multi-wing institutional building on a lawn with a broad paved drop-off/parking loop and open schoolyard-like grounds.
gated_highres,school,59,0.5156893730163574,a1010077321_US_19,An aerial image. It shows: Elementary school.,/data/tessera_dataset/image-emb-text/images2/a1010077321_US_19.jpg,-122.44309205796668,48.7679189993939,67,3,0.78,"Large institutional building with drop-off circulation, parking, marked pedestrian crossings, and adjacent open land in a residential setting.",True,0.91,"Large institutional campus building with a dedicated drop-off loop, organized parking, walkways, and surrounding open grounds."
gated_highres,school,60,0.5156893730163574,a718047047_US_19,An aerial image. It shows: Primary school building.,/data/tessera_dataset/image-emb-text/images2/a718047047_US_19.jpg,-93.1456083832206,35.2807130742054,24,3,0.77,"Long institutional building with adjacent paved recreation areas, open grounds, and small play-like features.",True,0.82,"Large institutional building with a long parking row, internal access drive, surrounding lawns, and a sizable adjacent open yard."
gated_highres,school,61,0.5156893730163574,a863204424_US_19,An aerial image. It shows: Part of building.,/data/tessera_dataset/image-emb-text/images6/a863204424_US_19.jpg,-73.70629465805345,41.12639030313592,82,3,0.72,"Clustered campus-like buildings beside a large maintained lawn and curved access drive, consistent with a school campus.",True,0.76,"Multiple connected institutional-sized buildings sit beside a large maintained grassy field, with internal drives and walkways consistent with a school campus."
gated_highres,school,62,0.5156893730163574,a448329509_FI_19,An aerial image. It shows: Town hall building.,/data/tessera_dataset/image-emb-text/images3/a448329509_FI_19.jpg,23.69167895,63.5494734,75,2,0.75,"Large multi-wing institutional building with an adjacent parking lot, but no visible athletic field, playground, or other decisive school feature.",False,0.61,"Visible pixels show a large irregular building and parking lot, but no clearly identifiable school-specific grounds such as athletic fields, playgrounds, or a campus layout."
gated_highres,school,63,0.5156893730163574,a987434760_US_21,An aerial image. It shows: School building.,/data/tessera_dataset/image-emb-text/images4/a987434760_US_21.jpg,-86.99713243766827,34.56794465033725,99,2,0.73,"Large L-shaped institutional building occupies most of an urban block and has surrounding paved grounds, but no unmistakable schoolyard or athletic facilities are visible.",False,0.8,A dense urban building footprint with adjacent service areas and surrounding residences is visible; no distinct school grounds or recreational facilities are apparent.
gated_highres,school,64,0.5156893730163574,a87103414_US_21,An aerial image. It shows: School building.,/data/tessera_dataset/image-emb-text/images6/a87103414_US_21.jpg,-105.14838991175108,39.76099104537048,32,2,0.72,Large low-rise institutional building with organized parking and open grounds; school use is plausible but visually ambiguous.,True,0.88,"A large multi-building institutional complex includes broad grounds, a large parking area, internal circulation, and an adjacent open field, visibly consistent with school land use."
gated_highres,school,65,0.5156893730163574,n357379178_US_19,An aerial image. It shows: School.,/data/tessera_dataset/image-emb-text/images6/n357379178_US_19.jpg,-79.8944801529943,40.452651811056775,92,2,0.7,"Long institutional-looking building directly adjoining a large open field, a layout compatible with a small school, though detail is limited.",True,0.67,A large elongated institutional building borders a broad maintained open field and has a campus-like arrangement of access drives and grounds.
gated_highres,school,66,0.5156893730163574,a291965102_US_20,An aerial image. It shows: School building.,/data/tessera_dataset/image-emb-text/images7/a291965102_US_20.jpg,-85.4106319387378,40.21360003974148,42,2,0.68,"Single large building with a parking lot, broad lawn, and a small paved recreational-looking area; compatible with a school but lacking clear school-specific features.",False,0.58,"A single large building, lawn, and parking lot are visible, but the sparse site lacks visible school-specific facilities or a clearly recognizable school campus layout."
gated_highres,school,67,0.5156893730163574,a551523995_US_17,An aerial image. It shows: Hospital providing healthcare services.,/data/tessera_dataset/image-emb-text/images4/a551523995_US_17.jpg,-78.77580449999999,41.1148334,31,2,0.67,"Large institutional complex with extensive parking, lawns, and multiple connected buildings, but no clearly identifiable school-specific feature.",True,0.94,"A substantial multi-building campus with several parking areas, walkways, open recreational grounds, and institutional-scale buildings is clearly visible."
gated_highres,school,68,0.5156893730163574,a34845996_US_22,An aerial image. It shows: School.,/data/tessera_dataset/image-emb-text/images6/a34845996_US_22.jpg,-84.13390024188853,33.9875021603102,44,2,0.66,"Large flat-roof institutional building, adjacent smaller buildings, and substantial parking suggest a campus, though the visible layout is not specifically identifiable as a school.",False,0.62,"Several large buildings and parking areas are visible among trees, but there are no clearly visible school grounds, athletic areas, or campus features that identify it as a school."
gated_highres,school,69,0.5156893730163574,n9897592081_US_21,An aerial image. It shows: School.,/data/tessera_dataset/image-emb-text/images6/n9897592081_US_21.jpg,-111.7128265,33.2246005,55,2,0.66,"Large flat-roofed institutional building with paved and landscaped grounds, but no clearly visible school-specific facilities.",False,0.66,"A large rectangular building and paved service areas are visible, but the site does not show identifiable school grounds or recreation facilities."
gated_highres,school,70,0.5156893730163574,a547435544_US_20,An aerial image. It shows: School building.,/data/tessera_dataset/image-emb-text/images4/a547435544_US_20.jpg,-80.97871495,35.3084316,81,2,0.65,"Large multi-wing institutional building with landscaped grounds, but no visible playfields, courts, or other school-specific features.",True,0.87,"A large connected institutional building complex has formal paths, landscaped grounds, and an expansive campus-style footprint consistent with a school."
gated_highres,school,71,0.5156893730163574,a231520193_US_21,An aerial image. It shows: School.,/data/tessera_dataset/image-emb-text/images6/a231520193_US_21.jpg,-87.61729567725243,41.764325164566,100,2,0.65,"Multi-building complex with parking and a large neighboring open field is compatible with a school, though the surrounding small structures and limited detail make the use uncertain.",False,0.93,"Dense residential blocks surround a single large building, but no visible school grounds, athletic area, or campus layout identifies it as a school."
gated_highres,school,72,0.5156893730163574,a431066591_US_21,An aerial image. It shows: School building.,/data/tessera_dataset/image-emb-text/images6/a431066591_US_21.jpg,-111.56196406201444,33.21861404602546,14,2,0.63,"Institutional building bordered by parking and a large open field is compatible with a school, though no clear playground or sports markings are visible.",False,0.62,"A large building, parking area, and open ground are visible, but the pixels do not show distinctive school facilities such as playgrounds, athletic fields, or a clearly campus-like complex."
gated_highres,school,73,0.5156893730163574,n10980091799_US_21,An aerial image. It shows: Parking space.,/data/tessera_dataset/image-emb-text/images7/n10980091799_US_21.jpg,-81.09469373799111,32.035188438421855,52,2,0.63,"Partial institutional site with parking and an adjacent marked athletic field, but the building is mostly obscured.",True,0.78,"A marked athletic field is visible at right beside a substantial building and parking area, forming a school-like campus arrangement."
gated_highres,school,74,0.5156893730163574,a372495019_US_21,An aerial image. It shows: School building.,/data/tessera_dataset/image-emb-text/images5/a372495019_US_21.jpg,-84.15598273227454,35.8892275707759,27,2,0.62,"Sprawling institutional complex with a circular drop-off, landscaped grounds, and large parking area, but no clear school-specific facilities.",False,0.75,"The image shows a large multi-wing building with a circular entry drive and parking, but no visible school-specific grounds or athletic facilities."
gated_highres,school,75,0.5156893730163574,n8481436994_US_21,An aerial image. It shows: Parking space.,/data/tessera_dataset/image-emb-text/images6/n8481436994_US_21.jpg,-112.27885739756124,33.59570423749209,64,2,0.62,"Institutional-looking building with a very large striped parking lot and landscaped grounds, though no clearly visible school-specific facilities.",False,0.9,"A standalone building is dominated by a large striped parking lot, with no visible school field, playground, or multi-building campus pattern."
gated_highres,school,76,0.5156893730163574,a1094530425_US_17,An aerial image. It shows: School building.,/data/tessera_dataset/image-emb-text/images6/a1094530425_US_17.jpg,-74.67353514999999,41.38000405,94,2,0.62,"Several large buildings, parking, paths, and adjacent recreational surfaces suggest a possible educational campus, but the image is blurry and ambiguous.",True,0.88,"A visible running track and athletic field sit immediately beside large buildings and paved campus areas, which is strong visible evidence of a school campus."
gated_highres,school,77,0.5156893730163574,a138382200_US_21,An aerial image. It shows: School.,/data/tessera_dataset/image-emb-text/images6/a138382200_US_21.jpg,-76.53865185235614,39.33844313430519,33,2,0.6,"Broad flat-roofed building beside parking and a large grassy area, consistent with a school but lacking distinct educational or recreational cues.",False,0.7,"A large roofed building, parking lot, and open grass are visible, but there are no discernible school-specific features such as a playground, track, or athletic field."
gated_highres,school,78,0.5156893730163574,a499197915_US_19,An aerial image. It shows: School building.,/data/tessera_dataset/image-emb-text/images4/a499197915_US_19.jpg,-75.94963925,41.21389405,23,2,0.58,"Large low-rise institutional building with courtyard and extensive parking, but no visible playground or athletic facilities.",False,0.66,"Two large buildings with surrounding parking and connecting walkways are visible, but the image lacks identifiable school grounds or sports/play facilities."
gated_highres,school,79,0.5156893730163574,a950230237_US_21,An aerial image. It shows: Religious building.,/data/tessera_dataset/image-emb-text/images3/a950230237_US_21.jpg,-81.09734837406995,32.01893535465355,43,2,0.58,"Small multi-building institutional complex with paved circulation and parking in a residential wooded setting, but no visible fields, playground, or other decisive school features.",False,0.94,"A small building and parking area are embedded in a wooded residential setting, without visible school-scale buildings or grounds."
gated_highres,school,80,0.5156893730163574,a43439941_US_21,An aerial image. It shows: School.,/data/tessera_dataset/image-emb-text/images7/a43439941_US_21.jpg,-72.5634643419553,42.003966133552304,54,2,0.58,"Partially obscured large building beside parking, lawn, and a rectangular field; school use is plausible but unclear.",False,0.74,"The visible portion shows a building, curved entry drive, and a large parking lot, but substantial image occlusion and absence of school-specific grounds prevent identifying a school."
gated_highres,school,81,0.5156893730163574,a354337875_US_21,An aerial image. It shows: School building.,/data/tessera_dataset/image-emb-text/images4/a354337875_US_21.jpg,-112.02583708182372,41.50330058915893,65,2,0.58,"Large angular institutional building with parking and walkways; possible recreation courts are partly visible nearby, but the school interpretation is uncertain.",False,0.7,"Large commercial or institutional-looking building with parking and surrounding streets, but no visible school-specific grounds such as playgrounds or athletic fields."
gated_highres,school,82,0.5156893730163574,a919166231_US_19,An aerial image. It shows: School building.,/data/tessera_dataset/image-emb-text/images5/a919166231_US_19.jpg,-82.97166260903825,39.97604071953964,83,2,0.57,"Large institutional building near residences with paved grounds, but few clearly school-specific outdoor features are visible.",False,0.68,Single large building beside a parking lot and nearby houses; visible pixels do not show clear school facilities or grounds.
gated_highres,school,83,0.5156893730163574,a304854965_US_21,An aerial image. It shows: School building.,/data/tessera_dataset/image-emb-text/images6/a304854965_US_21.jpg,-74.38734378019414,41.71771063547955,11,2,0.55,"Partial view of a large institutional-looking building with parking, walkways, and a broad lawn, but few distinctly school-specific features are visible.",False,0.62,"Partial view of connected buildings, parking spaces, and lawn, without a clearly visible school-specific feature."
gated_highres,school,84,0.5156893730163574,a700715431_US_19,An aerial image. It shows: School building.,/data/tessera_dataset/image-emb-text/images4/a700715431_US_19.jpg,-95.78044831262204,44.44537000405799,15,2,0.53,Long building beside a paved area and small lawn with rectangular recreational-looking surfaces; school interpretation is plausible but visually weak.,True,0.83,"A baseball/softball diamond is visibly present beside a substantial building and paved campus area, consistent with school grounds."
gated_highres,school,85,0.5156893730163574,a759044523_US_21,An aerial image. It shows: College building.,/data/tessera_dataset/image-emb-text/images3/a759044523_US_21.jpg,-79.32093388132051,33.320599730075614,87,2,0.51,"Institutional-looking building with substantial parking and grounds, but no clearly visible school recreation facilities.",False,0.63,"Several buildings and parking areas are visible, but the site lacks clearly identifiable school features in the image."
gated_highres,school,86,0.5156893730163574,a717895417_FI_20,An aerial image. It shows: Terrace building.,/data/tessera_dataset/image-emb-text/images5/a717895417_FI_20.jpg,27.29468208512271,63.15748444699497,9,2,0.49,"Several institutional-looking buildings form an organized compound with a central rectangular courtyard, but no clear school-specific sports or playground cues are visible.",False,0.82,"Small rural complex with long rectangular buildings, driveways, and surrounding open land; no visible school grounds or recreation facilities."
gated_highres,school,87,0.5156893730163574,a249488613_US_18,An aerial image. It shows: School.,/data/tessera_dataset/image-emb-text/images4/a249488613_US_18.jpg,-118.32879151300271,33.9392098788977,63,1,0.77,"Large complex with repeated narrow wings and paved service areas, but no visible playground, athletic facilities, or other strong school indicators.",False,0.9,"Large warehouse-like structures, loading or service areas, and undeveloped land are visible; the layout appears industrial rather than a school."
gated_highres,school,88,0.5156893730163574,n357575438_US_21,An aerial image. It shows: School.,/data/tessera_dataset/image-emb-text/images5/n357575438_US_21.jpg,-74.2671992169431,42.00848398931769,58,1,0.76,Single courtyard-style institutional or commercial building with limited parking and no visible playground or sports facilities.,False,0.72,"Large dark-roofed building with a road-facing parking area and landscaped lawn, but no clearly visible school-specific facilities."
gated_highres,school,89,0.5156893730163574,a692341623_US_20,An aerial image. It shows: Parking area.,/data/tessera_dataset/image-emb-text/images5/a692341623_US_20.jpg,-83.15412073383186,42.48547980839659,48,1,0.75,"Roadside building with a moderate parking lot near houses; no visible playground, athletic field, campus layout, or other school-specific evidence.",False,0.74,"Roadside building and parking lot amid residential properties; no visible playground, athletic field, or other definite school evidence."
gated_highres,school,90,0.5156893730163574,n10582686687_US_21,An aerial image. It shows: Parking space is available.,/data/tessera_dataset/image-emb-text/images4/n10582686687_US_21.jpg,-69.96213522947363,41.68391280593033,59,1,0.73,"Small building cluster and parking area with surrounding lawns, but no distinct school features are visible.",False,0.69,"Standalone building with a large parking lot and surrounding homes/trees, without clear visible school grounds or facilities."
gated_highres,school,91,0.5156893730163574,a85382649_US_19,An aerial image. It shows: School building.,/data/tessera_dataset/image-emb-text/images7/a85382649_US_19.jpg,-74.703206,40.93446755,26,1,0.72,Small low-rise complex with parking and lawn; no clearly visible school-specific recreation or campus features.,True,0.62,"Large institutional-looking building with broad roof, paved access, and maintained grassy grounds."
gated_highres,school,92,0.5156893730163574,n10582686686_US_21,An aerial image. It shows: Parking space.,/data/tessera_dataset/image-emb-text/images5/n10582686686_US_21.jpg,-69.9618960397204,41.68380775547742,53,1,0.72,"Small building cluster and parking area with no visible playground, athletic facilities, or other strong school indicators.",False,0.71,"Small building complex and parking areas are visible, but no distinct school grounds, play area, or athletic facilities are apparent."
gated_highres,school,93,0.5156893730163574,a39415823_US_21,An aerial image. It shows: University building.,/data/tessera_dataset/image-emb-text/images4/a39415823_US_21.jpg,-74.97132247376317,44.662613479628384,73,1,0.72,"An elongated building with paths, trees, and parking is visible; the image lacks recognizable classrooms, play areas, or athletic facilities.",False,0.63,"A single elongated building in a wooded area is visible, without clear school-specific features."
gated_highres,school,94,0.5156893730163574,a1186087393_CH_19,An aerial image. It shows: Kindergarten.,/data/tessera_dataset/image-emb-text/images4/a1186087393_CH_19.jpg,9.5175483,46.862955150000005,91,1,0.72,"Single large building beside landscaped lawn and paths, but no visible sports field, playground, parking pattern, or other clear school-specific feature.",False,0.82,Small standalone building with landscaped paths and dense trees; no visible school-scale campus or recreation facilities.
gated_highres,school,95,0.5156893730163574,a427420154_FI_20,An aerial image. It shows: Public building.,/data/tessera_dataset/image-emb-text/images4/a427420154_FI_20.jpg,27.81866259779894,61.06511425778652,57,1,0.69,"Scattered buildings in a wooded compound with internal paths and open areas, but no clear school-specific visual evidence.",False,0.72,Scattered buildings and sheds in a wooded rural compound do not visibly form a school campus.
gated_highres,school,96,0.5156893730163574,n357597473_US_21,An aerial image. It shows: School.,/data/tessera_dataset/image-emb-text/images5/n357597473_US_21.jpg,-77.78608285421836,43.18696066177118,72,1,0.66,"Small portion of a large building and landscaped pavement is visible, but there are no clear school-specific features.",True,0.75,"Large institutional building beside a broad maintained sports field, parking, and formal walkways."
gated_highres,school,97,0.5156893730163574,a47758717_US_20,An aerial image. It shows: Commercial building.,/data/tessera_dataset/image-emb-text/images5/a47758717_US_20.jpg,-78.62668385,35.7276911,97,1,0.63,Only a cropped portion of a large flat-roof building and lawn is visible; there is insufficient contextual evidence of a school.,True,0.8,Large building directly adjacent to a marked rectangular athletic court/field.
gated_highres,school,98,0.5156893730163574,a605491098_US_20,An aerial image. It shows: College building.,/data/tessera_dataset/image-emb-text/images6/a605491098_US_20.jpg,-95.18118045,32.5918334,77,1,0.61,"Only a compact light-roofed building among trees is visible, with insufficient contextual evidence of a school.",False,0.65,"A light-roofed building is visible among trees, but no school-specific grounds or facilities can be identified."
gated_highres,school,99,0.5156893730163574,a639172536_US_21,An aerial image. It shows: Street-side parking area.,/data/tessera_dataset/image-emb-text/images4/a639172536_US_21.jpg,-81.05471076436248,32.023196819299265,88,1,0.49,"Large buildings and parking are visible, but the setting appears mixed-use or industrial and lacks clear school-specific evidence.",False,0.79,"Dense mixed buildings, roads, parking, and trees resemble a general urban or industrial area rather than a school campus."
gated_highres,school,100,0.5156893730163574,a307347545_US_20,An aerial image. It shows: School building.,/data/tessera_dataset/image-emb-text/images4/a307347545_US_20.jpg,-76.91627159625725,34.89752202662451,76,0,0.9,"Small buildings are surrounded by a green area containing many pale rectangular markers, visually resembling cemetery grounds rather than a school campus.",False,0.67,"Several small structures in heavily wooded grounds are visible, but no clear school buildings, play areas, or athletic facilities are apparent."
gated_highres,farmland,1,0.5699761509895325,a62015478_US_20,An aerial image. It shows: Vineyard where grapes are grown.,/data/tessera_dataset/image-emb-text/images4/a62015478_US_20.jpg,-119.60753542353343,36.681246380070704,96,4,0.99,"Large agricultural fields dominate the image, with dense parallel crop or planting rows and field divisions.",True,0.99,"Large rectangular areas contain dense, evenly spaced parallel crop rows."
gated_highres,farmland,2,0.5699761509895325,a578395113_US_17,An aerial image. It shows: Vineyard growing grapes.,/data/tessera_dataset/image-emb-text/images6/a578395113_US_17.jpg,-121.18017819193312,45.6366776921848,89,4,1.0,"Extensive rectangular agricultural plots with dense, regular crop rows, access roads, and farm structures are clearly visible.",True,0.99,Two large plots visibly show orderly planted rows beside rural buildings.
gated_highres,farmland,3,0.5699761509895325,a1069121594_US_17,An aerial image. It shows: View of farmland.,/data/tessera_dataset/image-emb-text/images6/a1069121594_US_17.jpg,-84.34182042341962,40.68854105660033,46,4,0.98,"The image directly shows broad cultivated field parcels with visible field texture, tracks, boundaries, and a bordering tree line.",True,0.96,Broad pale fields with visible cultivation patterns and field boundaries occupy nearly the entire image.
gated_highres,farmland,4,0.5699761509895325,w7547762_US_21,An aerial image. It shows: Farm access track.,/data/tessera_dataset/image-emb-text/images3/w7547762_US_21.jpg,-85.5244632,31.298298,87,4,0.99,The entire view consists of adjoining cultivated or harvested fields with parallel machinery lines and a field track.,True,0.96,Cultivated rectangular fields with repeated parallel tillage or crop-row texture are visible.
gated_highres,farmland,5,0.5699761509895325,w355506121_US_21,An aerial image. It shows: Driveway.,/data/tessera_dataset/image-emb-text/images5/w355506121_US_21.jpg,-76.31821428698562,39.01721348031835,74,3,0.94,Broad brown cultivated fields are visibly divided by a narrow farm track and a small wooded patch.,True,0.85,"Open managed field parcels are visible on both sides of a farm track, bordering a wooded patch."
gated_highres,farmland,6,0.5699761509895325,a1178321856_FI_22,An aerial image. It shows: Farmyard area.,/data/tessera_dataset/image-emb-text/images6/a1178321856_FI_22.jpg,22.02930337734696,61.417320388080654,73,3,0.93,"A large open field with faint parallel working lines occupies most of the image, bordered by a rural road, scattered buildings, and woodland.",True,0.97,A large uniform green agricultural field with visible machinery/crop lines is adjacent to rural homes.
gated_highres,farmland,7,0.5699761509895325,a697795967_FI_22,An aerial image. It shows: Farmyard area.,/data/tessera_dataset/image-emb-text/images7/a697795967_FI_22.jpg,23.011853017814538,60.63954682594728,6,4,0.99,Large rectangular cultivated fields with parallel tractor lines surround multiple farm buildings and yards.,True,0.99,Several expansive rectangular fields show clear parallel cultivated rows around farm buildings.
gated_highres,farmland,8,0.5699761509895325,a136323501_FI_22,An aerial image. It shows: Farmyard area.,/data/tessera_dataset/image-emb-text/images3/a136323501_FI_22.jpg,22.242447529433548,63.225515970186734,37,4,0.99,Extensive cultivated fields with strong parallel crop rows surround a compact farmstead and access track.,True,0.98,Large green and pale crop fields with regular row patterns surround a farmstead.
gated_highres,farmland,9,0.5699761509895325,a178436440_FI_22,An aerial image. It shows: Farmyard area.,/data/tessera_dataset/image-emb-text/images7/a178436440_FI_22.jpg,25.951698553111605,60.69306165727238,24,4,0.99,Unambiguous farmstead bordered by multiple large cultivated fields with distinct crop and soil textures.,True,0.98,Distinct large cultivated field parcels border multiple agricultural-looking buildings.
gated_highres,farmland,10,0.5699761509895325,a689397095_FI_21,An aerial image. It shows: Farmyard area.,/data/tessera_dataset/image-emb-text/images5/a689397095_FI_21.jpg,22.05834905851625,63.06719684264405,48,4,0.99,A large cultivated field with extensive parallel crop or tractor lines surrounds a compact agricultural building complex.,True,0.99,A farm complex is surrounded by extensive green fields with visible planted-row patterns.
gated_highres,farmland,11,0.5699761509895325,a80388240_US_21,An aerial image. It shows: Farmyard area.,/data/tessera_dataset/image-emb-text/images4/a80388240_US_21.jpg,-96.17344178653153,43.04317862701664,76,4,0.98,"A large worked green field fills most of the image beside agricultural buildings, cylindrical tanks or silos, and access tracks.",True,0.99,A large green cultivated field with visible crop rows occupies most of the image.
gated_highres,farmland,12,0.5699761509895325,a1082282620_FI_22,An aerial image. It shows: Farmyard area.,/data/tessera_dataset/image-emb-text/images4/a1082282620_FI_22.jpg,22.69528081872508,60.65401591067031,11,4,0.98,"A large cultivated field with clear curved machinery or planting lines dominates the image, surrounding a small cluster of farm buildings.",True,0.99,Large agricultural fields with clear parallel cultivation and harvesting/planting tracks surround the buildings.
gated_highres,farmland,13,0.5699761509895325,a292408765_FI_17,An aerial image. It shows: Farmyard area.,/data/tessera_dataset/image-emb-text/images4/a292408765_FI_17.jpg,29.114148234812127,61.28018293057676,9,4,0.98,A large field with strong parallel crop or tractor rows occupies most of the image beside agricultural-looking buildings and a rural road.,True,0.99,A broad green planted field with visible parallel rows is clearly visible beside the farm buildings.
gated_highres,farmland,14,0.5699761509895325,a1082282623_FI_22,An aerial image. It shows: Farmyard area.,/data/tessera_dataset/image-emb-text/images4/a1082282623_FI_22.jpg,22.693245432792608,60.658215203516406,79,4,0.99,A farmstead with red-roofed buildings is enclosed by extensive plowed fields with clearly visible parallel rows and field divisions.,True,0.99,Extensive tan cultivated fields with tractor/crop-row patterns are visible around the small building cluster.
gated_highres,farmland,15,0.5699761509895325,w754561704_US_21,An aerial image. It shows: Driveway.,/data/tessera_dataset/image-emb-text/images4/w754561704_US_21.jpg,-81.43562573292915,40.63490614637351,84,4,0.99,Large plowed or harvested fields with clear cultivation lines and field margins occupy most of the image.,True,0.98,Brown agricultural plots with repeated curved machinery tracks surround the tree-covered residence.
gated_highres,farmland,16,0.5699761509895325,a705957701_FI_22,An aerial image. It shows: Farmyard area.,/data/tessera_dataset/image-emb-text/images4/a705957701_FI_22.jpg,22.670492003119687,60.60970653590715,94,4,0.96,A farm building sits within extensive visibly worked fields showing broad cultivation or tillage patterns.,True,0.99,A farm structure sits within large pale cultivated fields marked by curved machinery tracks.
gated_highres,farmland,17,0.5699761509895325,n6636609963_FI_22,An aerial image. It shows: Farm.,/data/tessera_dataset/image-emb-text/images5/n6636609963_FI_22.jpg,22.6413807,60.605233,38,4,0.97,A farmstead with several buildings and an access lane is visibly embedded within broad worked fields.,True,0.99,Buildings are enclosed by broad tilled agricultural fields with visible cultivation patterns.
gated_highres,farmland,18,0.5699761509895325,n6636609964_FI_22,An aerial image. It shows: Farm.,/data/tessera_dataset/image-emb-text/images5/n6636609964_FI_22.jpg,22.6294791200227,60.60800046314057,61,4,0.97,Farmstead visibly surrounded by large plowed or cultivated fields.,True,0.99,A small farmstead is surrounded by large brown cultivated fields showing row and machinery-track textures.
gated_highres,farmland,19,0.5699761509895325,n8820329114_FI_22,An aerial image. It shows: Farm.,/data/tessera_dataset/image-emb-text/images7/n8820329114_FI_22.jpg,22.6410191,60.6299553,31,4,0.96,"Farm buildings and a narrow access road are visibly surrounded by large, uniformly cultivated fields with clear planting texture.",True,0.99,Green planted fields with dense parallel crop rows are visible on both sides of the farm buildings.
gated_highres,farmland,20,0.5699761509895325,a1082490278_FI_22,An aerial image. It shows: Farmyard area.,/data/tessera_dataset/image-emb-text/images6/a1082490278_FI_22.jpg,22.687682211693897,60.642972527577584,77,4,0.98,A compact farmstead with barns and sheds is directly surrounded by large cultivated fields showing field boundaries and working patterns.,True,0.99,A large pale cultivated field and a smaller green field with visible row patterns border the farmstead.
gated_highres,farmland,21,0.5699761509895325,a1082490284_FI_22,An aerial image. It shows: Farmyard area.,/data/tessera_dataset/image-emb-text/images4/a1082490284_FI_22.jpg,22.66393614089288,60.63808236123694,17,3,0.92,A rural compound is surrounded on multiple sides by broad cultivated fields with visible parallel field texture.,True,0.96,Large cultivated fields with visible crop rows surround a rural farmstead.
gated_highres,farmland,22,0.5699761509895325,a338078488_US_21,An aerial image. It shows: Farmyard area.,/data/tessera_dataset/image-emb-text/images6/a338078488_US_21.jpg,-114.06393807641513,46.27948778711216,14,4,0.96,"A rural building complex is visibly bordered by large fields, including a green field with parallel cultivation lines.",True,0.97,Farm buildings are bordered by extensive rectangular cultivated fields with visible planting or harvest patterns.
gated_highres,farmland,23,0.5699761509895325,a1173656588_FI_21,An aerial image. It shows: Farmyard in rural farm setting.,/data/tessera_dataset/image-emb-text/images6/a1173656588_FI_21.jpg,22.99690625,60.9876122,66,4,0.96,Rural farm complex visibly bordered by broad worked fields with uniform soil texture.,True,0.93,A rural building cluster sits directly beside a large plowed or cultivated field.
gated_highres,farmland,24,0.5699761509895325,a252281083_FI_17,An aerial image. It shows: Farmyard area.,/data/tessera_dataset/image-emb-text/images5/a252281083_FI_17.jpg,29.174661371379045,61.25470377691001,90,3,0.97,A visibly cultivated field with repeated planting or harvesting lines occupies the lower image beside several rural buildings.,True,0.94,Visible agricultural fields with distinct crop rows and worked soil lie beside rural outbuildings.
gated_highres,farmland,25,0.5699761509895325,a1084487811_FI_20,An aerial image. It shows: Residential area in rural setting.,/data/tessera_dataset/image-emb-text/images6/a1084487811_FI_20.jpg,22.19303888870774,60.27561134116833,10,4,0.98,"A farm complex with several barns and utility yards is surrounded by extensive fields showing tracks, boundaries, and managed agricultural terrain.",True,0.96,"Farm structures, tracks, and broad managed green fields are clearly visible."
gated_highres,farmland,26,0.5699761509895325,a621127326_FI_19,An aerial image. It shows: Farmyard area.,/data/tessera_dataset/image-emb-text/images7/a621127326_FI_19.jpg,24.72013755,64.03510800000001,30,4,0.95,"Large agricultural complex with long utility buildings, storage areas, circular tanks, and an adjacent cultivated field with parallel crop lines.",True,0.95,Large farm buildings are immediately adjacent to a rectangular field showing parallel crop rows.
gated_highres,farmland,27,0.5699761509895325,a174409473_CH_18,An aerial image. It shows: Rural barn.,/data/tessera_dataset/image-emb-text/images6/a174409473_CH_18.jpg,7.416127640876629,46.88021187884388,70,4,0.99,Clearly visible cultivated crop field with dense rows and curved tractor tracks beside a rural building.,True,0.91,A cultivated green field with prominent curved vehicle or planting tracks occupies most of the image.
gated_highres,farmland,28,0.5699761509895325,a216704615_CH_18,An aerial image. It shows: Farmyard area.,/data/tessera_dataset/image-emb-text/images3/a216704615_CH_18.jpg,7.93987885,46.9297745,71,4,0.97,"A farmstead with multiple agricultural-looking buildings, outbuildings, equipment, garden plots, and surrounding green fields is clearly visible.",True,0.91,A rural farm complex with multiple agricultural outbuildings is surrounded by managed grassy fields.
gated_highres,farmland,29,0.5699761509895325,a323075771_CH_21,An aerial image. It shows: Farmyard area.,/data/tessera_dataset/image-emb-text/images7/a323075771_CH_21.jpg,7.5703673,47.3658209,56,3,0.95,"Rural complex with multiple large utility buildings, access tracks, stored materials, and surrounding managed grassland, visibly consistent with a farmstead.",True,0.82,"Rural farm buildings, a silo-like circular structure, agricultural equipment, and surrounding managed field or pasture are visible."
gated_highres,farmland,30,0.5699761509895325,a216585627_CH_18,An aerial image. It shows: Farmyard area.,/data/tessera_dataset/image-emb-text/images7/a216585627_CH_18.jpg,7.932381899999999,46.9157309,51,4,0.98,"Large rural farm complex visibly surrounded by open managed grassland, with clustered agricultural-looking buildings and rows of wrapped bales.",True,0.93,"Farm buildings, wrapped hay bales, and large managed grassy or cultivated fields are visible."
gated_highres,farmland,31,0.5699761509895325,a706296992_FI_22,An aerial image. It shows: Farmyard area.,/data/tessera_dataset/image-emb-text/images7/a706296992_FI_22.jpg,22.669128286970743,60.61554530477376,15,3,0.91,"Cultivated fields with visible machinery lines occupy much of the right side, adjacent to buildings and dense planted-looking tree cover.",True,0.98,Large clearly cultivated field with visible parallel crop/soil rows beside a rural building cluster.
gated_highres,farmland,32,0.5699761509895325,a178435780_FI_22,An aerial image. It shows: Farmyard area.,/data/tessera_dataset/image-emb-text/images7/a178435780_FI_22.jpg,25.9578566086782,60.69285836330786,19,3,0.89,Several rural outbuildings are enclosed by extensive green fields showing boundaries and faint agricultural texture.,True,0.96,Farm buildings are surrounded by broad managed agricultural fields with visible field boundaries and tracks.
gated_highres,farmland,33,0.5699761509895325,a418124448_CH_18,An aerial image. It shows: Farmyard area.,/data/tessera_dataset/image-emb-text/images7/a418124448_CH_18.jpg,7.487725740456844,46.81568778058272,99,3,0.89,"Visible rural farmstead-like complex with multiple outbuildings, wrapped bales or covered materials, yards, and organized garden plots, though broad fields are absent.",True,0.91,Rural agricultural complex with large barn-like structures and a substantial stack of wrapped silage bales.
gated_highres,farmland,34,0.5699761509895325,n9007230721_US_19,An aerial image. It shows: Silo.,/data/tessera_dataset/image-emb-text/images7/n9007230721_US_19.jpg,-93.7498278,44.4367697,39,3,0.88,"Multiple cylindrical silos or storage tanks and agricultural buildings sit beside broad green crop strips, visibly indicating a farm facility.",True,0.95,Several grain silos and farm structures directly border large green cultivated fields.
gated_highres,farmland,35,0.5699761509895325,a263563972_US_21,An aerial image. It shows: Farmyard area.,/data/tessera_dataset/image-emb-text/images5/a263563972_US_21.jpg,-102.2576703257828,38.826552016710366,35,3,0.87,"Large dry plots, rectangular field or paddock boundaries, dirt tracks, utility buildings, and clustered cylindrical structures create a clearly agricultural landscape.",True,0.94,"Visible farmyard with circular storage tanks/silos, service tracks, sheds, and distinct managed field parcels."
gated_highres,farmland,36,0.5699761509895325,a428554970_CH_18,An aerial image. It shows: Rural barn.,/data/tessera_dataset/image-emb-text/images7/a428554970_CH_18.jpg,8.223889796377954,46.71325817185762,80,3,0.87,"A large barn-like building, clustered white tanks, and surrounding grassland or pasture provide clear rural agricultural context, though cultivation is not distinct.",True,0.75,Barn-like building with round storage/silage containers beside a broad managed grassy field.
gated_highres,farmland,37,0.5699761509895325,a245529107_CH_18,An aerial image. It shows: Farmyard area.,/data/tessera_dataset/image-emb-text/images7/a245529107_CH_18.jpg,7.474226159867378,46.64685539855905,21,3,0.86,"Rural agricultural compound surrounded by broad grassy pasture, with outbuildings and numerous wrapped bales visible.",True,0.93,"Farmstead with barn structures, multiple wrapped silage bales, and surrounding maintained grassland."
gated_highres,farmland,38,0.5699761509895325,a675195551_CH_18,An aerial image. It shows: Beautiful meadow.,/data/tessera_dataset/image-emb-text/images5/a675195551_CH_18.jpg,7.493079369686801,46.872391187109145,63,3,0.79,"Large open grassy field with parallel vehicle or agricultural tracks, plausibly pasture or hay land.",True,0.7,Broad open managed grass field with parallel vehicle or agricultural track lines.
gated_highres,farmland,39,0.5699761509895325,a290632571_CH_18,An aerial image. It shows: Shed building.,/data/tessera_dataset/image-emb-text/images3/a290632571_CH_18.jpg,7.424614558148502,46.814589741425486,29,2,0.84,"Several clearly planted garden rows or small crop beds are visible beside a building, but the cultivated area is limited.",False,0.88,"Residential-looking building, pool, garden plots, and lawn are visible; no substantial agricultural field or farm operation is apparent."
gated_highres,farmland,40,0.5699761509895325,a215617732_CH_18,An aerial image. It shows: Farmyard area.,/data/tessera_dataset/image-emb-text/images5/a215617732_CH_18.jpg,7.931019368939018,46.9045878337837,44,2,0.83,"Agricultural-looking buildings and many wrapped bales are visible, but the surrounding land is mostly grass rather than clearly cultivated farmland.",True,0.96,Large rural farm complex with multiple barn-like buildings and numerous wrapped silage bales on adjacent grass.
gated_highres,farmland,41,0.5699761509895325,a290632615_CH_18,An aerial image. It shows: Residential building.,/data/tessera_dataset/image-emb-text/images2/a290632615_CH_18.jpg,7.4284769177444145,46.81376492250139,62,2,0.83,"Rural buildings, garden rows, and a grassy plot are visible, but little clearly cultivated farmland.",True,0.78,"A cultivated rectangular garden plot with parallel crop rows is visible beside buildings, along with a broad grassy field."
gated_highres,farmland,42,0.5699761509895325,a198263543_CH_18,An aerial image. It shows: Farmyard area.,/data/tessera_dataset/image-emb-text/images5/a198263543_CH_18.jpg,7.48850981867788,46.82482801172367,36,2,0.82,"A cluster of sheds, equipment, open ground, and a large grassy plot suggests a small farmyard, though no extensive cultivated fields are visible.",True,0.71,Farm-like outbuildings and machinery sit beside a large open grassy field.
gated_highres,farmland,43,0.5699761509895325,a282015179_CH_18,An aerial image. It shows: Barn.,/data/tessera_dataset/image-emb-text/images7/a282015179_CH_18.jpg,7.493494680479364,46.849465713460496,53,2,0.82,"Small, visibly cultivated vegetable plot beside several buildings and a grassy yard.",True,0.8,Multiple clearly defined cultivated garden beds with planted rows are visible next to the buildings.
gated_highres,farmland,44,0.5699761509895325,a206168058_CH_18,An aerial image. It shows: Farm auxiliary building.,/data/tessera_dataset/image-emb-text/images4/a206168058_CH_18.jpg,7.48813225242937,46.8249111700549,67,2,0.82,"Agricultural-looking buildings adjoin a large open grass field, though no crops or field rows are distinct.",True,0.76,A large uninterrupted grassy field occupies much of the image beside agricultural-looking sheds and buildings.
gated_highres,farmland,45,0.5699761509895325,a290691768_CH_18,An aerial image. It shows: Farm building.,/data/tessera_dataset/image-emb-text/images5/a290691768_CH_18.jpg,7.415834438697741,46.80317206675612,69,2,0.82,"Large rural building and surrounding grassy ground are visible, with faint linear field texture near the bottom.",False,0.62,"The image is dominated by building roofs, yard space, trees, and a small patch of grass; no clear field or cultivated agricultural area is visible."
gated_highres,farmland,46,0.5699761509895325,a417111396_CH_18,An aerial image. It shows: Farm building.,/data/tessera_dataset/image-emb-text/images5/a417111396_CH_18.jpg,7.446040784694688,46.86450195385517,75,2,0.82,"A rural building complex with several narrow garden or cultivation plots is visible, though most of the frame is buildings, yard, trees, and lawn.",True,0.77,"Cultivated rectangular garden plots are visible at upper right, with an open grassy field along the right side."
gated_highres,farmland,47,0.5699761509895325,a477205784_CH_19,An aerial image. It shows: Farm auxiliary building.,/data/tessera_dataset/image-emb-text/images6/a477205784_CH_19.jpg,9.220593319298304,47.30275110657935,28,2,0.81,"Isolated rural building surrounded by a broad mown or tracked meadow, plausibly agricultural grassland.",True,0.82,A small building is surrounded by a broad mown grassy field with visible mowing or vehicle-track patterns.
gated_highres,farmland,48,0.5699761509895325,a177184589_CH_18,An aerial image. It shows: Farm building.,/data/tessera_dataset/image-emb-text/images7/a177184589_CH_18.jpg,7.468911458916254,46.86121792014396,49,2,0.8,"The view is mostly a large rural building, but distinct rows of vegetation or crops are visible along the left edge.",True,0.87,Distinct parallel crop rows are visible in the upper-left portion beside the farm buildings.
gated_highres,farmland,49,0.5699761509895325,n6642530161_FI_22,An aerial image. It shows: Farm.,/data/tessera_dataset/image-emb-text/images7/n6642530161_FI_22.jpg,22.66762334408308,60.63369471424415,60,2,0.8,"Broad pale field occupies much of the image beside a small cluster of buildings and garden plots, though agricultural use is not visually definitive.",True,0.95,A large bare cultivated or plowed field is clearly visible around the small farmstead.
gated_highres,farmland,50,0.5699761509895325,a186367560_CH_18,An aerial image. It shows: Farm building.,/data/tessera_dataset/image-emb-text/images4/a186367560_CH_18.jpg,7.40600151063502,46.80824311462966,1,2,0.78,"Large barn-like building beside open grass, a dirt yard, equipment, and a hay or material pile suggest a possible farmstead, but cultivated fields are not visible.",True,0.74,A broad open grassy field is visible beside a large rural building and farmyard.
gated_highres,farmland,51,0.5699761509895325,a185148428_CH_18,An aerial image. It shows: Farm building.,/data/tessera_dataset/image-emb-text/images6/a185148428_CH_18.jpg,7.410147752285349,46.83375486007802,18,2,0.78,"A house is surrounded by open grassland with tracks and sparse trees, but distinct crop cultivation is not evident.",True,0.62,"A broad grassy parcel surrounds the house, with repeated linear ground tracks and an open field-like extent."
gated_highres,farmland,52,0.5699761509895325,a332948801_CH_18,An aerial image. It shows: Farm building.,/data/tessera_dataset/image-emb-text/images4/a332948801_CH_18.jpg,7.471305465754545,46.665452856703965,27,2,0.78,"Large rural building amid grass, with several small rectangular cultivated garden plots visible nearby.",False,0.86,"The image is dominated by building roofs, driveway, and closely maintained grass around the structure; no distinct cultivated field is visible."
gated_highres,farmland,53,0.5699761509895325,w926339293_CH_19,An aerial image. It shows: Fence.,/data/tessera_dataset/image-emb-text/images5/w926339293_CH_19.jpg,8.782455461528333,47.38714718194333,32,2,0.78,A small outbuilding borders a broad grassy area and a bare enclosure; the scene is plausibly agricultural but lacks clear crop rows or extensive field structure.,True,0.71,A clearly bounded brown worked-soil parcel is visible in the upper-right beside the grassy area.
gated_highres,farmland,54,0.5699761509895325,a719416723_CH_20,An aerial image. It shows: Orchard.,/data/tessera_dataset/image-emb-text/images7/a719416723_CH_20.jpg,7.348787177017137,46.21141306509965,52,2,0.78,Dense vegetation with scattered trees and several small rectangular cultivated plots; resembles an orchard or garden rather than broad farmland.,False,0.8,"This shows dense trees, scattered buildings, and irregular vegetation, without a visibly defined field or crop area."
gated_highres,farmland,55,0.5699761509895325,a573712952_CH_21,An aerial image. It shows: Rural barn.,/data/tessera_dataset/image-emb-text/images4/a573712952_CH_21.jpg,7.400708560957541,46.89338617505854,12,2,0.76,"Buildings sit within a broad grassy area, but no clearly cultivated field, crop rows, or agricultural activity is visible.",False,0.88,Buildings and their immediate grassy grounds dominate; the visible grass does not show distinct agricultural field structure.
gated_highres,farmland,56,0.5699761509895325,w892511249_US_20,An aerial image. It shows: Driveway leading to service road.,/data/tessera_dataset/image-emb-text/images7/w892511249_US_20.jpg,-98.11513825686244,29.389651641955364,78,2,0.76,"Several rural outbuildings sit among broad dry grassy or bare parcels, but distinct cultivation patterns are weak.",True,0.83,A large open brown parcel with field-like boundaries occupies most of the image beside agricultural-looking outbuildings.
gated_highres,farmland,57,0.5699761509895325,w997732805_CH_20,An aerial image. It shows: Wooden fence.,/data/tessera_dataset/image-emb-text/images3/w997732805_CH_20.jpg,6.930941082214989,46.38044739567181,93,2,0.76,"A fenced grassy plot beside a building could be a small pasture or paddock, but no crops or livestock are visible.",False,0.85,"The visible area is a small fenced grassy yard next to buildings and a gravel surface, not a distinct farmland parcel."
gated_highres,farmland,58,0.5699761509895325,a234242548_CH_18,An aerial image. It shows: Farm building with half-hipped roof shape.,/data/tessera_dataset/image-emb-text/images7/a234242548_CH_18.jpg,7.449157865726256,46.80896180723675,20,2,0.75,"A large rural building occupies most of the image, with surrounding grass and a narrow striped field area visible along the bottom.",False,0.77,The image is primarily a residential/farm building footprint with a narrow strip of undifferentiated grass.
gated_highres,farmland,59,0.5699761509895325,a244615726_CH_18,An aerial image. It shows: Rural barn.,/data/tessera_dataset/image-emb-text/images4/a244615726_CH_18.jpg,7.416828548391283,46.65424756501886,41,2,0.75,"A large grassy field with faint parallel mowing or vehicle lines surrounds a single building, but no clear crop rows or field boundaries are visible.",False,0.8,"A house, road, and adjacent uniformly maintained grass are visible, with no clear field boundaries, crops, or worked soil."
gated_highres,farmland,60,0.5699761509895325,a240871328_CH_18,An aerial image. It shows: Rural barn.,/data/tessera_dataset/image-emb-text/images6/a240871328_CH_18.jpg,7.485683763222112,46.6539959140402,64,2,0.75,Mostly grass beside a small roofed structure; faint parallel tracks suggest managed land but cultivation is unclear.,True,0.72,The open green area beside the building shows repeated parallel linear rows or mowing/cultivation patterns across a field-sized parcel.
gated_highres,farmland,61,0.5699761509895325,a231531181_CH_20,An aerial image. It shows: Beautiful meadow.,/data/tessera_dataset/image-emb-text/images6/a231531181_CH_20.jpg,6.979067654110286,46.23401079469315,100,2,0.74,"Large open grassy meadow bordered by trees could be pasture, but there are no visible crops, field rows, livestock, fences, or farm structures.",False,0.8,"A grassy clearing bordered by dense trees is visible, but there are no clear crop rows, field boundaries, livestock, or agricultural structures."
gated_highres,farmland,62,0.5699761509895325,a570741801_CH_18,An aerial image. It shows: Barn.,/data/tessera_dataset/image-emb-text/images5/a570741801_CH_18.jpg,7.47362205802406,46.653037869986925,72,2,0.73,"Mostly green ground around a single building; faint curved mowing or cultivation lines suggest agricultural land, but the image is limited and blurry.",True,0.76,A broad green field with repeated curved mowing or cultivation stripes is visible next to a building.
gated_highres,farmland,63,0.5699761509895325,a289926225_CH_18,An aerial image. It shows: Rural barn.,/data/tessera_dataset/image-emb-text/images5/a289926225_CH_18.jpg,8.200909055420325,46.74043263462834,16,2,0.72,"A large rural building borders an evenly striped green field or managed grassland, though the building dominates the frame.",True,0.78,Regular parallel stripes across a large grass field are visibly present beside the building.
gated_highres,farmland,64,0.5699761509895325,a259472090_CH_19,An aerial image. It shows: Barn.,/data/tessera_dataset/image-emb-text/images5/a259472090_CH_19.jpg,8.914832099402854,47.28731716026144,22,2,0.72,"A barn-like building stands in a large grassy field, but no distinct crops, field boundaries, or agricultural activity are visible.",True,0.62,"An open managed grass parcel surrounds a rural-looking building, with sparse worn patches consistent with pasture or farm ground."
gated_highres,farmland,65,0.5699761509895325,a232511243_CH_20,An aerial image. It shows: Beautiful meadow.,/data/tessera_dataset/image-emb-text/images3/a232511243_CH_20.jpg,6.953670407252522,46.23331352577384,40,2,0.72,"A large grassy enclosed area with a small roofed structure and boundary line could be pasture, but there are no visible crops or strong farming features.",True,0.63,"A sizable open grassy enclosure is visible beside a structure, bounded by trees and a linear fence or track."
gated_highres,farmland,66,0.5699761509895325,a336954713_CH_17,An aerial image. It shows: Forest area.,/data/tessera_dataset/image-emb-text/images5/a336954713_CH_17.jpg,7.325749244770939,46.29506487626704,85,2,0.72,"Open grassy land bordered by dense trees is visible, but there are no distinct crop rows or strong cultivation patterns.",False,0.67,"The image mainly shows trees, shadows, and an irregular grassy clearing without visible crops, field patterning, or farm infrastructure."
gated_highres,farmland,67,0.5699761509895325,a408827130_CH_18,An aerial image. It shows: Farm building.,/data/tessera_dataset/image-emb-text/images6/a408827130_CH_18.jpg,7.418663032816719,46.82599011839679,25,2,0.71,"Rural house or farm building surrounded by open grass that could be pasture, though cultivation is not evident.",True,0.79,A rural building complex is surrounded by open grassy parcels with visible fence lines and enclosure boundaries.
gated_highres,farmland,68,0.5699761509895325,a222983669_CH_18,An aerial image. It shows: Rural barn.,/data/tessera_dataset/image-emb-text/images4/a222983669_CH_18.jpg,7.90561445269357,46.53579021041329,50,2,0.7,"A small building sits within a broad grassy area that could be pasture or meadow, though cultivation is not clearly visible.",True,0.58,"A small rural building sits within a broad open grass field, with a few light objects visible in the surrounding field."
gated_highres,farmland,69,0.5699761509895325,a638323404_CH_18,An aerial image. It shows: Shed building.,/data/tessera_dataset/image-emb-text/images4/a638323404_CH_18.jpg,7.401758573613419,46.83801329110169,83,1,0.95,"A cluster of buildings, paved yard, wrapped bales, and a pool are visible, but cultivated land is absent.",True,0.97,"A farmyard is clearly visible, including multiple agricultural buildings and a large stack of white wrapped hay or silage bales."
gated_highres,farmland,70,0.5699761509895325,n11044688989_CH_19,An aerial image. It shows: Evergreen needle-leaved tree.,/data/tessera_dataset/image-emb-text/images5/n11044688989_CH_19.jpg,9.527420883693097,46.83489262654646,33,1,0.94,"Only grass and dense trees or shrubs are visible, with no cultivated fields, farm structures, or agricultural patterns.",False,0.82,Only a small patch of grass beside dense tree canopy and shadow is visible; no distinct agricultural land use is apparent.
gated_highres,farmland,71,0.5699761509895325,a174699090_CH_18,An aerial image. It shows: Farm building.,/data/tessera_dataset/image-emb-text/images6/a174699090_CH_18.jpg,7.420264667480765,46.86525523758266,45,1,0.94,"Nearly the entire image shows building roofs and paved or yard surfaces, with no substantial field visible.",False,0.98,"Overhead view is dominated by house roofs, driveway, and trees; no cultivated field or pasture is visible."
gated_highres,farmland,72,0.5699761509895325,a234242549_CH_18,An aerial image. It shows: Farm building.,/data/tessera_dataset/image-emb-text/images5/a234242549_CH_18.jpg,7.4311821,46.81340895,57,1,0.92,Close aerial view dominated by connected building roofs with only a thin strip of grass.,False,0.96,"Visible pixels show roofs, a paved yard, and narrow surrounding grass, without a discernible agricultural field."
gated_highres,farmland,73,0.5699761509895325,a223200622_CH_18,An aerial image. It shows: Farm building.,/data/tessera_dataset/image-emb-text/images7/a223200622_CH_18.jpg,7.460010512744363,46.88155500447192,42,1,0.91,"The image is dominated by buildings, paved lanes, and maintained grass, with only a very small garden-like plot visible.",False,0.78,"The image primarily shows buildings, paved access, lawn, and a circular enclosure; only a very small garden-like patch is visible."
gated_highres,farmland,74,0.5699761509895325,n10651866977_CH_18,"An aerial image. It shows: Solar power generator utilizing photovoltaic technology, consisting of solar photovoltaic panels.",/data/tessera_dataset/image-emb-text/images6/n10651866977_CH_18.jpg,7.929422266354857,47.0950338085606,54,1,0.91,"Mostly building roofs and pavement, with only a narrow planted garden area visible.",False,0.72,Residential roofs and paved area dominate; a small planted garden patch is present but no clearly visible farmland area.
gated_highres,farmland,75,0.5699761509895325,a287233761_CH_18,An aerial image. It shows: Rural barn.,/data/tessera_dataset/image-emb-text/images5/a287233761_CH_18.jpg,8.211898292111034,46.747530414506784,86,1,0.91,An isolated building sits within uniform green grassland; the surrounding area does not visibly show cultivation.,True,0.75,"A small building is surrounded by a broad, continuous managed green field consistent with pasture or agricultural grassland."
gated_highres,farmland,76,0.5699761509895325,a247424267_CH_18,An aerial image. It shows: Barn.,/data/tessera_dataset/image-emb-text/images6/a247424267_CH_18.jpg,7.424844893074252,46.64817469921623,88,1,0.91,"A building and road are surrounded by uniform green grass, without visible agricultural rows or field structure.",True,0.8,A farm-like building sits beside a large uniform green field with visible mowing or cultivation lines.
gated_highres,farmland,77,0.5699761509895325,a397449309_CH_19,An aerial image. It shows: Detached building with half-hipped roof.,/data/tessera_dataset/image-emb-text/images5/a397449309_CH_19.jpg,8.908365016564746,47.63301614014197,2,1,0.9,A house is surrounded by uniform green grass that appears more like a lawn or meadow than visibly cultivated farmland.,True,0.92,Most of the image shows a large open managed grass field adjacent to a rural building and track.
gated_highres,farmland,78,0.5699761509895325,a174698849_CH_18,An aerial image. It shows: Barn.,/data/tessera_dataset/image-emb-text/images6/a174698849_CH_18.jpg,7.421095685853924,46.86822500485487,26,1,0.9,Small building beside paved roads and landscaped ground; little visible evidence of farmland.,False,0.68,"The view is mainly a residential property with roads, trees, lawn, and only small garden or plot areas."
gated_highres,farmland,79,0.5699761509895325,a413278852_CH_18,An aerial image. It shows: Farm building.,/data/tessera_dataset/image-emb-text/images7/a413278852_CH_18.jpg,7.406130945098508,46.82776877089053,47,1,0.9,"Large buildings and a driveway dominate, with only small garden beds and grassy areas visible.",True,0.74,Cultivated garden rows and planted rectangular plots are visibly present beside farm-like buildings.
gated_highres,farmland,80,0.5699761509895325,a234242543_CH_18,An aerial image. It shows: Cabin.,/data/tessera_dataset/image-emb-text/images3/a234242543_CH_18.jpg,7.46334419241653,46.80191959951576,81,1,0.9,A rural-looking building is surrounded mainly by patchy grass; no clearly cultivated fields are visible.,True,0.82,The building is surrounded by open managed land with visibly patterned cultivated or grazed field surfaces.
gated_highres,farmland,81,0.5699761509895325,a418124432_CH_18,An aerial image. It shows: Rural barn.,/data/tessera_dataset/image-emb-text/images5/a418124432_CH_18.jpg,7.484387698645299,46.81913619002873,82,1,0.9,"Buildings, a yard, and lawn dominate the image, with no visible crop rows or field boundaries.",False,0.99,"Residential rooftops, paved area, and a small lawn are visible; no agricultural field or cultivated land is visible."
gated_highres,farmland,82,0.5699761509895325,a294734482_CH_18,An aerial image. It shows: Barn.,/data/tessera_dataset/image-emb-text/images3/a294734482_CH_18.jpg,8.214584002585232,46.7296560401609,3,1,0.88,"Mostly featureless green grass with part of a small roof; no visible field boundaries, crop rows, or farm activity.",False,0.84,"A small roofed structure sits within uniformly green grass, but no visible crop rows, field boundaries, or other agricultural use is discernible."
gated_highres,farmland,83,0.5699761509895325,a320063363_CH_18,An aerial image. It shows: Rural barn.,/data/tessera_dataset/image-emb-text/images5/a320063363_CH_18.jpg,8.209706288476252,46.74428493694607,4,1,0.88,"A building borders a broad grassy area, but the image shows no clear crops, field pattern, or agricultural infrastructure.",False,0.97,"A house, deck, and maintained grassy yard are visible; the grass appears residential rather than identifiable farmland."
gated_highres,farmland,84,0.5699761509895325,a294734439_CH_18,An aerial image. It shows: Barn.,/data/tessera_dataset/image-emb-text/images3/a294734439_CH_18.jpg,8.214784882867262,46.725536429632925,5,1,0.88,A small building sits in an expanse of grass; the visible land lacks recognizable cultivation or farm-field structure.,False,0.96,"A small building with surrounding lawn and tree shadows is visible, without discernible agricultural fields or crops."
gated_highres,farmland,85,0.5699761509895325,a601027648_CH_20,An aerial image. It shows: Simple house.,/data/tessera_dataset/image-emb-text/images4/a601027648_CH_20.jpg,6.8832605,46.68498415,23,1,0.88,"Close aerial view dominated by a building roof, driveway, and a small amount of grass; farmland is not clearly shown.",False,0.99,"Close aerial view of residential buildings, driveway, and small lawn; no farmland is visible."
gated_highres,farmland,86,0.5699761509895325,a215350070_CH_18,An aerial image. It shows: Farmyard area.,/data/tessera_dataset/image-emb-text/images7/a215350070_CH_18.jpg,7.936101357631735,46.90980833163386,43,1,0.88,A dense building complex fills most of the image; only narrow vegetated plots and a possible cultivated strip appear along the edges.,False,0.99,"A residential or farmstead building cluster, paved yard, tanks, and small garden-like areas are visible; no agricultural field is shown."
gated_highres,farmland,87,0.5699761509895325,a241853550_CH_18,An aerial image. It shows: Barn.,/data/tessera_dataset/image-emb-text/images4/a241853550_CH_18.jpg,7.428791375198286,46.65489701085829,59,1,0.88,"Small isolated roofed structure amid grass, without visible crops, plots, livestock, or field patterns.",False,0.91,"A small building is surrounded by green grass, but no clear agricultural land use, crops, or field structure is visible."
gated_highres,farmland,88,0.5699761509895325,a550930727_CH_18,An aerial image. It shows: Cabin.,/data/tessera_dataset/image-emb-text/images2/a550930727_CH_18.jpg,7.489521063519458,46.66821058021708,91,1,0.88,"A small building surrounded by uniform green grass; no visible crop rows, field boundaries, or agricultural activity.",False,0.91,A building edge and mown green grass are visible; no identifiable cultivated or agricultural field appears.
gated_highres,farmland,89,0.5699761509895325,a255959082_CH_18,An aerial image. It shows: Rural barn.,/data/tessera_dataset/image-emb-text/images6/a255959082_CH_18.jpg,7.481065233309268,46.6103644074948,58,1,0.87,Single building in an open grassy area; no visible cultivation or other clear farmland features.,False,0.98,"A house, driveway, and adjacent lawn are visible, with no crop field or other farmland visible."
gated_highres,farmland,90,0.5699761509895325,a222984359_CH_18,An aerial image. It shows: Rural barn.,/data/tessera_dataset/image-emb-text/images4/a222984359_CH_18.jpg,7.904386623519217,46.54133146895921,92,1,0.87,"A small roofed structure in a grassy area, with no clearly visible cultivated farmland.",False,0.95,A small building on a grassy residential-looking plot is visible; no discernible farmland is present.
gated_highres,farmland,91,0.5699761509895325,n9711923005_CH_18,An aerial image. It shows: Farm.,/data/tessera_dataset/image-emb-text/images7/n9711923005_CH_18.jpg,7.9432841,47.0373221,65,1,0.86,"Close aerial view of a building, dirt track, and small grassy yard with minimal field area.",False,0.99,"A building roof, driveway, and small patchy residential yard are visible; no cultivated field or farmland is present."
gated_highres,farmland,92,0.5699761509895325,a245290301_CH_18,An aerial image. It shows: Rural barn.,/data/tessera_dataset/image-emb-text/images5/a245290301_CH_18.jpg,7.411667736626605,46.65045861359479,55,1,0.84,"Small roofed structure surrounded by uniform grass; no visible crops, field boundaries, or agricultural activity.",False,0.98,"A small building with a roof is surrounded by uniform grass; no visible crop rows, field boundaries, or cultivated farmland."
gated_highres,farmland,93,0.5699761509895325,a244631301_CH_18,An aerial image. It shows: Barn.,/data/tessera_dataset/image-emb-text/images5/a244631301_CH_18.jpg,7.416795428628861,46.65249741177775,13,1,0.73,The image shows mostly uniform grass and part of a roof; visible agricultural evidence is minimal.,False,0.98,"A single small roofed structure sits within a grassy yard, without visible agricultural fields or crops."
gated_highres,farmland,94,0.5699761509895325,a290691709_CH_18,An aerial image. It shows: Farm building with half-hipped roof shape.,/data/tessera_dataset/image-emb-text/images4/a290691709_CH_18.jpg,7.442436905551373,46.81047287781948,34,0,0.98,"The image shows tiled-roof buildings, paved areas, and ornamental vegetation, with no visible farmland.",False,0.99,"Residential buildings, paved surfaces, trees, and landscaped vegetation are visible; no farmland appears."
gated_highres,farmland,95,0.5699761509895325,a505454721_ES_18,An aerial image. It shows: Gabled roofed house.,/data/tessera_dataset/image-emb-text/images5/a505454721_ES_18.jpg,-8.67207355,43.2307552,68,0,0.98,Image is dominated by building roofs with only a narrow strip of indistinct ground.,False,0.98,Close aerial view of building roofs and a narrow surrounding yard; no agricultural land is visible.
gated_highres,farmland,96,0.5699761509895325,a190290303_CH_18,An aerial image. It shows: Farm building.,/data/tessera_dataset/image-emb-text/images7/a190290303_CH_18.jpg,7.480770647418595,46.84047562798052,98,0,0.98,"Tight view of adjoining tiled roofs and trees, with no farmland visible.",False,0.99,"The image is dominated by connected residential roofs, a driveway, and small vegetation patches, not farmland."
gated_highres,farmland,97,0.5699761509895325,a174547483_CH_18,An aerial image. It shows: Farm building.,/data/tessera_dataset/image-emb-text/images6/a174547483_CH_18.jpg,7.411454049389099,46.862509987909306,7,0,0.97,"Closely spaced buildings, paved access, and landscaped garden areas are visible, with no farmland or agricultural fields.",False,0.99,"Several buildings, a road, garden vegetation, and lawns are visible; there is no cultivated field or farm land-use."
gated_highres,farmland,98,0.5699761509895325,a497763776_CH_18,An aerial image. It shows: Farm building.,/data/tessera_dataset/image-emb-text/images6/a497763776_CH_18.jpg,7.9230257,46.9815162,95,0,0.97,Close aerial view of a residential roof and small surrounding lawn; farmland is not visible.,False,0.99,"A large building roof and adjacent paved/grass areas fill the image, with no visible farmland."
gated_highres,farmland,99,0.5699761509895325,a174547501_CH_18,An aerial image. It shows: Farmyard area.,/data/tessera_dataset/image-emb-text/images3/a174547501_CH_18.jpg,7.412503766319962,46.85472528649363,8,0,0.96,"A cluster of residential-looking buildings, driveways, trees, and garden plots is visible without broader agricultural land.",False,0.99,"A residential cluster with roofs, driveways, trees, and small yards is visible; no agricultural field is present."
gated_highres,farmland,100,0.5699761509895325,a497764086_CH_21,An aerial image. It shows: Farm building.,/data/tessera_dataset/image-emb-text/images5/a497764086_CH_21.jpg,7.911369440915205,46.963514581337634,97,0,0.96,"Large building, driveway, parked vehicles, trees, and maintained grass; no visible agricultural fields.",False,0.99,"A large residential building, driveway, lawn, and surrounding trees are visible; no crops or cultivated farmland appear."
gated_highres,hospital,1,0.5453442931175232,a317348336_US_22,An aerial image. It shows: Healthcare facility identified as hospital.,/data/tessera_dataset/image-emb-text/images6/a317348336_US_22.jpg,-80.140942800491,26.102692703837057,13,4,0.99,Large institutional building complex with a clearly visible rooftop medical-cross helipad and substantial adjacent parking.,True,0.99,Large connected institutional building with a prominent red cross symbol on its roof and adjacent parking.
gated_highres,hospital,2,0.5453442931175232,a443275508_US_21,An aerial image. It shows: Hospital.,/data/tessera_dataset/image-emb-text/images2/a443275508_US_21.jpg,-70.53249919247551,44.21009616205778,4,4,0.99,Dense institutional complex with extensive parking and a clearly visible red cross marking on a dedicated rooftop or pad area.,True,0.99,Multi-wing institutional complex with a red cross-marked landing pad or roof area.
gated_highres,hospital,3,0.5453442931175232,a518149748_US_21,An aerial image. It shows: Healthcare facility identified as hospital.,/data/tessera_dataset/image-emb-text/images7/a518149748_US_21.jpg,-80.50534122370891,37.088210811484,91,4,0.99,"Large institutional medical-style complex with extensive parking, multiple connected wings, and a clearly marked helipad bearing a medical cross.",True,0.99,Very large medical-campus-style complex with extensive parking and a clearly visible red cross-marked pad.
gated_highres,hospital,4,0.5453442931175232,a595461447_US_21,An aerial image. It shows: Hospital providing healthcare services.,/data/tessera_dataset/image-emb-text/images4/a595461447_US_21.jpg,-103.2244903091924,44.05660196887985,10,4,0.99,Large medical-campus-like complex with extensive parking and a prominent rooftop helipad marked by a red medical-style symbol.,True,0.99,Large connected building complex with parking lots and a red cross symbol visible on a roof.
gated_highres,hospital,5,0.5453442931175232,a238777201_US_21,An aerial image. It shows: Hospital building.,/data/tessera_dataset/image-emb-text/images6/a238777201_US_21.jpg,-103.22511474377905,44.05675125314776,12,4,0.97,Large multi-wing complex with extensive parking and a prominent red rooftop helipad marked with a white cross/H.,True,0.99,Large institutional complex with extensive parking and a clearly visible roof-mounted red cross.
gated_highres,hospital,6,0.5453442931175232,a30791438_US_19,An aerial image. It shows: Hospital building.,/data/tessera_dataset/image-emb-text/images6/a30791438_US_19.jpg,-122.47293162058376,48.77353203993165,11,4,0.99,Large institutional complex with extensive parking and a clearly marked rooftop/ground helipad bearing a medical-style cross.,True,0.99,"Dense multi-building medical complex with parking, a circular helipad marked with a cross, and another roof marking."
gated_highres,hospital,7,0.5453442931175232,a548646020_US_21,An aerial image. It shows: Hospital.,/data/tessera_dataset/image-emb-text/images4/a548646020_US_21.jpg,-90.2599204035088,39.7469943290302,65,4,0.98,Dense multi-building medical-style campus with a prominent circular rooftop helipad bearing a clearly visible emergency medical symbol.,True,0.98,Institutional building complex with a large circular rooftop/ground pad visibly marked by a white cross.
gated_highres,hospital,8,0.5453442931175232,a361217307_US_19,An aerial image. It shows: Hospital building.,/data/tessera_dataset/image-emb-text/images6/a361217307_US_19.jpg,-81.05387615000001,29.2017422,23,4,0.99,Large medical-looking campus with a clearly visible red cross marking on a rooftop landing area.,True,0.99,Large connected complex with a prominent red cross on a roof and surrounding parking/service areas.
gated_highres,hospital,9,0.5453442931175232,a484438576_US_21,An aerial image. It shows: Hospital building serving as healthcare amenity.,/data/tessera_dataset/image-emb-text/images7/a484438576_US_21.jpg,-105.12962370500078,39.71658139741158,16,3,0.91,Very large multi-wing institutional complex with extensive parking and a red rooftop landing-area marking at the lower right.,True,0.99,Large medical-campus-style building complex with extensive parking and a red cross marking on a rooftop pad.
gated_highres,hospital,10,0.5453442931175232,a38803262_US_21,An aerial image. It shows: Healthcare facility identified as hospital.,/data/tessera_dataset/image-emb-text/images3/a38803262_US_21.jpg,-92.0465387500195,30.21672182859242,67,4,0.99,Very large institutional complex with extensive parking and a dedicated ground helipad clearly marked with a red emergency medical symbol.,True,0.98,Large institutional complex with a clearly marked red cross landing pad and extensive adjacent parking.
gated_highres,hospital,11,0.5453442931175232,a508568085_US_21,An aerial image. It shows: Hospital providing healthcare services.,/data/tessera_dataset/image-emb-text/images7/a508568085_US_21.jpg,-82.6225566,27.48238955,5,4,0.98,Large multi-building institutional campus with extensive parking and a clearly marked elevated helipad bearing a medical-style cross/H symbol.,True,0.96,Large multi-wing institutional complex with extensive adjacent parking and a clearly marked ground helipad.
gated_highres,hospital,12,0.5453442931175232,a466206925_US_18,An aerial image. It shows: Healthcare facility identified as hospital.,/data/tessera_dataset/image-emb-text/images5/a466206925_US_18.jpg,-79.6675063,36.3536408,19,4,0.99,Large sprawling institutional campus with extensive parking and a clearly visible helicopter on a marked rooftop helipad.,True,0.93,"Large connected institutional building complex with multiple dense parking areas, service drives, and a hospital-scale footprint."
gated_highres,hospital,13,0.5453442931175232,a486493489_US_22,An aerial image. It shows: Hospital building.,/data/tessera_dataset/image-emb-text/images5/a486493489_US_22.jpg,-80.09743085062996,26.92288938064192,20,3,0.86,"Large multi-building institutional campus with substantial parking, internal access roads, and a cross-shaped landing marking near the waterfront.",True,0.97,Large multi-wing complex beside a waterbody with dense parking and a clearly marked helipad on the lawn.
gated_highres,hospital,14,0.5453442931175232,a515340234_US_21,An aerial image. It shows: Healthcare facility identified as hospital.,/data/tessera_dataset/image-emb-text/images7/a515340234_US_21.jpg,-86.42141085,34.3649356,59,4,0.91,"Extensive multi-wing medical-style campus with multiple entrances, service zones, very large parking areas, and a marked square resembling a helipad.",True,0.98,"Large medical-campus-style building with multiple parking lots, internal access roads, and a marked helipad."
gated_highres,hospital,15,0.5453442931175232,a547365517_US_21,An aerial image. It shows: Hospital providing healthcare services.,/data/tessera_dataset/image-emb-text/images5/a547365517_US_21.jpg,-89.40730852476361,38.90328099342264,90,4,0.97,"Large connected institutional complex with extensive parking, service infrastructure, and a clearly marked helipad on the adjacent lawn.",True,0.98,"Institutional building complex surrounded by parking and woodland, with a clearly visible marked helipad on an adjoining lawn."
gated_highres,hospital,16,0.5453442931175232,a550545293_US_19,An aerial image. It shows: Hospital providing healthcare services.,/data/tessera_dataset/image-emb-text/images5/a550545293_US_19.jpg,-88.72266397083848,41.9609927956447,94,4,0.96,"Large connected institutional complex with substantial parking, organized access roads, and a clearly visible marked helipad.",True,0.99,"Large connected facility with formal ambulance-style drive circulation, substantial parking, and a prominent marked helipad."
gated_highres,hospital,17,0.5453442931175232,a494707290_US_17,An aerial image. It shows: Healthcare facility identified as hospital.,/data/tessera_dataset/image-emb-text/images5/a494707290_US_17.jpg,-84.42555024853786,33.679786998628174,49,4,0.97,"Large institutional campus includes a clearly visible marked helipad beside the main interconnected building complex, providing a strong direct hospital cue.",True,0.96,"Large institutional complex with connected wings, dedicated parking and service circulation, plus a marked helipad."
gated_highres,hospital,18,0.5453442931175232,a582300173_US_21,An aerial image. It shows: Healthcare facility identified as hospital.,/data/tessera_dataset/image-emb-text/images4/a582300173_US_21.jpg,-70.16291905001884,44.62629949640362,53,3,0.82,"Large multi-wing institutional complex with prominent entrances, service areas, and extensive visitor parking strongly resembles a hospital campus.",True,0.98,Substantial multi-wing facility with expansive parking lots and a clearly marked circular helipad near the building.
gated_highres,hospital,19,0.5453442931175232,a551517828_US_19,An aerial image. It shows: Healthcare facility identified as hospital.,/data/tessera_dataset/image-emb-text/images7/a551517828_US_19.jpg,-78.57864039835621,41.42651158431608,1,3,0.82,"Large multi-wing institutional complex with extensive parking, covered-looking entrance areas, and a circular landing/turnaround feature.",True,0.99,"Large dense institutional complex with extensive parking, multiple attached buildings, and a conspicuous marked circular helipad."
gated_highres,hospital,20,0.5453442931175232,a256802257_US_21,An aerial image. It shows: Hospital building.,/data/tessera_dataset/image-emb-text/images2/a256802257_US_21.jpg,-111.75268422349257,33.28727984833563,2,3,0.86,"Very large interconnected institutional building with multiple wings, service roofs, landscaped entrances, and extensive parking.",True,0.95,"Very large connected building complex with extensive parking, service areas, and hospital-scale internal circulation."
gated_highres,hospital,21,0.5453442931175232,a831330571_US_21,An aerial image. It shows: Hospital building.,/data/tessera_dataset/image-emb-text/images4/a831330571_US_21.jpg,-82.68810300571425,28.36100828054833,6,3,0.91,"Large, complex multi-wing facility with substantial rooftop mechanical infrastructure, service access, and surrounding parking typical of a hospital.",True,0.91,"Large, dense multi-wing institutional building complex with extensive paved service areas, perimeter parking, and a covered entrance-like drive."
gated_highres,hospital,22,0.5453442931175232,a330315464_US_20,An aerial image. It shows: Hospital providing healthcare services.,/data/tessera_dataset/image-emb-text/images5/a330315464_US_20.jpg,-90.24120071607967,38.776348535144805,24,3,0.82,"Very large interconnected institutional complex surrounded by extensive visitor parking, internal drives, entrances, and substantial rooftop mechanical infrastructure.",True,0.94,"Large connected institutional campus with multiple building wings, several major parking lots, internal access roads, and a prominent entrance loop."
gated_highres,hospital,23,0.5453442931175232,a339165743_US_21,An aerial image. It shows: Hospital building with surveillance equipment.,/data/tessera_dataset/image-emb-text/images3/a339165743_US_21.jpg,-83.65178175435841,41.017809442611735,31,3,0.86,"Large, dense multi-wing institutional complex with extensive rooftop equipment, multiple connected sections, surrounding roads, and several parking areas; strongly resembles a hospital campus.",True,0.88,"Dense multi-building urban institutional complex with interconnected large roofs, structured parking, and multiple access points."
gated_highres,hospital,24,0.5453442931175232,a485441583_US_21,An aerial image. It shows: Hospital providing healthcare services.,/data/tessera_dataset/image-emb-text/images7/a485441583_US_21.jpg,-117.05475708683127,46.4024265356548,9,3,0.88,"Long interconnected institutional building with multiple entrances, service areas, extensive parking, and campus-like grounds.",True,0.9,"Large white-roofed connected complex with landscaped entrance drives, extensive parking, and a service/loading area."
gated_highres,hospital,25,0.5453442931175232,a498714596_US_21,An aerial image. It shows: Hospital.,/data/tessera_dataset/image-emb-text/images5/a498714596_US_21.jpg,-86.32772584433204,36.22094189106575,50,3,0.88,"Large irregular multiwing institutional building with a formal entrance loop, dense visitor parking, service access, and surrounding campus structures.",True,0.93,"Very large bright-roofed multi-wing institutional building with several parking areas, a formal drop-off loop, and connected structures."
gated_highres,hospital,26,0.5453442931175232,a565543426_US_18,An aerial image. It shows: Healthcare facility identified as hospital.,/data/tessera_dataset/image-emb-text/images7/a565543426_US_18.jpg,-99.15289643591422,30.04345486763025,44,3,0.91,"Very large multiwing institutional facility encircled by access roads and extensive parking, with service equipment and a hospital-campus-like layout.",True,0.95,"Large modern multi-wing facility with broad curved patient/drop-off access roads, substantial surrounding parking, and a dedicated service side."
gated_highres,hospital,27,0.5453442931175232,a245395693_US_19,An aerial image. It shows: Healthcare facility identified as hospital.,/data/tessera_dataset/image-emb-text/images7/a245395693_US_19.jpg,-73.96856435000001,40.9043293,48,3,0.84,"Extensive dense campus of interconnected buildings with service roofs, internal roads, landscaped grounds, and multiple parking areas, strongly consistent with a hospital.",True,0.92,"Extensive irregular institutional campus set among trees, with multiple connected wings, large parking facilities, and a circular entry drive."
gated_highres,hospital,28,0.5453442931175232,a450672708_US_19,An aerial image. It shows: Hospital building.,/data/tessera_dataset/image-emb-text/images4/a450672708_US_19.jpg,-81.54869222051994,41.59885716898967,33,3,0.89,"Large irregular multi-wing institutional building with substantial rooftop mechanical infrastructure, looped vehicle access, and extensive parking; clear hospital-like configuration.",True,0.84,"Large clustered institutional buildings with multiple roof sections, adjacent parking, and a curved vehicle approach."
gated_highres,hospital,29,0.5453442931175232,a871709853_US_21,An aerial image. It shows: Hospital building with healthcare amenities.,/data/tessera_dataset/image-emb-text/images5/a871709853_US_21.jpg,-86.62237640000001,32.880060799999995,79,3,0.81,"Large modern institutional building with complex rooftop mechanical equipment, multiple access drives, and prominent covered entrance structures, clearly compatible with a hospital.",True,0.9,"Large white-roofed institutional complex with interconnected wings, a covered-looking entrance approach, and organized vehicle circulation."
gated_highres,hospital,30,0.5453442931175232,a484449649_US_21,An aerial image. It shows: Hospital building serving as healthcare amenity.,/data/tessera_dataset/image-emb-text/images6/a484449649_US_21.jpg,-105.13014400336186,39.71700770737995,41,3,0.82,"Large interconnected institutional complex with multiple wings, covered-looking links, internal drives, and extensive surrounding parking.",True,0.89,"Large connected multi-wing building complex with extensive parking, a circular driveway/drop-off area, and institutional-scale grounds."
gated_highres,hospital,31,0.5453442931175232,a582269487_US_21,An aerial image. It shows: Hospital providing healthcare services.,/data/tessera_dataset/image-emb-text/images7/a582269487_US_21.jpg,-68.51736725,45.3475628,60,3,0.8,"Large isolated multi-wing institutional complex with central courtyard, multiple access points, service vehicles, and substantial parking strongly resembles a hospital.",True,0.72,"Large multi-wing institutional building with extensive visitor parking, service access, and a campus-like wooded setting."
gated_highres,hospital,32,0.5453442931175232,a442146105_US_21,An aerial image. It shows: Hospital providing healthcare services.,/data/tessera_dataset/image-emb-text/images4/a442146105_US_21.jpg,-73.5521804384365,41.05434518979216,98,3,0.8,"Very large dense campus of connected multistory buildings with extensive parking, landscaped circulation, and institutional-scale facilities consistent with a hospital.",True,0.88,"Very large dense urban medical-campus-scale complex with interconnected large buildings, structured parking, and landscaped pedestrian circulation."
gated_highres,hospital,33,0.5453442931175232,a265368698_US_19,An aerial image. It shows: Hospital building.,/data/tessera_dataset/image-emb-text/images5/a265368698_US_19.jpg,-75.10843804493129,39.92857801798459,8,3,0.78,"Large dense institutional complex with multiple connected buildings, broad parking areas, and organized vehicle access.",True,0.82,"Clustered multi-story institutional buildings with large parking areas, covered-looking connections, and a campus-scale footprint."
gated_highres,hospital,34,0.5453442931175232,a347002167_US_21,An aerial image. It shows: Hospital building.,/data/tessera_dataset/image-emb-text/images4/a347002167_US_21.jpg,-76.5878336590438,39.35825867624793,22,3,0.78,"Large multi-wing institutional complex with a prominent entrance loop, extensive parking, service areas, and connected buildings strongly resembling a hospital campus.",True,0.86,"Large interconnected institutional complex with broad vehicle drop-off loops, multiple parking lots, and substantial service/utility roof areas."
gated_highres,hospital,35,0.5453442931175232,a164548758_US_19,An aerial image. It shows: Hospital building.,/data/tessera_dataset/image-emb-text/images6/a164548758_US_19.jpg,-76.18846194662953,40.691311645135634,54,3,0.78,"Dense multi-building complex with large flat roofs, substantial rooftop mechanical equipment, access drives, and adjacent parking is strongly consistent with a hospital.",True,0.62,"Large irregular institutional complex with a prominent entrance loop, service-side roofs, and dedicated parking; medical use is plausible from the visible layout."
gated_highres,hospital,36,0.5453442931175232,a167235274_US_17,An aerial image. It shows: Hospital providing healthcare services.,/data/tessera_dataset/image-emb-text/images4/a167235274_US_17.jpg,-114.98505726602474,36.03876066672507,81,3,0.78,"Large multi-wing institutional complex with a curved entrance, extensive parking, and service areas, visually consistent with a hospital.",True,0.7,"Substantial multi-wing institutional structure set among dense urban blocks, with a curved entrance/drop-off area and perimeter parking."
gated_highres,hospital,37,0.5453442931175232,a783216592_US_19,An aerial image. It shows: Hospital building.,/data/tessera_dataset/image-emb-text/images5/a783216592_US_19.jpg,-80.14090219337311,26.102399922057423,99,3,0.78,"Large interconnected campus with many wings, courtyards, service structures, and adjacent parking, strongly consistent with a major institutional or medical complex though no clear medical symbol is visible.",True,0.84,"Dense multi-building institutional campus with large connected roof sections, a large adjacent parking lot, and internal access roads."
gated_highres,hospital,38,0.5453442931175232,a304039493_US_18,An aerial image. It shows: Hospital building providing healthcare services.,/data/tessera_dataset/image-emb-text/images4/a304039493_US_18.jpg,-95.24802730554076,31.9376803750489,77,3,0.76,"Large multi-wing institutional complex with extensive visitor parking, covered-looking entrance areas, and substantial service infrastructure, strongly compatible with a hospital.",True,0.76,"Large multi-wing facility with a circular vehicle drop-off loop, many parked cars, and service access adjacent to the main building."
gated_highres,hospital,39,0.5453442931175232,a460591025_US_17,An aerial image. It shows: Hospital providing healthcare services.,/data/tessera_dataset/image-emb-text/images4/a460591025_US_17.jpg,-93.79279270015438,44.84210193893677,63,3,0.75,"Large interconnected institutional complex with extensive, heavily occupied parking and organized access roads, visually consistent with a hospital campus, though no explicit medical symbol is visible.",True,0.85,"Large medical-campus-scale set of buildings with extensive organized visitor parking, internal drives, and a separate prominent clinical-looking building."
gated_highres,hospital,40,0.5453442931175232,a551523995_US_17,An aerial image. It shows: Hospital providing healthcare services.,/data/tessera_dataset/image-emb-text/images4/a551523995_US_17.jpg,-78.77580449999999,41.1148334,84,3,0.72,"Broad institutional campus with multiple connected buildings, large parking areas, drop-off circulation, and substantial visitor access.",False,0.58,"Visible scene is a dispersed neighborhood-scale institutional/commercial cluster with several separate buildings and parking lots, without clear hospital-specific campus features."
gated_highres,hospital,41,0.5453442931175232,a557402056_US_19,An aerial image. It shows: Hospital building.,/data/tessera_dataset/image-emb-text/images4/a557402056_US_19.jpg,-91.63403048160612,35.76790980095085,56,2,0.69,"Very large building complex beside expansive parking could be a hospital, but the washed-out image obscures entrances and other distinguishing features.",True,0.9,Large multi-wing institutional building complex with extensive adjacent surface parking and covered entrance-like connections.
gated_highres,hospital,42,0.5453442931175232,a638244099_US_21,An aerial image. It shows: Healthcare facility identified as hospital.,/data/tessera_dataset/image-emb-text/images6/a638244099_US_21.jpg,-81.08682758422023,32.02842483920207,36,2,0.68,"Moderately large institutional building with a prominent entrance drive and extensive parking, making medical use plausible, though the visible form is not distinctly hospital-specific.",True,0.72,"Substantial light-roofed institutional building with organized parking areas, internal driveways, and a rounded drop-off loop."
gated_highres,hospital,43,0.5453442931175232,a457753292_US_20,An aerial image. It shows: Hospital providing healthcare services.,/data/tessera_dataset/image-emb-text/images4/a457753292_US_20.jpg,-108.21658424608876,36.72333304651167,96,2,0.68,"Large multi-wing institutional complex with service areas, broad road access, and extensive parking, plausibly medical but without a visible definitive marker.",True,0.91,"Dense urban multi-wing institutional complex occupying most of a city block, with large parking lots and multiple service/entrance areas."
gated_highres,hospital,44,0.5453442931175232,a1117954766_US_20,An aerial image. It shows: Hotel building.,/data/tessera_dataset/image-emb-text/images5/a1117954766_US_20.jpg,-95.52698203915747,29.786461477168736,66,2,0.67,"Low-rise facility with a central landscaped courtyard, covered entrance-like drive, and surrounding parking; plausible clinic or medical building but visually ambiguous.",True,0.7,"Large white-roofed facility with a formal landscaped entry court, looped access drives, and surrounding parking."
gated_highres,hospital,45,0.5453442931175232,n356551783_US_19,An aerial image. It shows: Hospital providing healthcare services.,/data/tessera_dataset/image-emb-text/images7/n356551783_US_19.jpg,-122.36617245999672,47.53443373316091,51,2,0.66,"Several connected institutional-looking buildings, parking lots, and landscaped courtyards suggest a possible medical or care campus, but no distinct hospital feature is visible.",False,0.65,"Small dispersed buildings in a heavily landscaped, tree-covered setting; no clearly visible large hospital-scale complex or diagnostic/service infrastructure."
gated_highres,hospital,46,0.5453442931175232,a583069943_US_19,An aerial image. It shows: Hospital providing healthcare services.,/data/tessera_dataset/image-emb-text/images5/a583069943_US_19.jpg,-95.77654971432564,44.44776241190724,72,2,0.65,"Large interconnected institutional complex with multiple parking lots and service areas, plausibly healthcare-related, but no unambiguous medical features are visible.",True,0.84,"Large connected institutional building complex beside substantial parking, service access, and a construction/expansion area."
gated_highres,hospital,47,0.5453442931175232,a106196617_US_19,An aerial image. It shows: Office building.,/data/tessera_dataset/image-emb-text/images7/a106196617_US_19.jpg,-72.26216044719872,43.67903316587929,80,2,0.64,"Elongated institutional building with a sizable parking lot and several wings, plausibly a clinic or small healthcare facility, but no definitive hospital markers are visible.",False,0.78,"A relatively small, house-like building with a single parking lot, surrounded by trees and open land; it lacks a visible hospital-scale footprint."
gated_highres,hospital,48,0.5453442931175232,a568782730_US_18,An aerial image. It shows: Healthcare facility identified as hospital.,/data/tessera_dataset/image-emb-text/images4/a568782730_US_18.jpg,-96.17023119517124,31.72525540907667,86,2,0.64,"Irregular multi-wing institutional building with several parking areas and landscaped entrances, plausibly a small medical facility but visually ambiguous.",True,0.88,"Large multi-section institutional building with multiple parking areas, entrance drives, and a prominent central facility footprint."
gated_highres,hospital,49,0.5453442931175232,a470720618_US_21,An aerial image. It shows: Healthcare clinic.,/data/tessera_dataset/image-emb-text/images6/a470720618_US_21.jpg,-105.10263677392972,39.98637893336247,93,2,0.64,"Medium-sized institutional building with several wings, a circular drop-off, and surrounding parking, but no unambiguous medical marker is visible.",True,0.81,Large central institutional building with broad parking lots on both sides and a looped vehicle drop-off area.
gated_highres,hospital,50,0.5453442931175232,a1084962536_US_21,An aerial image. It shows: Hospital building.,/data/tessera_dataset/image-emb-text/images4/a1084962536_US_21.jpg,-89.26675610475837,33.53371372573057,55,2,0.63,"Long interconnected institutional buildings, service access, and scattered parking make healthcare plausible, but the site lacks clear hospital-specific visual cues.",False,0.63,Irregular low-rise buildings amid dirt lots and construction-like access paths; no clear visible hospital land-use pattern such as patient parking or entry circulation.
gated_highres,hospital,51,0.5453442931175232,a32945397_US_19,An aerial image. It shows: Healthcare facility identified as hospital.,/data/tessera_dataset/image-emb-text/images7/a32945397_US_19.jpg,-106.30925555,42.84803425,30,2,0.62,"Large connected flat-roof institutional complex with internal courtyards, access roads, and parking, but no unambiguous hospital marker is visible.",True,0.86,"Large connected multi-wing institutional complex with broad service drives, internal courtyards, and extensive paved access areas."
gated_highres,hospital,52,0.5453442931175232,a740292877_US_22,An aerial image. It shows: Hospital building.,/data/tessera_dataset/image-emb-text/images6/a740292877_US_22.jpg,-84.8398199229664,30.708122741002946,38,2,0.62,"Connected low-rise institutional buildings with internal drives and parking in a campus setting; plausibly medical, but no unambiguous hospital feature is visible.",True,0.62,"Multi-building institutional campus with connected structures, a sizable parking area, and formal vehicle approach roads."
gated_highres,hospital,53,0.5453442931175232,n10892312269_US_21,An aerial image. It shows: Hospital providing healthcare services.,/data/tessera_dataset/image-emb-text/images6/n10892312269_US_21.jpg,-71.89887927492902,42.20193571072092,52,2,0.62,"A substantial courtyard-centered institutional building with surrounding parking is compatible with a healthcare facility, though it could serve many other uses.",True,0.72,"Substantial irregular multi-wing building with a dedicated looped driveway, parking rows, and landscaped grounds."
gated_highres,hospital,54,0.5453442931175232,n6110587764_US_18,An aerial image. It shows: Healthcare clinic is depicted in the image.,/data/tessera_dataset/image-emb-text/images4/n6110587764_US_18.jpg,-121.996971,37.3360311,73,2,0.62,Partial view of a large flat-roofed institutional building beside extensive parking and a major entrance road; hospital use is plausible but visually unconfirmed.,True,0.82,"Dense urban institutional complex of large connected buildings, service/loading areas, and adjacent structured parking."
gated_highres,hospital,55,0.5453442931175232,n8457918967_US_21,An aerial image. It shows: Healthcare facility identified as hospital.,/data/tessera_dataset/image-emb-text/images7/n8457918967_US_21.jpg,-78.77293313936389,42.780395037146405,37,2,0.61,"Multi-section institutional or office building with parking around all sides and a formal entrance; could be a clinic or small medical facility, but evidence is weak.",True,0.71,"Large multi-section facility with numerous roof mechanical units, surrounding parking, and a circular vehicle turnaround."
gated_highres,hospital,56,0.5453442931175232,a594786515_US_19,An aerial image. It shows: Healthcare facility identified as hospital.,/data/tessera_dataset/image-emb-text/images4/a594786515_US_19.jpg,-75.72615852236302,40.83359837531551,69,2,0.61,"Substantial multi-wing institutional complex with several parking areas and service access, plausibly healthcare-related but without a visible helipad or medical marking.",True,0.91,"Large medical-campus-like complex with several connected wings, extensive parking, service roads, and a prominent main institutional building."
gated_highres,hospital,57,0.5453442931175232,a448329509_FI_19,An aerial image. It shows: Town hall building.,/data/tessera_dataset/image-emb-text/images3/a448329509_FI_19.jpg,23.69167895,63.5494734,7,2,0.59,"Medium-sized multi-wing institutional building with parking and drop-off access, but no visible medical signage or helipad.",True,0.68,"Large irregular institutional building with multiple wings, a parking lot, and a vehicle entrance/turnaround area."
gated_highres,hospital,58,0.5453442931175232,a165121021_US_21,An aerial image. It shows: Hospital building.,/data/tessera_dataset/image-emb-text/images5/a165121021_US_21.jpg,-87.69212116135822,41.76895123345045,14,2,0.58,"Dense multi-wing institutional complex with service areas and parking, but no clearly visible medical symbol or helipad.",True,0.89,"Very large dense complex of connected institutional buildings, rooftop mechanical infrastructure, loading/service access, and parking."
gated_highres,hospital,59,0.5453442931175232,a692971860_US_19,An aerial image. It shows: Healthcare facility identified as hospital.,/data/tessera_dataset/image-emb-text/images4/a692971860_US_19.jpg,-77.53739209252207,40.055411499829326,47,2,0.58,"Isolated multiwing institutional building with looped vehicle access and multiple parking areas, but no distinct medical marker is visible.",True,0.76,"Large isolated multi-wing campus building with several parking areas, curved access drives, and landscaped grounds."
gated_highres,hospital,60,0.5453442931175232,a363214589_US_19,An aerial image. It shows: Hospital building.,/data/tessera_dataset/image-emb-text/images5/a363214589_US_19.jpg,-122.30890724697932,47.56272541074861,21,2,0.55,"Dense cluster of large, interconnected flat-roof buildings with rooftop mechanical equipment, compatible with a medical complex but without a visible hospital marker.",True,0.83,"Dense cluster of large flat-roofed institutional buildings with rooftop equipment, service alleys, and concentrated parking."
gated_highres,hospital,61,0.5453442931175232,a670614456_US_19,An aerial image. It shows: College building.,/data/tessera_dataset/image-emb-text/images4/a670614456_US_19.jpg,-74.01411483473967,41.51111128026316,46,2,0.55,"Small institutional complex with several connected sections, parking, service vehicles, and curved pedestrian access, plausibly a medical facility.",True,0.78,"Large multi-wing institutional building with a covered entrance/drop-off area, internal drive, and adjacent patient-scale parking."
gated_highres,hospital,62,0.5453442931175232,a557434538_US_21,An aerial image. It shows: Commercial building housing healthcare clinic.,/data/tessera_dataset/image-emb-text/images6/a557434538_US_21.jpg,-91.63626691423856,35.76721828033654,76,2,0.55,"Low-rise institutional complex with parking, service access, and a circular drive feature; could be a small medical facility but remains ambiguous.",True,0.55,"Substantial irregular institutional building with multiple connected roof sections, surrounding parking, and a dedicated circular access drive."
gated_highres,hospital,63,0.5453442931175232,a288387951_US_21,An aerial image. It shows: Hospital building.,/data/tessera_dataset/image-emb-text/images7/a288387951_US_21.jpg,-87.71840723477673,34.51101731103652,88,2,0.55,"Large complex flat-roofed building with extensive rooftop equipment, parking, and a formal entrance, but no unambiguous healthcare cue.",False,0.62,"Large building footprint and parking are visible, but the image mainly shows construction-like roofs and no clearly identifiable hospital-specific entrance or campus layout."
gated_highres,hospital,64,0.5453442931175232,a238358929_US_19,An aerial image. It shows: Healthcare facility identified as hospital.,/data/tessera_dataset/image-emb-text/images6/a238358929_US_19.jpg,-85.89201015,31.04882205,25,2,0.54,"Spread-out institutional campus with several connected wings, parking areas, and access loops, but no distinctive hospital feature is visible.",True,0.72,"Extensive low-rise connected institutional campus with multiple parking areas, internal access roads, landscaped entry loops, and several large facility wings."
gated_highres,hospital,65,0.5453442931175232,n357117853_US_21,An aerial image. It shows: Healthcare facility identified as hospital.,/data/tessera_dataset/image-emb-text/images6/n357117853_US_21.jpg,-78.89865414299949,34.057398900450465,42,2,0.53,"Large flat-roofed institutional building with courtyards, access roads, and parking, but few uniquely medical visual cues.",True,0.51,"Large blocky multi-section building with a recessed central area, service access, and surrounding paved circulation consistent with a medical facility."
gated_highres,hospital,66,0.5453442931175232,a257192871_US_19,An aerial image. It shows: Hospital building.,/data/tessera_dataset/image-emb-text/images6/a257192871_US_19.jpg,-79.89605070582255,40.48905307152236,29,2,0.48,"Partial, blurry view of a large complex with rooftop equipment and adjacent parking; hospital use is plausible but visually unconfirmed.",False,0.58,"Only a cropped, low-detail group of roofs and parking is visible; it does not visibly establish a hospital land use."
gated_highres,hospital,67,0.5453442931175232,a371266492_US_20,An aerial image. It shows: Hospital building.,/data/tessera_dataset/image-emb-text/images5/a371266492_US_20.jpg,-88.06629234891895,44.53339063570445,45,2,0.48,"Partially obscured image shows a sizable complex with several connected structures and a large parking area, but the visible portion is inconclusive.",False,0.7,"Nearly half the image is blank, and the visible area shows large buildings and parking without hospital-specific visible features."
gated_highres,hospital,68,0.5453442931175232,a410969069_US_20,An aerial image. It shows: Government office building.,/data/tessera_dataset/image-emb-text/images7/a410969069_US_20.jpg,-80.24369215336786,35.83226017961485,62,1,0.88,Generic commercial or office buildings surrounded by large parking lots and a divided road; no visible hospital-specific features.,False,0.7,"A single rectangular commercial or office-like building with large surface parking lots is visible, without a hospital-scale multi-wing campus or clinical entrance."
gated_highres,hospital,69,0.5453442931175232,n357959675_US_21,An aerial image. It shows: Healthcare clinic is depicted in the image.,/data/tessera_dataset/image-emb-text/images7/n357959675_US_21.jpg,-105.64228053201506,48.10151629184108,70,1,0.84,"Low-rise institutional building with limited parking in a mostly open setting; no visible hospital-specific symbols, emergency access, or campus features.",False,0.76,"Low-density setting with a long plain industrial or warehouse-like building, sparse parking, and detached small structures."
gated_highres,hospital,70,0.5453442931175232,n357565094_US_19,An aerial image. It shows: Nursing home.,/data/tessera_dataset/image-emb-text/images4/n357565094_US_19.jpg,-114.9623723932987,36.06146790163845,75,1,0.84,Compact multi-wing building with a central radial roof form and little visible parking; no clear hospital indicators.,False,0.72,"Angular campus-style building with landscaped courtyards and a small lot, but no visible hospital-specific layout; it appears more consistent with another institutional use."
gated_highres,hospital,71,0.5453442931175232,a173202753_CH_19,An aerial image. It shows: Gray office building with flat roof.,/data/tessera_dataset/image-emb-text/images3/a173202753_CH_19.jpg,8.71907095,47.34960505,17,1,0.83,Close aerial view of dense urban rooftops and mechanical equipment with no visible medical markings or broader hospital-campus context.,False,0.93,Dense urban rooftop view with adjoining buildings and no visibly identifiable hospital land-use features.
gated_highres,hospital,72,0.5453442931175232,a499908346_US_21,An aerial image. It shows: Hospital providing healthcare services.,/data/tessera_dataset/image-emb-text/images5/a499908346_US_21.jpg,-105.6418477,48.1014426,64,1,0.83,Single low-rise institutional building in a sparse setting with a small parking area; it lacks visible hospital-specific infrastructure or markings.,True,0.62,"Large institutional multi-wing building with a broad entrance-side drive, surrounding lawn, and visitor parking consistent with a hospital facility."
gated_highres,hospital,73,0.5453442931175232,n10218853565_US_19,An aerial image. It shows: Healthcare clinic is depicted in the image.,/data/tessera_dataset/image-emb-text/images5/n10218853565_US_19.jpg,-79.7551495,39.9125576,71,1,0.83,"Small standalone building with surrounding parking; no visible hospital-scale campus, ambulance area, helipad, or medical markings.",False,0.83,Small blue-roofed building in a compact parking lot; no visibly distinctive hospital structure or campus layout.
gated_highres,hospital,74,0.5453442931175232,n7936407308_US_19,An aerial image. It shows: Parking space is available.,/data/tessera_dataset/image-emb-text/images5/n7936407308_US_19.jpg,-97.42566385631048,35.19500668717917,78,1,0.82,Small enclosed rectangular facility with a central yard and limited parking; no visible medical-campus characteristics.,False,0.87,"Rectangular commercial or industrial-looking buildings with parking lots and undeveloped ground, without visible hospital indicators."
gated_highres,hospital,75,0.5453442931175232,a659260940_US_21,An aerial image. It shows: Clinic building offering healthcare services.,/data/tessera_dataset/image-emb-text/images7/a659260940_US_21.jpg,-84.89463333771081,32.41356969834361,87,1,0.8,Isolated pitched-roof institutional building with modest parking and no visible hospital-specific infrastructure.,False,0.78,"Several medium-sized buildings along local roads and lawns, with no clearly visible hospital-scale structure or dedicated medical access."
gated_highres,hospital,76,0.5453442931175232,a684813511_US_21,An aerial image. It shows: Clinic building providing healthcare services.,/data/tessera_dataset/image-emb-text/images7/a684813511_US_21.jpg,-79.00569324681237,33.676237155913924,61,1,0.79,"A small institutional-looking rectangular building with parking and drive access, but no visible medical signage, helipad, ambulance area, or clear hospital-scale campus.",True,0.58,"Large elongated institutional building with extensive paved access, marked parking, and a prominent entrance-side circulation area."
gated_highres,hospital,77,0.5453442931175232,a186080476_US_19,An aerial image. It shows: Office building.,/data/tessera_dataset/image-emb-text/images5/a186080476_US_19.jpg,-80.09397936810984,40.67756462817383,74,1,0.79,Single rectangular building surrounded by very large parking lots; appearance is more consistent with a generic office or commercial facility than a visible hospital.,False,0.76,Single long building surrounded by large parking fields near a major road; the visible layout is not distinctly hospital-specific.
gated_highres,hospital,78,0.5453442931175232,a66291719_US_20,An aerial image. It shows: Hospital building.,/data/tessera_dataset/image-emb-text/images6/a66291719_US_20.jpg,-90.45772965583808,42.71938073673361,18,1,0.78,"Partial large building, construction area, and parking lot; visible evidence is generic and lacks medical identifiers.",True,0.6,"Very large multi-section institutional complex with substantial organized parking and active site work, consistent with a hospital campus."
gated_highres,hospital,79,0.5453442931175232,n10980091801_US_21,An aerial image. It shows: Parking space is available.,/data/tessera_dataset/image-emb-text/images6/n10980091801_US_21.jpg,-81.09504037411463,32.03498059506035,89,1,0.78,Small pitched-roof building with surrounding parking; scale and layout do not strongly suggest a hospital.,False,0.89,Tree-covered residential-looking area with a small dark-roofed building and limited parking; no visible hospital land-use.
gated_highres,hospital,80,0.5453442931175232,a211838413_US_21,An aerial image. It shows: Hospital building.,/data/tessera_dataset/image-emb-text/images4/a211838413_US_21.jpg,-72.20991077709226,42.58598368319007,15,1,0.76,Medium-sized building beside parking lots and woodland; no visible medical markings or distinctive hospital-scale campus features.,False,0.7,"Low-rise complex with parking and rooftop mechanical equipment, but no clearly visible hospital-specific building form or campus features."
gated_highres,hospital,81,0.5453442931175232,a298830540_US_21,An aerial image. It shows: Hospital providing healthcare services.,/data/tessera_dataset/image-emb-text/images5/a298830540_US_21.jpg,-111.7944273834618,33.58543577082409,26,1,0.76,"Large angular building beside a landscaped circular plaza and parking; the visible layout looks more like a civic, cultural, or recreational facility than a hospital.",True,0.68,"Large multi-wing institutional building with extensive dedicated parking, internal access roads, and a prominent circular entry/plaza area."
gated_highres,hospital,82,0.5453442931175232,a340171236_US_20,An aerial image. It shows: Ambulance station building.,/data/tessera_dataset/image-emb-text/images3/a340171236_US_20.jpg,-80.23488300101315,36.10101307182373,32,1,0.76,"Small isolated low-rise building with limited parking and no visible hospital-scale wings, emergency access, or other distinctive medical features.",False,0.84,"Small low-rise buildings beside a road and grass; no visibly distinctive hospital-scale building, emergency access, or medical campus layout."
gated_highres,hospital,83,0.5453442931175232,a50018843_US_21,An aerial image. It shows: Police building.,/data/tessera_dataset/image-emb-text/images6/a50018843_US_21.jpg,-75.80231487988473,44.04389250964654,57,1,0.76,"Small cross-shaped institutional building with a busy parking lot, but its scale and layout are more suggestive of an office, church, or small care facility than a hospital.",False,0.7,A single modest institutional-looking building with a parking lot in a wooded setting; its visible form does not clearly identify hospital land use.
gated_highres,hospital,84,0.5453442931175232,n7170556792_US_20,An aerial image. It shows: Healthcare clinic.,/data/tessera_dataset/image-emb-text/images5/n7170556792_US_20.jpg,-80.9477459,35.3243471,85,1,0.76,Small low-rise building group beside a divided road and mostly empty parking lots; no clear medical or hospital features.,False,0.73,Compact low-rise building complex along a major road with ordinary parking; no clear hospital-specific visual features are visible.
gated_highres,hospital,85,0.5453442931175232,n6378797950_US_21,An aerial image. It shows: Veterinary facility.,/data/tessera_dataset/image-emb-text/images6/n6378797950_US_21.jpg,-94.72180976966504,38.92652225796817,97,1,0.75,Small commercial or light-industrial-looking building cluster with loading or parking areas; no clear hospital features are visible.,False,0.85,Low-rise commercial or light-industrial buildings with loading/service areas and surface parking.
gated_highres,hospital,86,0.5453442931175232,a933559196_US_20,An aerial image. It shows: Hospital building.,/data/tessera_dataset/image-emb-text/images4/a933559196_US_20.jpg,-121.29303850398772,38.576507690222016,58,1,0.72,Modern white-roofed institutional or commercial buildings with limited parking and adjacent open or industrial land; no visible hospital-specific features.,True,0.73,"Large multi-section institutional complex with a substantial main building, structured entry drives, landscaped grounds, and clustered support buildings."
gated_highres,hospital,87,0.5453442931175232,a400190452_FI_21,An aerial image. It shows: Hospital building.,/data/tessera_dataset/image-emb-text/images4/a400190452_FI_21.jpg,24.63662473862697,62.00753474903098,82,1,0.72,Small cluster of flat-roofed buildings and parking; no visible hospital-specific features.,False,0.8,"Several small rectilinear buildings with rooftop equipment and red-roofed structures, resembling a general institutional or school-like complex rather than a hospital."
gated_highres,hospital,88,0.5453442931175232,n8481437022_US_21,An aerial image. It shows: Parking space.,/data/tessera_dataset/image-emb-text/images6/n8481437022_US_21.jpg,-112.27905515125865,33.5975243764253,92,1,0.72,"Small low-rise building with parking and landscaped grounds; no visible medical signage, helipad, ambulance area, or distinctive hospital-scale features.",False,0.78,Dense urban block of narrow attached buildings and streetside parking; no visible hospital campus or large clinical facility.
gated_highres,hospital,89,0.5453442931175232,a298344123_US_21,An aerial image. It shows: Hospital building.,/data/tessera_dataset/image-emb-text/images5/a298344123_US_21.jpg,-72.48936370046133,41.802670278637535,27,1,0.71,"Small irregular building complex with limited parking and no visible medical symbols, major entrance, or hospital-scale infrastructure.",False,0.88,"Cross-shaped building footprint with a small adjacent lot and surrounding vegetation, visually more consistent with a church or small civic building."
gated_highres,hospital,90,0.5453442931175232,a831330583_US_21,An aerial image. It shows: Hospital building.,/data/tessera_dataset/image-emb-text/images4/a831330583_US_21.jpg,-82.68575926495444,28.361775418613774,40,1,0.71,"Several separate office-like buildings with large surface parking lots; healthcare offices are possible, but no visible evidence identifies a hospital.",True,0.61,"Large multi-building institutional site with extensive parking, internal circulation, and a prominent multi-story central structure."
gated_highres,hospital,91,0.5453442931175232,a933923416_US_21,An aerial image. It shows: University building.,/data/tessera_dataset/image-emb-text/images5/a933923416_US_21.jpg,-91.19384895552008,30.52166669759757,95,1,0.7,"Partial view of generic flat-roof buildings beside trees, lawns, and roads; the visible area lacks clear hospital indicators.",False,0.94,"Small detached buildings, trees, lawns, and a local street are visible; no hospital-scale facility or medical campus is apparent."
gated_highres,hospital,92,0.5453442931175232,a307169575_US_21,An aerial image. It shows: Hospital building.,/data/tessera_dataset/image-emb-text/images3/a307169575_US_21.jpg,-82.73971159999999,27.75274615,3,1,0.68,Only a cropped section of a large flat-roofed building is visible; no clear medical marker or broader campus context.,False,0.76,"Dense flat-roofed urban buildings are visible, but the crop provides no distinguishable hospital land-use features."
gated_highres,hospital,93,0.5453442931175232,a1010077321_US_19,An aerial image. It shows: Elementary school.,/data/tessera_dataset/image-emb-text/images2/a1010077321_US_19.jpg,-122.44309205796668,48.7679189993939,28,1,0.68,Isolated medium-sized institutional building with a small parking lot and no visible medical or emergency-related features.,False,0.68,"A single large institutional-looking building with a parking lot and landscaped grounds is visible, but no unambiguous hospital-specific structures or campus scale are visible."
gated_highres,hospital,94,0.5453442931175232,a681778962_US_21,An aerial image. It shows: Hospital building.,/data/tessera_dataset/image-emb-text/images2/a681778962_US_21.jpg,-103.64286196980042,40.25428883492229,34,1,0.66,"Cluster of low-rise rectangular buildings around landscaped courtyards, but no clear hospital entrance, emergency facilities, or large medical complex is visible.",False,0.79,A compact group of low-rise buildings along a major road is visible; it does not visibly establish hospital land use.
gated_highres,hospital,95,0.5453442931175232,a650738211_US_21,An aerial image. It shows: Hospital building.,/data/tessera_dataset/image-emb-text/images3/a650738211_US_21.jpg,-77.6242642059302,43.12270385993574,43,1,0.36,Only a partial view of dense flat-roofed urban buildings is visible; no clear hospital-specific feature can be identified.,False,0.75,"Several tightly packed flat-roofed city buildings are visible, but the image does not show clear hospital-specific land use."
gated_highres,hospital,96,0.5453442931175232,a1037169720_US_18,An aerial image. It shows: Clinic building.,/data/tessera_dataset/image-emb-text/images7/a1037169720_US_18.jpg,-77.41287805,35.61931615,100,0,0.94,"Only a small isolated rooftop is visible, with no surrounding context or discernible medical features.",False,0.96,Only a cropped flat rooftop and surrounding pavement are visible; there is insufficient visible evidence of a hospital.
gated_highres,hospital,97,0.5453442931175232,a884003586_US_21,An aerial image. It shows: Paved parking area.,/data/tessera_dataset/image-emb-text/images7/a884003586_US_21.jpg,-72.41122317051287,41.8696133707589,68,0,0.91,"Small isolated building in a wooded, landscaped setting with limited parking; no visible characteristics suggesting a hospital.",False,0.97,"A large detached residential-style building, trees, driveway, and nearby road are visible; no hospital facility is apparent."
gated_highres,hospital,98,0.5453442931175232,a613170479_US_21,An aerial image. It shows: Commercial building.,/data/tessera_dataset/image-emb-text/images4/a613170479_US_21.jpg,-111.88968505792812,40.72812937114237,83,0,0.88,Large boxy flat-roofed commercial or industrial-looking building with loading/service areas and no healthcare cues.,False,0.93,"Large rectangular warehouse-like roofs, service areas, and industrial-style pavement are visible rather than a hospital campus."
gated_highres,hospital,99,0.5453442931175232,n7936407307_US_19,An aerial image. It shows: Parking space is available.,/data/tessera_dataset/image-emb-text/images4/n7936407307_US_19.jpg,-97.42598021525257,35.19511966954669,35,0,0.86,Small rectangular commercial or office-like building enclosing a parking area; no visible hospital characteristics.,False,0.91,A walled rectangular compound with a long building and parking is visible; it does not visibly resemble hospital land use.
gated_highres,hospital,100,0.5453442931175232,a491501094_US_17,An aerial image. It shows: Healthcare facility identified as hospital.,/data/tessera_dataset/image-emb-text/images6/a491501094_US_17.jpg,-81.08889228273273,32.029795549409485,39,0,0.8,"Very large sprawling flat-roof complex with repetitive roof spans and broad parking/service areas, visually more consistent with an industrial or retail facility than a hospital.",True,0.86,"A very large multi-building institutional complex with extensive parking, internal access roads, and connected large-format structures is visibly present, consistent with a hospital campus."
