system,query,rank,gate_global_weight,sample_id,source_title,image_path,center_lon,center_lat,relevant,confidence,visible_evidence
gated_highres,river,1,0.5627003908157349,w250869652_US_21,An aerial image. It shows: Beautiful river scene.,/data/tessera_dataset/image-emb-text/images5/w250869652_US_21.jpg,-93.45685892162119,33.9613155580828,True,0.98,Dark water channel visibly winding through dense forest.
gated_highres,river,2,0.5627003908157349,a128476058_CH_19,An aerial image. It shows: Pond surrounded by natural water.,/data/tessera_dataset/image-emb-text/images3/a128476058_CH_19.jpg,8.794590656595751,47.351534029291216,True,0.87,A broad dark watercourse is visibly present between vegetated banks.
gated_highres,river,3,0.5627003908157349,a101086696_US_20,An aerial image. It shows: River flowing through the landscape.,/data/tessera_dataset/image-emb-text/images7/a101086696_US_20.jpg,-99.323660531089,48.603588735379844,True,0.99,Clearly visible meandering stream crossing green wetlands.
gated_highres,river,4,0.5627003908157349,w32926481_US_18,An aerial image. It shows: Beautiful river scene.,/data/tessera_dataset/image-emb-text/images6/w32926481_US_18.jpg,-69.93605093128672,43.95646661194178,True,0.97,Narrow dark river or stream visibly runs through the forest.
gated_highres,river,5,0.5627003908157349,w27517711_FI_21,An aerial image. It shows: Beautiful river scene.,/data/tessera_dataset/image-emb-text/images6/w27517711_FI_21.jpg,22.944004771385558,60.94516244984435,True,0.98,Broad brown river is clearly visible with tree-lined banks and nearby buildings.
gated_highres,river,6,0.5627003908157349,a23897709_FI_21,An aerial image. It shows: Pond with natural water.,/data/tessera_dataset/image-emb-text/images7/a23897709_FI_21.jpg,25.756804609367073,61.21878396214824,True,0.83,Large dark watercourse is visibly bounded by irregular vegetated banks.
gated_highres,river,7,0.5627003908157349,w315932392_US_21,An aerial image. It shows: Path on bridge.,/data/tessera_dataset/image-emb-text/images5/w315932392_US_21.jpg,-69.85200780484736,44.951603304842266,True,0.96,Clearly visible winding stream runs through wooded terrain.
gated_highres,river,8,0.5627003908157349,a164656394_US_20,An aerial image. It shows: River flowing through natural water landscape.,/data/tessera_dataset/image-emb-text/images6/a164656394_US_20.jpg,-93.90934436796705,29.97107282413054,True,0.99,Highly visible sinuous stream crosses open marshland.
gated_highres,river,9,0.5627003908157349,w714131384_US_21,An aerial image. It shows: Canal.,/data/tessera_dataset/image-emb-text/images7/w714131384_US_21.jpg,-119.30553695792723,46.26262505633676,False,0.96,"The dark winding strip has uniform paved texture and adjacent road infrastructure, indicating a road rather than a river."
gated_highres,river,10,0.5627003908157349,a59940460_US_17,An aerial image. It shows: River flowing through natural landscape.,/data/tessera_dataset/image-emb-text/images6/a59940460_US_17.jpg,-92.35228993601366,45.45232376165724,True,0.99,A clearly visible river meanders through fields and forest.
gated_highres,river,11,0.5627003908157349,w1133599265_US_21,An aerial image. It shows: Canal.,/data/tessera_dataset/image-emb-text/images5/w1133599265_US_21.jpg,-116.53034467706257,43.53052175019188,True,0.84,"A broad, curving dark-water channel is clearly visible."
gated_highres,river,12,0.5627003908157349,a71852314_US_19,An aerial image. It shows: River flowing through natural landscape.,/data/tessera_dataset/image-emb-text/images4/a71852314_US_19.jpg,-89.51173336752058,48.0579183650556,True,0.99,A prominent muddy river runs through the forested landscape.
gated_highres,river,13,0.5627003908157349,a305798290_US_17,An aerial image. It shows: Canal with water flowing through it.,/data/tessera_dataset/image-emb-text/images6/a305798290_US_17.jpg,-122.36381354056137,48.326929106270256,True,0.99,A wide blue-green river is clearly visible crossing the image.
gated_highres,river,14,0.5627003908157349,w326694126_CH_20,An aerial image. It shows: Canal.,/data/tessera_dataset/image-emb-text/images3/w326694126_CH_20.jpg,7.370816042082117,46.22831127496378,True,0.91,A narrow dark-water channel visibly runs through the vegetation.
gated_highres,river,15,0.5627003908157349,w839175951_US_19,An aerial image. It shows: Canal.,/data/tessera_dataset/image-emb-text/images2/w839175951_US_19.jpg,-108.58403519974344,43.31747643657585,True,0.86,A narrow linear waterway is clearly visible between the banks.
gated_highres,river,16,0.5627003908157349,w800890863_US_20,An aerial image. It shows: Beautiful river scene.,/data/tessera_dataset/image-emb-text/images6/w800890863_US_20.jpg,-121.12242835701034,37.72417412819398,True,0.98,A flowing river with visible whitewater or rapids runs through the trees.
gated_highres,river,17,0.5627003908157349,a296511817_US_20,An aerial image. It shows: Detention basin with water.,/data/tessera_dataset/image-emb-text/images3/a296511817_US_20.jpg,-95.13171459838404,29.651855346257193,True,0.93,A broad waterway surrounds a vegetated island or riverbank area.
gated_highres,river,18,0.5627003908157349,a925313663_US_18,An aerial image. It shows: River flowing through natural landscape.,/data/tessera_dataset/image-emb-text/images5/a925313663_US_18.jpg,-119.02312445,36.408578399999996,True,0.94,A narrow winding river or stream is clearly visible through the landscape.
gated_highres,river,19,0.5627003908157349,a488974063_US_20,An aerial image. It shows: Pond with natural water.,/data/tessera_dataset/image-emb-text/images7/a488974063_US_20.jpg,-85.8186631800701,43.637593976888,False,0.94,"The image shows a compact enclosed water body resembling a pond or lake, with no visible river channel."
gated_highres,river,20,0.5627003908157349,a253047508_FI_19,An aerial image. It shows: Pond with natural water.,/data/tessera_dataset/image-emb-text/images2/a253047508_FI_19.jpg,26.92757260647177,62.59010814692536,False,0.91,"The image shows a broad enclosed lake or pond surrounded by trees, without a visible river channel."
gated_highres,river,21,0.5627003908157349,a222359060_US_21,An aerial image. It shows: Lake with natural water.,/data/tessera_dataset/image-emb-text/images7/a222359060_US_21.jpg,-82.58521275,28.10223095,False,0.93,"Dark, enclosed water body with no visible elongated or flowing channel characteristic of a river."
gated_highres,river,22,0.5627003908157349,n6157926136_US_18,An aerial image. It shows: Bridge supported by pillars.,/data/tessera_dataset/image-emb-text/images3/n6157926136_US_18.jpg,-79.59237019744054,36.05701233351071,True,0.91,"A narrow, continuous water channel visibly runs horizontally through the wooded landscape."
gated_highres,river,23,0.5627003908157349,w591279569_US_20,An aerial image. It shows: Beautiful view of river.,/data/tessera_dataset/image-emb-text/images6/w591279569_US_20.jpg,-91.72765386929431,45.01232319196328,True,0.98,"A broad, winding water channel is clearly visible between wooded banks."
gated_highres,river,24,0.5627003908157349,a128476060_CH_19,An aerial image. It shows: Serene pond surrounded by nature.,/data/tessera_dataset/image-emb-text/images3/a128476060_CH_19.jpg,8.795430171704776,47.352213624682236,True,0.95,A narrow elongated stream or river channel is clearly visible through the surrounding terrain.
gated_highres,river,25,0.5627003908157349,w50714411_US_21,An aerial image. It shows: Beautiful river scene.,/data/tessera_dataset/image-emb-text/images7/w50714411_US_21.jpg,-93.5066627,41.5628408,True,0.86,A broad waterway is visibly present along the sandy shoreline at the right side of the image.
gated_highres,river,26,0.5627003908157349,w1159748225_US_21,An aerial image. It shows: Culvert tunnel.,/data/tessera_dataset/image-emb-text/images6/w1159748225_US_21.jpg,-93.3522882936773,42.06858776206122,False,0.99,"The central linear feature is a paved road, with no visible river or water channel."
gated_highres,river,27,0.5627003908157349,a383796341_US_20,An aerial image. It shows: Pond surrounded by natural water.,/data/tessera_dataset/image-emb-text/images7/a383796341_US_20.jpg,-84.48042670000001,44.22992745,False,0.96,"Dark water forms an enclosed, roughly oval pond or lake surrounded by trees."
gated_highres,river,28,0.5627003908157349,w822638586_US_19,An aerial image. It shows: Cycleway with embankment.,/data/tessera_dataset/image-emb-text/images5/w822638586_US_19.jpg,-74.57134148607805,40.47126405999599,True,0.94,"A narrow, elongated water channel runs vertically through the wooded and cultivated landscape."
gated_highres,river,29,0.5627003908157349,w662216410_US_21,An aerial image. It shows: Weir along the waterway.,/data/tessera_dataset/image-emb-text/images4/w662216410_US_21.jpg,-76.34362911642103,36.74319271277752,True,0.99,A broad winding river is clearly visible between vegetated and developed banks.
gated_highres,river,30,0.5627003908157349,w1073636415_US_19,An aerial image. It shows: Trail path.,/data/tessera_dataset/image-emb-text/images7/w1073636415_US_19.jpg,-110.40372326019474,43.63823355534872,True,0.98,A visibly meandering narrow stream or river crosses the open landscape.
gated_highres,river,31,0.5627003908157349,a685334225_US_21,An aerial image. It shows: Pond surrounded by natural water.,/data/tessera_dataset/image-emb-text/images7/a685334225_US_21.jpg,-81.82427025612253,35.03243666099302,False,0.96,"A small enclosed pond is visible among trees, with no clearly identifiable river channel."
gated_highres,river,32,0.5627003908157349,w257075052_US_22,An aerial image. It shows: Canal.,/data/tessera_dataset/image-emb-text/images6/w257075052_US_22.jpg,-80.2188129,26.762894,False,0.9,"The image shows residential properties and a narrow straight dark feature that appears to be a drainage ditch or road, not a clearly visible river."
gated_highres,river,33,0.5627003908157349,w1020013265_US_21,An aerial image. It shows: Weir along the waterway.,/data/tessera_dataset/image-emb-text/images5/w1020013265_US_21.jpg,-72.79244025325691,43.292850311932796,True,0.98,A broad dark river channel visibly runs across the upper portion of the image beside houses and open land.
gated_highres,river,34,0.5627003908157349,a997267429_US_21,An aerial image. It shows: Reservoir of water.,/data/tessera_dataset/image-emb-text/images6/a997267429_US_21.jpg,-98.7326996131786,35.04010743929814,False,0.98,A large enclosed muddy pond or lake fills most of the image; there is no visible flowing river channel.
gated_highres,river,35,0.5627003908157349,w295876738_US_21,An aerial image. It shows: Abandoned railway bridge.,/data/tessera_dataset/image-emb-text/images5/w295876738_US_21.jpg,-93.13634843692898,42.75435625186765,True,0.99,"A clearly visible narrow, winding river or stream meanders through the grassland."
gated_highres,river,36,0.5627003908157349,a464070632_US_18,An aerial image. It shows: Park in forested area.,/data/tessera_dataset/image-emb-text/images2/a464070632_US_18.jpg,-90.21467276185615,44.66800583692917,True,0.9,"An elongated dark water channel is visibly present through the wooded area, consistent with a narrow river or stream."
gated_highres,river,37,0.5627003908157349,a40321120_US_17,An aerial image. It shows: Marsh wetland.,/data/tessera_dataset/image-emb-text/images2/a40321120_US_17.jpg,-75.08683015,39.821848349999996,True,0.99,A prominent winding river with multiple channels and vegetated islands is clearly visible.
gated_highres,river,38,0.5627003908157349,n9874192085_CH_19,An aerial image. It shows: Weir along the waterway.,/data/tessera_dataset/image-emb-text/images7/n9874192085_CH_19.jpg,9.528596389122487,46.332943818078405,True,0.82,"Visible flowing water passes through a narrow channel or structure, showing a small river or stream segment."
gated_highres,river,39,0.5627003908157349,w513176628_US_21,An aerial image. It shows: Residential road with bridge.,/data/tessera_dataset/image-emb-text/images6/w513176628_US_21.jpg,-107.40538,37.0759462,True,0.98,A broad dark river channel runs vertically through the image and is crossed by a road or bridge.
gated_highres,river,40,0.5627003908157349,n9197842709_US_19,An aerial image. It shows: Sluice gate on the waterway.,/data/tessera_dataset/image-emb-text/images6/n9197842709_US_19.jpg,-118.51287444354769,40.022977965962895,True,0.9,"Several narrow winding water channels are visibly present across the landscape, consistent with a river or river branches."
gated_highres,river,41,0.5627003908157349,a24268784_FI_19,An aerial image. It shows: Pond with natural water.,/data/tessera_dataset/image-emb-text/images2/a24268784_FI_19.jpg,27.618800065421794,62.41487453512728,False,0.93,"Elongated dark water body surrounded by dense forest, appearing lake-like with no visibly discernible river channel or flow."
gated_highres,river,42,0.5627003908157349,w99595758_US_21,An aerial image. It shows: Scene featuring rapids in waterway.,/data/tessera_dataset/image-emb-text/images2/w99595758_US_21.jpg,-69.99692323188955,46.69943018025366,True,0.86,"Narrow dark watercourse winding between wooded banks, with visible lighter patches consistent with rapids or exposed rocks."
gated_highres,river,43,0.5627003908157349,w433173964_US_18,An aerial image. It shows: Path on bridge designed for nordic skiing.,/data/tessera_dataset/image-emb-text/images4/w433173964_US_18.jpg,-120.28721403400785,39.36861106221606,True,0.98,Clearly visible narrow meandering stream crossing the grassland.
gated_highres,river,44,0.5627003908157349,a553364310_US_21,An aerial image. It shows: Natural pond serving as water hazard on golf course.,/data/tessera_dataset/image-emb-text/images6/a553364310_US_21.jpg,-111.56152705,33.244130049999995,False,0.94,"Large bounded, pond-like water basin with a uniform shoreline and no visible flowing channel."
gated_highres,river,45,0.5627003908157349,a793010886_US_20,An aerial image. It shows: Scenic view of water hazard on golf course. The natural water feature adds beauty to the landscape.,/data/tessera_dataset/image-emb-text/images6/a793010886_US_20.jpg,-83.04066580423188,42.82983577101763,False,0.86,"Long vegetated drainage depression or ditch is visible, but no clear river water channel is present."
gated_highres,river,46,0.5627003908157349,w423969611_US_21,An aerial image. It shows: Unclassified road with bridge.,/data/tessera_dataset/image-emb-text/images4/w423969611_US_21.jpg,-102.76778126806687,38.0940535954569,True,0.96,Broad continuous water channel runs diagonally through the image beside a road and wooded banks.
gated_highres,river,47,0.5627003908157349,a1086570907_US_21,An aerial image. It shows: Serene pond surrounded by nature.,/data/tessera_dataset/image-emb-text/images3/a1086570907_US_21.jpg,-86.57582337084835,32.807226272503605,False,0.97,"Small isolated pond is visible in the upper-right area, with no connecting river channel."
gated_highres,river,48,0.5627003908157349,a186249161_US_19,"An aerial image. It shows: Water reservoir in golf course, serving as water hazard.",/data/tessera_dataset/image-emb-text/images6/a186249161_US_19.jpg,-80.00569807011115,40.67959833535525,True,0.98,Broad continuous dark watercourse with irregular banks is clearly visible through the wooded landscape.
gated_highres,river,49,0.5627003908157349,w54141290_US_20,An aerial image. It shows: Beautiful river scene.,/data/tessera_dataset/image-emb-text/images5/w54141290_US_20.jpg,-91.45641251215146,44.29210176924337,True,0.99,"Wide brown winding river channel is clearly visible, with a vegetated island or peninsula inside the bend."
gated_highres,river,50,0.5627003908157349,w398065210_US_21,"An aerial image. It shows: Bridge over abandoned railway. The road is cycleway, and the abandoned railway has been converted into rail-trail.",/data/tessera_dataset/image-emb-text/images6/w398065210_US_21.jpg,-120.5193989746844,46.9987707334805,True,0.95,Narrow flowing water channel is visibly present along the lower portion of the image beside industrial buildings and a road.
gated_highres,river,51,0.5627003908157349,w28377843_US_21,An aerial image. It shows: Beautiful river scene.,/data/tessera_dataset/image-emb-text/images5/w28377843_US_21.jpg,-80.99401328150161,41.752461520602864,True,0.99,A distinct dark-water river channel is visibly winding through dense vegetation.
gated_highres,river,52,0.5627003908157349,a1081892642_US_20,"An aerial image. It shows: Lateral water hazard on golf course, with natural water.",/data/tessera_dataset/image-emb-text/images5/a1081892642_US_20.jpg,-78.5104869691404,33.92474660184851,False,0.83,"The image shows a large pond or lake-like water body beside a golf course, without a visibly river-like channel."
gated_highres,river,53,0.5627003908157349,w8839023_US_18,An aerial image. It shows: Abandoned railway.,/data/tessera_dataset/image-emb-text/images2/w8839023_US_18.jpg,-72.1941032,42.1143047,True,0.9,A narrow winding stream is clearly visible crossing the vegetated landscape.
gated_highres,river,54,0.5627003908157349,w706300286_US_21,An aerial image. It shows: Canal.,/data/tessera_dataset/image-emb-text/images4/w706300286_US_21.jpg,-119.3731245,46.2079944,True,0.9,"A prominent curving linear water channel is visibly present, consistent with an engineered river or canal."
gated_highres,river,55,0.5627003908157349,w1067964780_US_18,An aerial image. It shows: Tertiary road passing over bridge.,/data/tessera_dataset/image-emb-text/images4/w1067964780_US_18.jpg,-88.48978278813337,43.50180283820647,True,0.88,A broad dark-water channel visibly crosses beneath a road through agricultural land.
gated_highres,river,56,0.5627003908157349,w421861967_US_19,An aerial image. It shows: Abandoned railway running parallel to service road with asphalt surface.,/data/tessera_dataset/image-emb-text/images7/w421861967_US_19.jpg,-75.75903461809932,40.88433481541695,True,0.94,A narrow meandering stream is clearly visible through the wooded area.
gated_highres,river,57,0.5627003908157349,a1167261253_US_17,An aerial image. It shows: Beautiful woodland area.,/data/tessera_dataset/image-emb-text/images6/a1167261253_US_17.jpg,-82.6330099069508,29.407674795994033,True,0.72,"A branching, sinuous riverbed or stream channel is visibly present, although much of it appears shallow or dry."
gated_highres,river,58,0.5627003908157349,a963432433_US_18,An aerial image. It shows: Pond surrounded by natural water.,/data/tessera_dataset/image-emb-text/images5/a963432433_US_18.jpg,-79.18147955334425,36.130523179429076,True,0.99,A clearly defined winding river channel is visible through the forest.
gated_highres,river,59,0.5627003908157349,a81395906_CH_20,An aerial image. It shows: Serene pond surrounded by nature.,/data/tessera_dataset/image-emb-text/images6/a81395906_CH_20.jpg,7.1894439439957,47.44316943724716,False,0.95,"The image is dominated by a broad uniform lake or reservoir surface, with no visible river channel."
gated_highres,river,60,0.5627003908157349,a1113077190_US_21,"An aerial image. It shows: Water hazard in golf course, with natural water features.",/data/tessera_dataset/image-emb-text/images4/a1113077190_US_21.jpg,-86.72394921999546,35.82425788203461,True,0.8,A narrow dark stream or river channel is visibly running through the grassy area.
gated_highres,river,61,0.5627003908157349,w966273203_FI_17,An aerial image. It shows: Path leading to bridge.,/data/tessera_dataset/image-emb-text/images6/w966273203_FI_17.jpg,25.184113746325778,64.8396309148038,False,0.99,"The image shows a paved path through vegetation, with no visible river or stream."
gated_highres,river,62,0.5627003908157349,w151626974_US_20,An aerial image. It shows: There is bridge in the image.,/data/tessera_dataset/image-emb-text/images7/w151626974_US_20.jpg,-99.09849722071648,42.85659340323016,True,0.88,"A broad muddy water channel is visibly present along the lower portion of the image, with a vegetated bank and apparent channel crossing."
gated_highres,river,63,0.5627003908157349,a914030762_US_21,An aerial image. It shows: Scenic view of water hazard on golf course. The natural water feature adds beauty to the landscape.,/data/tessera_dataset/image-emb-text/images4/a914030762_US_21.jpg,-75.88366065,44.0483836,True,0.98,"A narrow, dark watercourse visibly runs through the vegetation and joins a wider channel near the top."
gated_highres,river,64,0.5627003908157349,w24562680_US_18,An aerial image. It shows: Path crossing bridge with blue marked trail.,/data/tessera_dataset/image-emb-text/images2/w24562680_US_18.jpg,-88.1857907,43.5770053,False,0.74,The dark water visible among the vegetation appears to be an isolated pond or water patch rather than a clearly defined river channel.
gated_highres,river,65,0.5627003908157349,w119449651_US_19,An aerial image. It shows: Abandoned railway bridge.,/data/tessera_dataset/image-emb-text/images4/w119449651_US_19.jpg,-74.29544070687302,44.86157482454219,True,0.91,A narrow dark water channel visibly runs through the wooded area beside the road.
gated_highres,river,66,0.5627003908157349,a147174823_CH_20,An aerial image. It shows: Serene pond surrounded by nature.,/data/tessera_dataset/image-emb-text/images6/a147174823_CH_20.jpg,7.1811114499999995,47.45682805,True,0.82,"An elongated muddy water body with continuous banks is clearly visible, consistent with a river or broad stream segment."
gated_highres,river,67,0.5627003908157349,w599462431_CH_20,An aerial image. It shows: Drain waterway.,/data/tessera_dataset/image-emb-text/images3/w599462431_CH_20.jpg,6.9411546164861315,46.3148304328574,True,0.98,"A distinct narrow dark stream channel is visibly present, crossed by a small structure or culvert."
gated_highres,river,68,0.5627003908157349,w1056339231_US_21,An aerial image. It shows: Culvert tunnel.,/data/tessera_dataset/image-emb-text/images7/w1056339231_US_21.jpg,-82.43808137848956,34.41554987658034,False,0.86,"The visible dark water area appears to be a pond beside a road and fields, without a clearly continuous river channel."
gated_highres,river,69,0.5627003908157349,w782443240_US_21,An aerial image. It shows: Aqueduct bridge over canal.,/data/tessera_dataset/image-emb-text/images6/w782443240_US_21.jpg,-116.36082976450699,43.70062801786237,True,0.95,"A dark, narrow watercourse visibly extends horizontally through the wooded landscape."
gated_highres,river,70,0.5627003908157349,a571828790_US_21,An aerial image. It shows: Reservoir.,/data/tessera_dataset/image-emb-text/images5/a571828790_US_21.jpg,-105.88273602521966,46.05301741911603,False,0.96,"The image shows a large isolated muddy pond or lake-like basin, with no clearly visible river channel."
gated_highres,river,71,0.5627003908157349,w1087956683_US_21,An aerial image. It shows: Culvert tunnel.,/data/tessera_dataset/image-emb-text/images5/w1087956683_US_21.jpg,-86.13213129801744,36.39098412316861,True,0.84,A narrow winding watercourse is visibly present through the fields and trees.
gated_highres,river,72,0.5627003908157349,w862125747_US_20,An aerial image. It shows: Service road that includes bridge.,/data/tessera_dataset/image-emb-text/images4/w862125747_US_20.jpg,-84.40745896446674,38.17646083969034,True,0.88,A narrow stream is clearly visible winding through the agricultural landscape.
gated_highres,river,73,0.5627003908157349,w32651048_CH_20,An aerial image. It shows: Path on bridge.,/data/tessera_dataset/image-emb-text/images6/w32651048_CH_20.jpg,6.5441587,46.5115269,False,0.99,The image shows dense vegetation and trees with no visible river or stream.
gated_highres,river,74,0.5627003908157349,w943552027_CH_21,An aerial image. It shows: Culvert tunnel.,/data/tessera_dataset/image-emb-text/images5/w943552027_CH_21.jpg,7.5771355,47.3499059,False,0.99,The image shows dark forested vegetation and no visible river or stream.
gated_highres,river,75,0.5627003908157349,w51398794_US_21,An aerial image. It shows: Residential road with bridge.,/data/tessera_dataset/image-emb-text/images7/w51398794_US_21.jpg,-97.9878173618755,37.868452065080724,False,0.83,The prominent linear feature is a road or dirt track; no clearly visible river is present.
gated_highres,river,76,0.5627003908157349,w172368873_US_21,An aerial image. It shows: Beautiful river scene.,/data/tessera_dataset/image-emb-text/images6/w172368873_US_21.jpg,-70.1244387,44.6457136,True,0.99,"A broad, clearly visible river channel runs vertically through the image."
gated_highres,river,77,0.5627003908157349,w442587366_US_21,An aerial image. It shows: Oxbow waterway.,/data/tessera_dataset/image-emb-text/images2/w442587366_US_21.jpg,-103.55971940071757,48.094624220508734,True,0.97,A distinct narrow watercourse or canal runs horizontally through the vegetation.
gated_highres,river,78,0.5627003908157349,w1127363031_US_21,An aerial image. It shows: Unclassified road with grade 2 track type.,/data/tessera_dataset/image-emb-text/images4/w1127363031_US_21.jpg,-94.26724361610434,36.29387024768259,False,0.96,"The prominent pale linear feature is a road or path, with no clearly visible river."
gated_highres,river,79,0.5627003908157349,w779794914_US_18,An aerial image. It shows: Residential road with bridge.,/data/tessera_dataset/image-emb-text/images2/w779794914_US_18.jpg,-84.5733603795874,42.16670608624477,True,0.99,A winding stream is clearly visible crossing beneath the road and continuing through the vegetation.
gated_highres,river,80,0.5627003908157349,a621841213_US_19,An aerial image. It shows: Reservoir area.,/data/tessera_dataset/image-emb-text/images6/a621841213_US_19.jpg,-106.71018126654076,46.13061044676799,False,0.98,"A pond or small lake is visible, but no river channel is apparent."
gated_highres,river,81,0.5627003908157349,a1167167918_US_19,An aerial image. It shows: Dam across waterway.,/data/tessera_dataset/image-emb-text/images7/a1167167918_US_19.jpg,-94.29733370912862,35.351021021453036,True,0.93,A broad body of flowing or impounded water is visibly crossed by a dam or bridge structure.
gated_highres,river,82,0.5627003908157349,w896707145_US_21,An aerial image. It shows: Residential driveway used as service road.,/data/tessera_dataset/image-emb-text/images5/w896707145_US_21.jpg,-72.09503036083449,41.616476309492754,False,0.99,"The image shows forest, paths, and buildings with no visible river or water channel."
gated_highres,river,83,0.5627003908157349,w446362555_US_22,An aerial image. It shows: Canal.,/data/tessera_dataset/image-emb-text/images5/w446362555_US_22.jpg,-80.24936641002859,26.78385741733495,True,0.98,A clearly visible dark water channel runs horizontally across the image.
gated_highres,river,84,0.5627003908157349,a113754438_US_17,An aerial image. It shows: Dam along waterway.,/data/tessera_dataset/image-emb-text/images4/a113754438_US_17.jpg,-76.10653805000001,40.608509999999995,True,0.9,A long water body is visibly crossed by a dam or weir structure.
gated_highres,river,85,0.5627003908157349,a1092490501_US_19,An aerial image. It shows: Pond surrounded by natural water.,/data/tessera_dataset/image-emb-text/images3/a1092490501_US_19.jpg,-95.6326230634981,31.592572319077135,True,0.96,A substantial dark water channel or water body is visibly present between vegetated banks.
gated_highres,river,86,0.5627003908157349,a635324117_FI_22,An aerial image. It shows: Serene lake surrounded by nature.,/data/tessera_dataset/image-emb-text/images6/a635324117_FI_22.jpg,31.061441629531217,62.72665894328646,False,0.97,"The image shows a large enclosed lake or pond bordered by forest, with no clear river channel."
gated_highres,river,87,0.5627003908157349,a274918864_FI_22,An aerial image. It shows: Canal with water flowing through it.,/data/tessera_dataset/image-emb-text/images6/a274918864_FI_22.jpg,26.252627723237545,61.078389774098376,True,0.99,"A long, narrow, continuous water channel is clearly visible through the forested landscape."
gated_highres,river,88,0.5627003908157349,w555571158_US_20,An aerial image. It shows: Canal.,/data/tessera_dataset/image-emb-text/images7/w555571158_US_20.jpg,-106.72403919949056,34.80925817695544,True,0.97,A narrow dark water channel visibly runs diagonally through the developed and cleared area.
gated_highres,river,89,0.5627003908157349,a801311761_US_21,An aerial image. It shows: Water hazard on golf course. The hazard is natural water feature.,/data/tessera_dataset/image-emb-text/images5/a801311761_US_21.jpg,-80.8923269951126,32.21543130121696,True,0.86,"A branching, sinuous channel or dry riverbed is visibly present across the cleared area."
gated_highres,river,90,0.5627003908157349,w1059370032_US_21,An aerial image. It shows: Railway track.,/data/tessera_dataset/image-emb-text/images2/w1059370032_US_21.jpg,-114.0307111,35.1921691,False,0.98,"The image shows a linear paved or compacted transport corridor through dry terrain, with no visible water."
gated_highres,river,91,0.5627003908157349,w285171685_US_21,An aerial image. It shows: Weir along the waterway.,/data/tessera_dataset/image-emb-text/images6/w285171685_US_21.jpg,-83.6402944,41.040679,True,0.99,"A broad brown water channel is clearly visible running horizontally through the image, bordered by trees and parkland."
gated_highres,river,92,0.5627003908157349,w222875561_CH_19,An aerial image. It shows: Weir along the waterway.,/data/tessera_dataset/image-emb-text/images6/w222875561_CH_19.jpg,8.401835002886537,47.69532429255921,True,0.88,A large flowing water body with bright white rapids or foamy water occupies the right side of the image.
gated_highres,river,93,0.5627003908157349,a644937892_US_20,An aerial image. It shows: Scrub vegetation covering the land.,/data/tessera_dataset/image-emb-text/images2/a644937892_US_20.jpg,-117.58674132382055,33.538424394271594,False,0.94,"The image shows grassy and scrub-covered land with paths or erosion features, but no clearly visible river or water channel."
gated_highres,river,94,0.5627003908157349,w688036327_CH_20,An aerial image. It shows: Culvert tunnel.,/data/tessera_dataset/image-emb-text/images5/w688036327_CH_20.jpg,7.163524727932582,47.47044128104952,True,0.84,"A dark, continuous water channel is visible along the left side beside dense vegetation."
gated_highres,river,95,0.5627003908157349,w757112459_US_20,An aerial image. It shows: Covered driveway bridge.,/data/tessera_dataset/image-emb-text/images4/w757112459_US_20.jpg,-81.47277423703571,36.20462729178474,False,0.99,"The image shows fields, roads, buildings, and trees, with no visible river."
gated_highres,river,96,0.5627003908157349,w555060693_US_20,An aerial image. It shows: Culvert tunnel crossing over canal.,/data/tessera_dataset/image-emb-text/images7/w555060693_US_20.jpg,-106.7216503,34.8079141,False,0.98,"The image shows intersecting roads or paved paths and landscaping, with no visible river."
gated_highres,river,97,0.5627003908157349,w15610223_US_20,An aerial image. It shows: Railway spur service.,/data/tessera_dataset/image-emb-text/images4/w15610223_US_20.jpg,-81.93513151260893,37.58837188401485,False,0.98,"The image shows residential structures, roads, and a curving rail or paved corridor, but no visible river."
gated_highres,river,98,0.5627003908157349,a43276912_US_21,An aerial image. It shows: Rapid whitewater waterway with rapids.,/data/tessera_dataset/image-emb-text/images2/a43276912_US_21.jpg,-80.92876455000001,36.853473550000004,True,0.93,"A broad dark water body with visible ripples or rapids runs through the image beside a rocky, vegetated shoreline."
gated_highres,river,99,0.5627003908157349,w523868304_US_21,An aerial image. It shows: Beautiful river scene.,/data/tessera_dataset/image-emb-text/images4/w523868304_US_21.jpg,-114.0452854,48.4042638,True,0.94,"A broad water channel with sandy or vegetated banks is clearly visible, consistent with a river."
gated_highres,river,100,0.5627003908157349,w306047603_US_21,An aerial image. It shows: Abandoned truss bridge on path.,/data/tessera_dataset/image-emb-text/images7/w306047603_US_21.jpg,-81.51829585553426,34.42286777751625,True,0.96,A narrow dark water channel winds through dense trees across the center of the image.
gated_highres,school,1,0.5156893730163574,a164775576_US_19,An aerial image. It shows: School building.,/data/tessera_dataset/image-emb-text/images2/a164775576_US_19.jpg,-90.21391966291813,38.45061733734083,True,0.95,"Large institutional building complex with adjacent playgrounds, athletic fields, parking, and open grounds."
gated_highres,school,2,0.5156893730163574,a422250362_US_21,An aerial image. It shows: School building.,/data/tessera_dataset/image-emb-text/images4/a422250362_US_21.jpg,-73.57181089566163,43.305498227799234,True,0.84,"Large institutional building with extensive grounds, paved recreational areas, and a campus-like layout."
gated_highres,school,3,0.5156893730163574,a659235350_US_17,An aerial image. It shows: School building.,/data/tessera_dataset/image-emb-text/images6/a659235350_US_17.jpg,-78.73938138848104,41.11349895911819,True,0.82,"Campus-like building with a large parking lot, recreational field, and surrounding institutional grounds."
gated_highres,school,4,0.5156893730163574,a808524270_US_21,An aerial image. It shows: School building.,/data/tessera_dataset/image-emb-text/images4/a808524270_US_21.jpg,-111.70622065513965,33.25558925278915,True,0.96,"Large modern school-like building with multiple entrances, parking areas, courtyards, and adjacent residential development."
gated_highres,school,5,0.5156893730163574,a970801664_US_21,An aerial image. It shows: School.,/data/tessera_dataset/image-emb-text/images3/a970801664_US_21.jpg,-77.62357557484881,43.17672845380764,True,0.98,"School building directly beside a baseball diamond, sports field, parking lot, and athletic facilities."
gated_highres,school,6,0.5156893730163574,a214878460_US_20,An aerial image. It shows: School.,/data/tessera_dataset/image-emb-text/images4/a214878460_US_20.jpg,-117.92713571224681,33.93817443517351,True,0.99,"Clearly visible school campus with multiple connected buildings, playground or athletic grounds, parking lots, and a drop-off loop."
gated_highres,school,7,0.5156893730163574,n3880377883_US_22,An aerial image. It shows: School.,/data/tessera_dataset/image-emb-text/images3/n3880377883_US_22.jpg,-80.5831696,28.1345618,True,0.93,"Institutional school complex with a playground, multiple connected buildings, open grounds, and parking."
gated_highres,school,8,0.5156893730163574,a552242320_US_21,An aerial image. It shows: School building.,/data/tessera_dataset/image-emb-text/images7/a552242320_US_21.jpg,-111.17363948867532,45.78002163012934,True,0.63,"Large institutional-looking building and paved campus area are visible, though school-specific features are limited."
gated_highres,school,9,0.5156893730163574,a717895417_FI_20,An aerial image. It shows: Terrace building.,/data/tessera_dataset/image-emb-text/images5/a717895417_FI_20.jpg,27.29468208512271,63.15748444699497,False,0.82,"Appears to be an industrial, agricultural, or utility property with large sheds and service yards; no clear school features are visible."
gated_highres,school,10,0.5156893730163574,a776262679_US_20,An aerial image. It shows: School building.,/data/tessera_dataset/image-emb-text/images7/a776262679_US_20.jpg,-83.20386060851885,42.24327378460981,True,0.99,"Clearly visible school campus with multiple buildings, a large running track and field, parking, and internal drop-off roads."
gated_highres,school,11,0.5156893730163574,a304854965_US_21,An aerial image. It shows: School building.,/data/tessera_dataset/image-emb-text/images6/a304854965_US_21.jpg,-74.38734378019414,41.71771063547955,True,0.88,"Large institutional building with extensive parking, paved walkways, and landscaped grounds visible from above."
gated_highres,school,12,0.5156893730163574,n357558065_US_17,An aerial image. It shows: School.,/data/tessera_dataset/image-emb-text/images5/n357558065_US_17.jpg,-74.38882424889925,41.71866867268186,True,0.94,"Large campus-style building complex with multiple wings, parking areas, sports or recreation grounds, and connecting walkways."
gated_highres,school,13,0.5156893730163574,a103609745_US_21,An aerial image. It shows: School.,/data/tessera_dataset/image-emb-text/images5/a103609745_US_21.jpg,-76.50136101792938,39.34358223703698,True,0.99,"Clearly visible school campus with a large building, baseball diamonds, tennis courts, fields, parking, and internal roads."
gated_highres,school,14,0.5156893730163574,a431066591_US_21,An aerial image. It shows: School building.,/data/tessera_dataset/image-emb-text/images6/a431066591_US_21.jpg,-111.56196406201445,33.21861404602546,True,0.9,"Institutional building complex with extensive parking lots, internal access roads, landscaped grounds, and adjacent campus structures."
gated_highres,school,15,0.5156893730163574,a700715431_US_19,An aerial image. It shows: School building.,/data/tessera_dataset/image-emb-text/images4/a700715431_US_19.jpg,-95.78044831262204,44.44537000405799,True,0.86,"Campus-like building beside open recreational grounds, paved paths, and multiple sports or play areas."
gated_highres,school,16,0.5156893730163574,a401317362_US_20,An aerial image. It shows: School building.,/data/tessera_dataset/image-emb-text/images5/a401317362_US_20.jpg,-121.1324365452627,37.742460557274725,True,0.95,"Clearly visible institutional campus with several large buildings, walkways, lawns, parking, and organized grounds."
gated_highres,school,17,0.5156893730163574,a601147180_US_22,An aerial image. It shows: School.,/data/tessera_dataset/image-emb-text/images6/a601147180_US_22.jpg,-80.7184099393044,28.029924801692324,True,0.95,"Multiple large campus buildings surrounded by lawns, parking, trees, and several apparent play or sports fields."
gated_highres,school,18,0.5156893730163574,a231874419_US_20,An aerial image. It shows: School.,/data/tessera_dataset/image-emb-text/images6/a231874419_US_20.jpg,-83.16155387636408,42.47029126974729,True,0.83,"Institutional complex with parking, connected buildings, paved circulation areas, lawns, and recreational grounds."
gated_highres,school,19,0.5156893730163574,a383740666_US_20,An aerial image. It shows: School.,/data/tessera_dataset/image-emb-text/images5/a383740666_US_20.jpg,-118.0854757489144,33.928944116122935,True,0.98,"Large organized school-like campus with several connected buildings, parking lots, landscaped courtyards, and open athletic or play areas."
gated_highres,school,20,0.5156893730163574,a872869898_US_21,An aerial image. It shows: Part of building.,/data/tessera_dataset/image-emb-text/images6/a872869898_US_21.jpg,-73.52998351493201,41.094539533679416,True,0.93,"Large institutional building complex adjacent to a baseball field, parking, paved access areas, and landscaped grounds."
gated_highres,school,21,0.5156893730163574,a267611341_CH_19,An aerial image. It shows: School building or complex.,/data/tessera_dataset/image-emb-text/images7/a267611341_CH_19.jpg,8.928505129830683,47.26571170574111,False,0.93,"Aerial view shows a single large residential-looking building surrounded by trees and a paved area, with no clearly visible school grounds or institutional sports/play areas."
gated_highres,school,22,0.5156893730163574,a902009175_US_19,An aerial image. It shows: School.,/data/tessera_dataset/image-emb-text/images6/a902009175_US_19.jpg,-89.5870623849296,40.74486779151854,True,0.99,"Large institutional campus with multiple buildings, extensive parking, pedestrian paths, a baseball field, and other athletic grounds visibly present."
gated_highres,school,23,0.5156893730163574,a499197915_US_19,An aerial image. It shows: School building.,/data/tessera_dataset/image-emb-text/images4/a499197915_US_19.jpg,-75.94963925,41.21389405,True,0.88,"Large multi-wing institutional building with substantial parking and surrounding maintained grounds, consistent with a school campus."
gated_highres,school,24,0.5156893730163574,a718047047_US_19,An aerial image. It shows: Primary school building.,/data/tessera_dataset/image-emb-text/images2/a718047047_US_19.jpg,-93.1456083832206,35.2807130742054,True,0.93,"Broad institutional building with adjacent parking, maintained grounds, and visible recreational or athletic areas."
gated_highres,school,25,0.5156893730163574,a586001503_US_21,An aerial image. It shows: School.,/data/tessera_dataset/image-emb-text/images7/a586001503_US_21.jpg,-81.07170802812496,29.22464739179985,True,0.98,"Large campus building with parking, tennis or sport courts, and multiple school-like recreational facilities visibly present."
gated_highres,school,26,0.5156893730163574,a85382649_US_19,An aerial image. It shows: School building.,/data/tessera_dataset/image-emb-text/images7/a85382649_US_19.jpg,-74.703206,40.93446755,True,0.89,"Compact institutional complex with multiple connected buildings, parking, landscaped grounds, and a school-campus layout."
gated_highres,school,27,0.5156893730163574,a372495019_US_21,An aerial image. It shows: School building.,/data/tessera_dataset/image-emb-text/images5/a372495019_US_21.jpg,-84.15598273227454,35.8892275707759,True,0.88,"Large campus-style building arranged around a central courtyard, with extensive parking and landscaped grounds."
gated_highres,school,28,0.5156893730163574,a395432329_US_21,An aerial image. It shows: School.,/data/tessera_dataset/image-emb-text/images3/a395432329_US_21.jpg,-82.21613140758679,41.29560748839302,True,0.99,"Institutional building directly adjacent to a marked sports field, paved courts, playground equipment, and parking."
gated_highres,school,29,0.5156893730163574,a247632816_US_21,An aerial image. It shows: School building with school amenities.,/data/tessera_dataset/image-emb-text/images5/a247632816_US_21.jpg,-89.58736648445665,40.74511682418948,True,0.99,"Large institutional campus with multiple buildings, parking, pedestrian paths, athletic fields, and a baseball field."
gated_highres,school,30,0.5156893730163574,a161269233_US_21,An aerial image. It shows: School building.,/data/tessera_dataset/image-emb-text/images4/a161269233_US_21.jpg,-112.02132223563501,40.51635187385071,True,0.99,"Large school-like building with marked basketball courts, playground areas, parking, and a sports field beside it."
gated_highres,school,31,0.5156893730163574,a551523995_US_17,An aerial image. It shows: Hospital providing healthcare services.,/data/tessera_dataset/image-emb-text/images4/a551523995_US_17.jpg,-78.77580449999999,41.1148334,True,0.98,"Large campus with multiple substantial buildings, extensive parking, internal access roads, and open grounds consistent with a school complex."
gated_highres,school,32,0.5156893730163574,a87103414_US_21,An aerial image. It shows: School building.,/data/tessera_dataset/image-emb-text/images6/a87103414_US_21.jpg,-105.14838991175107,39.760991045370474,True,0.9,"Large institutional building complex with a broad paved courtyard, parking areas, and adjacent open grounds visibly characteristic of a school campus."
gated_highres,school,33,0.5156893730163574,a138382200_US_21,An aerial image. It shows: School.,/data/tessera_dataset/image-emb-text/images6/a138382200_US_21.jpg,-76.53865185235614,39.33844313430519,True,0.75,"Large campus-style building surrounded by parking lots, walkways, and landscaped grounds; the institutional land-use is consistent with a school."
gated_highres,school,34,0.5156893730163574,a156577125_US_19,An aerial image. It shows: School.,/data/tessera_dataset/image-emb-text/images3/a156577125_US_19.jpg,-117.08894006890931,32.75246837933382,True,0.9,Institutional building complex with extensive parking and visible marked outdoor courts or activity areas.
gated_highres,school,35,0.5156893730163574,a539552114_US_20,An aerial image. It shows: School.,/data/tessera_dataset/image-emb-text/images6/a539552114_US_20.jpg,-96.88094369999999,33.1622806,True,0.98,"Multiple connected school-sized buildings, surrounding parking, pedestrian paths, landscaped grounds, and a dedicated campus layout are clearly visible."
gated_highres,school,36,0.5156893730163574,a29364824_US_20,An aerial image. It shows: School.,/data/tessera_dataset/image-emb-text/images5/a29364824_US_20.jpg,-123.20525835594137,39.232840196344384,True,0.99,"School campus with several buildings, a large playground or athletic field, marked courts, and extensive parking."
gated_highres,school,37,0.5156893730163574,a556580677_US_21,An aerial image. It shows: School building.,/data/tessera_dataset/image-emb-text/images3/a556580677_US_21.jpg,-111.7567191608978,33.221400141430436,True,0.99,School buildings directly adjacent to visible baseball or softball diamonds and a large marked athletic field.
gated_highres,school,38,0.5156893730163574,a556580681_US_19,An aerial image. It shows: School building.,/data/tessera_dataset/image-emb-text/images6/a556580681_US_19.jpg,-111.75721101286044,33.220106075969355,True,0.99,"Clearly organized school campus with multiple buildings, connecting walkways, landscaped courtyards, parking, and adjacent roadway."
gated_highres,school,39,0.5156893730163574,a940606973_US_21,An aerial image. It shows: School.,/data/tessera_dataset/image-emb-text/images7/a940606973_US_21.jpg,-72.43037068146131,41.8615751504074,True,0.9,"Institutional building beside a large maintained open field, with campus paths and service areas consistent with a school."
gated_highres,school,40,0.5156893730163574,a877611074_US_18,An aerial image. It shows: School building.,/data/tessera_dataset/image-emb-text/images6/a877611074_US_18.jpg,-84.22848523042008,45.34945368650483,True,0.95,"Large institutional campus with multiple buildings, a substantial parking area, buses or activity vehicles, and broad open grounds."
gated_highres,school,41,0.5156893730163574,a694202894_US_21,An aerial image. It shows: School building.,/data/tessera_dataset/image-emb-text/images4/a694202894_US_21.jpg,-87.88510609955817,41.112598559730415,True,0.99,"Large institutional building directly adjoining marked soccer and track fields, consistent with a school campus."
gated_highres,school,42,0.5156893730163574,a291965102_US_20,An aerial image. It shows: School building.,/data/tessera_dataset/image-emb-text/images7/a291965102_US_20.jpg,-85.4106319387378,40.21360003974148,True,0.78,"Large institutional-looking building with substantial lawn, organized parking, and campus-style access roads."
gated_highres,school,43,0.5156893730163574,a950230237_US_21,An aerial image. It shows: Religious building.,/data/tessera_dataset/image-emb-text/images3/a950230237_US_21.jpg,-81.09734837406995,32.01893535465355,False,0.82,Small building in a wooded residential-looking setting without clearly visible school facilities or campus-scale grounds.
gated_highres,school,44,0.5156893730163574,a34845996_US_22,An aerial image. It shows: School.,/data/tessera_dataset/image-emb-text/images6/a34845996_US_22.jpg,-84.13390024188853,33.9875021603102,True,0.74,"Large multi-building institutional complex with extensive parking and landscaped grounds, visibly consistent with a school or campus."
gated_highres,school,45,0.5156893730163574,a318121286_US_21,An aerial image. It shows: School.,/data/tessera_dataset/image-emb-text/images5/a318121286_US_21.jpg,-71.34884262438189,42.52617939209648,True,0.93,Dense campus of multiple buildings with a visible paved recreational court/play area and extensive grounds.
gated_highres,school,46,0.5156893730163574,a183204931_CH_19,An aerial image. It shows: School building.,/data/tessera_dataset/image-emb-text/images6/a183204931_CH_19.jpg,8.71236455,47.349486049999996,True,0.81,"Large campus-style building with an enclosed courtyard, pedestrian circulation, and adjacent recreational play structures."
gated_highres,school,47,0.5156893730163574,a304866323_US_21,An aerial image. It shows: School building.,/data/tessera_dataset/image-emb-text/images4/a304866323_US_21.jpg,-74.388488073808,41.71873634321368,True,0.99,"Large institutional campus with multiple connected buildings, tennis courts, baseball field, lawns, and school-style drop-off parking."
gated_highres,school,48,0.5156893730163574,a692341623_US_20,An aerial image. It shows: Parking area.,/data/tessera_dataset/image-emb-text/images5/a692341623_US_20.jpg,-83.15412073383186,42.48547980839659,False,0.95,"Primarily a roadway, parking lots, commercial-looking buildings, and nearby houses; no clear school campus or facilities."
gated_highres,school,49,0.5156893730163574,a602207251_US_21,An aerial image. It shows: School.,/data/tessera_dataset/image-emb-text/images4/a602207251_US_21.jpg,-94.86436942833262,39.70935886483372,True,0.99,"Large school-like building with expansive paved grounds, playgrounds, sports fields, and a surrounding campus layout."
gated_highres,school,50,0.5156893730163574,a213414368_US_21,An aerial image. It shows: School building.,/data/tessera_dataset/image-emb-text/images4/a213414368_US_21.jpg,-70.85685456733651,42.061917999218636,True,0.86,"Large institutional building beside an open athletic field and substantial parking area, consistent with a school campus."
gated_highres,school,51,0.5156893730163574,a203943850_US_21,An aerial image. It shows: School building.,/data/tessera_dataset/image-emb-text/images6/a203943850_US_21.jpg,-112.01244025849971,40.501073476979926,True,0.96,"Large institutional building with extensive parking, internal driveways, and marked outdoor courts consistent with a school campus."
gated_highres,school,52,0.5156893730163574,n10980091799_US_21,An aerial image. It shows: Parking space.,/data/tessera_dataset/image-emb-text/images7/n10980091799_US_21.jpg,-81.09469373799111,32.035188438421855,True,0.93,"Visible athletic field with track markings and adjacent parking and campus buildings, clearly consistent with school grounds."
gated_highres,school,53,0.5156893730163574,n10582686686_US_21,An aerial image. It shows: Parking space.,/data/tessera_dataset/image-emb-text/images5/n10582686686_US_21.jpg,-69.9618960397204,41.68380775547742,True,0.86,"Institutional buildings, large organized parking areas, landscaped grounds, and campus-style access roads are visible."
gated_highres,school,54,0.5156893730163574,a43439941_US_21,An aerial image. It shows: School.,/data/tessera_dataset/image-emb-text/images7/a43439941_US_21.jpg,-72.5634643419553,42.003966133552304,True,0.9,"Large campus building is adjacent to organized parking, open athletic or recreation areas, and internal access roads."
gated_highres,school,55,0.5156893730163574,n9897592081_US_21,An aerial image. It shows: School.,/data/tessera_dataset/image-emb-text/images6/n9897592081_US_21.jpg,-111.7128265,33.2246005,True,0.82,"Large institutional building complex with campus landscaping, pedestrian areas, and extensive adjacent parking."
gated_highres,school,56,0.5156893730163574,a456460127_US_20,An aerial image. It shows: School.,/data/tessera_dataset/image-emb-text/images6/a456460127_US_20.jpg,-95.4041899762828,29.92950904368855,True,0.98,"Clearly visible campus with large buildings, athletic fields and courts, organized parking, and multiple internal walkways."
gated_highres,school,57,0.5156893730163574,a427420154_FI_20,An aerial image. It shows: Public building.,/data/tessera_dataset/image-emb-text/images4/a427420154_FI_20.jpg,27.81866259779894,61.06511425778652,False,0.9,The image shows a wooded cluster of scattered buildings and residential-style access roads without clear school facilities or athletic grounds.
gated_highres,school,58,0.5156893730163574,n357575438_US_21,An aerial image. It shows: School.,/data/tessera_dataset/image-emb-text/images5/n357575438_US_21.jpg,-74.2671992169431,42.00848398931769,True,0.8,"Large institutional building with substantial grounds, parking, and campus-style pedestrian and vehicle circulation."
gated_highres,school,59,0.5156893730163574,n10582686687_US_21,An aerial image. It shows: Parking space is available.,/data/tessera_dataset/image-emb-text/images4/n10582686687_US_21.jpg,-69.96213522947363,41.68391280593033,True,0.86,"Institutional buildings, organized parking areas, landscaped grounds, and campus-style access roads are visible."
gated_highres,school,60,0.5156893730163574,a95180154_US_21,An aerial image. It shows: School.,/data/tessera_dataset/image-emb-text/images5/a95180154_US_21.jpg,-76.5456409819597,39.320716109673306,True,0.99,"Large school-like campus with multiple connected buildings, tennis courts, athletic fields, parking, and internal walkways."
gated_highres,school,61,0.5156893730163574,a158372704_US_20,An aerial image. It shows: School.,/data/tessera_dataset/image-emb-text/images7/a158372704_US_20.jpg,-83.22612795,42.2473188,True,0.99,"Large institutional building complex with extensive parking, athletic fields, tennis courts, baseball field, and running track."
gated_highres,school,62,0.5156893730163574,a43398626_US_21,An aerial image. It shows: School.,/data/tessera_dataset/image-emb-text/images4/a43398626_US_21.jpg,-73.53967190932656,41.09044519447901,True,0.96,"Large campus building surrounded by a playground or sports field, parking areas, and landscaped grounds."
gated_highres,school,63,0.5156893730163574,a249488613_US_18,An aerial image. It shows: School.,/data/tessera_dataset/image-emb-text/images4/a249488613_US_18.jpg,-118.32879151300271,33.9392098788977,True,0.88,Large multi-building institutional campus with adjoining paved areas and open grounds.
gated_highres,school,64,0.5156893730163574,n8481436994_US_21,An aerial image. It shows: Parking space.,/data/tessera_dataset/image-emb-text/images6/n8481436994_US_21.jpg,-112.27885739756125,33.59570423749209,True,0.92,Institutional building with a large marked parking lot and landscaped campus entrances.
gated_highres,school,65,0.5156893730163574,a354337875_US_21,An aerial image. It shows: School building.,/data/tessera_dataset/image-emb-text/images4/a354337875_US_21.jpg,-112.02583708182371,41.50330058915893,True,0.97,"Large campus building beside parking lots, sports courts or fields, and organized pedestrian paths."
gated_highres,school,66,0.5156893730163574,a721066218_US_18,An aerial image. It shows: School.,/data/tessera_dataset/image-emb-text/images7/a721066218_US_18.jpg,-121.50586337706436,38.540492338220126,True,0.95,"Large multi-wing building with visible basketball court markings, parking, access roads, and wooded campus grounds."
gated_highres,school,67,0.5156893730163574,a1010077321_US_19,An aerial image. It shows: Elementary school.,/data/tessera_dataset/image-emb-text/images2/a1010077321_US_19.jpg,-122.44309205796668,48.7679189993939,True,0.96,"Large institutional building with campus parking, driveways, pedestrian crossings, and adjacent residential area."
gated_highres,school,68,0.5156893730163574,a412704774_US_21,An aerial image. It shows: School building with school amenities.,/data/tessera_dataset/image-emb-text/images7/a412704774_US_21.jpg,-90.7125425440725,33.73892224155472,True,0.99,"School-like courtyard campus with multiple connected buildings, playground or sports courts, athletic field, and running track."
gated_highres,school,69,0.5156893730163574,a43442420_US_21,An aerial image. It shows: School.,/data/tessera_dataset/image-emb-text/images2/a43442420_US_21.jpg,-72.45991139159987,41.879418862962595,True,0.99,"Large school campus beside extensive playing fields, baseball diamond, parking lots, and multiple buildings."
gated_highres,school,70,0.5156893730163574,a397192432_US_21,An aerial image. It shows: School building.,/data/tessera_dataset/image-emb-text/images7/a397192432_US_21.jpg,-94.76936546347298,38.90311670857247,True,0.99,"Large school building with surrounding paved walkways, parking or bus areas, sports field, and baseball diamond."
gated_highres,school,71,0.5156893730163574,a235646735_US_21,An aerial image. It shows: School building.,/data/tessera_dataset/image-emb-text/images6/a235646735_US_21.jpg,-90.18588522465018,33.51723721436633,True,0.99,Large campus building complex beside an oval athletic field and surrounding school grounds.
gated_highres,school,72,0.5156893730163574,n357597473_US_21,An aerial image. It shows: School.,/data/tessera_dataset/image-emb-text/images5/n357597473_US_21.jpg,-77.78608285421836,43.18696066177118,True,0.9,Aerial view shows a large institutional building with landscaped courtyards and adjacent marked athletic space.
gated_highres,school,73,0.5156893730163574,a39415823_US_21,An aerial image. It shows: University building.,/data/tessera_dataset/image-emb-text/images4/a39415823_US_21.jpg,-74.97132247376317,44.662613479628384,True,0.82,"Cluster of elongated institutional buildings with landscaped grounds and access roads, consistent with a school campus."
gated_highres,school,74,0.5156893730163574,n358767732_US_20,An aerial image. It shows: School.,/data/tessera_dataset/image-emb-text/images7/n358767732_US_20.jpg,-121.50538694058261,38.540406640323994,True,0.98,Multiple buildings with clearly marked basketball courts and campus circulation areas.
gated_highres,school,75,0.5156893730163574,a448329509_FI_19,An aerial image. It shows: Town hall building.,/data/tessera_dataset/image-emb-text/images3/a448329509_FI_19.jpg,23.69167895,63.5494734,True,0.82,Large institutional building with extensive parking and connected campus-like grounds.
gated_highres,school,76,0.5156893730163574,a307347545_US_20,An aerial image. It shows: School building.,/data/tessera_dataset/image-emb-text/images4/a307347545_US_20.jpg,-76.91627159625725,34.89752202662451,True,0.94,"Campus includes outdoor courts, open grass areas, paths, and multiple buildings."
gated_highres,school,77,0.5156893730163574,a605491098_US_20,An aerial image. It shows: College building.,/data/tessera_dataset/image-emb-text/images6/a605491098_US_20.jpg,-95.18118045,32.5918334,True,0.7,"Large building complex surrounded by landscaped grounds, visually consistent with an institutional or school site."
gated_highres,school,78,0.5156893730163574,a32331037_US_21,An aerial image. It shows: School.,/data/tessera_dataset/image-emb-text/images6/a32331037_US_21.jpg,-111.71627079999999,40.3205062,True,0.99,"Clearly identifiable school campus with large athletic field, basketball courts, playground, buildings, and parking."
gated_highres,school,79,0.5156893730163574,a1075914813_US_21,An aerial image. It shows: School building.,/data/tessera_dataset/image-emb-text/images7/a1075914813_US_21.jpg,-89.37719574402826,36.03762626601197,True,0.99,"Large campus complex with multiple buildings, parking areas, landscaped grounds, and athletic/recreation spaces."
gated_highres,school,80,0.5156893730163574,a437795863_US_19,An aerial image. It shows: School building.,/data/tessera_dataset/image-emb-text/images5/a437795863_US_19.jpg,-75.08665826545769,39.89528946954276,True,0.85,Institutional building beside a large parking area and open grass field within a planned campus setting.
gated_highres,school,81,0.5156893730163574,a547435544_US_20,An aerial image. It shows: School building.,/data/tessera_dataset/image-emb-text/images4/a547435544_US_20.jpg,-80.97871495,35.3084316,True,0.95,"Large connected institutional building complex with landscaped grounds, internal walkways, and school-like campus layout."
gated_highres,school,82,0.5156893730163574,a863204424_US_19,An aerial image. It shows: Part of building.,/data/tessera_dataset/image-emb-text/images6/a863204424_US_19.jpg,-73.70629465805345,41.12639030313592,True,0.86,"Cluster of institutional buildings surrounding a broad grassy open area, consistent with a school campus."
gated_highres,school,83,0.5156893730163574,a919166231_US_19,An aerial image. It shows: School building.,/data/tessera_dataset/image-emb-text/images5/a919166231_US_19.jpg,-82.97166260903825,39.97604071953964,True,0.83,"Large institutional building with extensive paved access, parking, and landscaped grounds."
gated_highres,school,84,0.5156893730163574,a231249293_US_21,An aerial image. It shows: Modern school building.,/data/tessera_dataset/image-emb-text/images3/a231249293_US_21.jpg,-83.64918517654573,41.02025673819742,True,0.9,Large campus building with adjacent paved recreation or playground areas and formal pedestrian access.
gated_highres,school,85,0.5156893730163574,a336303436_US_21,An aerial image. It shows: School building.,/data/tessera_dataset/image-emb-text/images7/a336303436_US_21.jpg,-76.5948612242681,39.31411681521183,True,0.8,"Large connected institutional complex with substantial parking, internal roads, and a fenced outdoor recreation court."
gated_highres,school,86,0.5156893730163574,a583040100_US_19,An aerial image. It shows: College building.,/data/tessera_dataset/image-emb-text/images5/a583040100_US_19.jpg,-75.52181216852544,40.58546362540051,True,0.99,Clearly visible school-like campus directly adjacent to a marked soccer field and multiple parking areas.
gated_highres,school,87,0.5156893730163574,a759044523_US_21,An aerial image. It shows: College building.,/data/tessera_dataset/image-emb-text/images3/a759044523_US_21.jpg,-79.32093388132051,33.320599730075614,True,0.65,"Institutional campus with multiple buildings, a circular drive, parking, and landscaped grounds, though no definitive sports or playground feature is visible."
gated_highres,school,88,0.5156893730163574,a639172536_US_21,An aerial image. It shows: Street-side parking area.,/data/tessera_dataset/image-emb-text/images4/a639172536_US_21.jpg,-81.05471076436248,32.023196819299265,True,0.7,Large institutional buildings with parking and campus-style open grounds.
gated_highres,school,89,0.5156893730163574,a777897149_US_21,An aerial image. It shows: School.,/data/tessera_dataset/image-emb-text/images4/a777897149_US_21.jpg,-116.56369383452574,43.570689836525034,True,0.98,School-like building complex with clearly marked outdoor basketball courts and surrounding campus walkways.
gated_highres,school,90,0.5156893730163574,a1042348053_US_20,An aerial image. It shows: School building.,/data/tessera_dataset/image-emb-text/images7/a1042348053_US_20.jpg,-122.27236275,38.302574,True,0.9,Large institutional building complex with visible marked outdoor courts and extensive paved campus areas.
gated_highres,school,91,0.5156893730163574,a1186087393_CH_19,An aerial image. It shows: Kindergarten.,/data/tessera_dataset/image-emb-text/images4/a1186087393_CH_19.jpg,9.5175483,46.862955150000005,False,0.84,"A rooftop and landscaped grounds are visible, but there are no clear school-specific features such as athletic fields, playgrounds, or a recognizable school campus."
gated_highres,school,92,0.5156893730163574,n357379178_US_19,An aerial image. It shows: School.,/data/tessera_dataset/image-emb-text/images6/n357379178_US_19.jpg,-79.8944801529943,40.452651811056775,True,0.62,"A large institutional-looking building is adjacent to an expansive open grassy area and access roads, consistent with a school site."
gated_highres,school,93,0.5156893730163574,a184845516_US_20,An aerial image. It shows: School building.,/data/tessera_dataset/image-emb-text/images5/a184845516_US_20.jpg,-86.07055200912092,39.58976430356921,True,0.97,"Large campus building with extensive parking, paved access areas, and open grassy grounds clearly visible."
gated_highres,school,94,0.5156893730163574,a1094530425_US_17,An aerial image. It shows: School building.,/data/tessera_dataset/image-emb-text/images6/a1094530425_US_17.jpg,-74.67353514999999,41.38000405,False,0.67,"Dense paved lots and several buildings are visible, but the image does not show clear school-specific land use."
gated_highres,school,95,0.5156893730163574,a422676883_CH_19,An aerial image. It shows: School building.,/data/tessera_dataset/image-emb-text/images5/a422676883_CH_19.jpg,9.53550865,46.85583445,True,0.83,Large connected institutional building with an internal landscaped courtyard and broad pedestrian circulation areas.
gated_highres,school,96,0.5156893730163574,a43727645_US_19,An aerial image. It shows: School building with school amenities.,/data/tessera_dataset/image-emb-text/images5/a43727645_US_19.jpg,-81.36721027338658,41.71326524838723,True,0.91,"A substantial campus building is surrounded by open lawns, parking, pedestrian paths, and what appears to be a recreational field."
gated_highres,school,97,0.5156893730163574,a47758717_US_20,An aerial image. It shows: Commercial building.,/data/tessera_dataset/image-emb-text/images5/a47758717_US_20.jpg,-78.62668385,35.7276911,True,0.73,"A large building sits beside a broad paved area and an open rectangular grassy area, consistent with a school campus."
gated_highres,school,98,0.5156893730163574,a43440139_US_21,An aerial image. It shows: School.,/data/tessera_dataset/image-emb-text/images5/a43440139_US_21.jpg,-72.26364827586303,41.87280213496476,True,0.96,"Clearly visible campus with a large building, extensive parking, open lawns, paths, and recreational grounds."
gated_highres,school,99,0.5156893730163574,a987434760_US_21,An aerial image. It shows: School building.,/data/tessera_dataset/image-emb-text/images4/a987434760_US_21.jpg,-86.99713243766827,34.56794465033725,True,0.72,"Large institutional building with multiple connected wings, adjacent paved areas, and surrounding grounds in an urban neighborhood."
gated_highres,school,100,0.5156893730163574,a231520193_US_21,An aerial image. It shows: School.,/data/tessera_dataset/image-emb-text/images6/a231520193_US_21.jpg,-87.61729567725243,41.764325164566,True,0.64,"A cluster of sizable buildings is directly adjacent to a large open grassy field, suggesting an institutional or school site."
gated_highres,farmland,1,0.5699761509895325,a186367560_CH_18,An aerial image. It shows: Farm building.,/data/tessera_dataset/image-emb-text/images4/a186367560_CH_18.jpg,7.40600151063502,46.80824311462966,True,0.78,Large open grassy field adjacent to a substantial agricultural-looking building and farmyard area.
gated_highres,farmland,2,0.5699761509895325,a397449309_CH_19,An aerial image. It shows: Detached building with half-hipped roof.,/data/tessera_dataset/image-emb-text/images5/a397449309_CH_19.jpg,8.908365016564746,47.63301614014197,False,0.9,"Mostly residential lawn surrounding a house, with no clear cultivated field or agricultural land-use pattern."
gated_highres,farmland,3,0.5699761509895325,a294734482_CH_18,An aerial image. It shows: Barn.,/data/tessera_dataset/image-emb-text/images3/a294734482_CH_18.jpg,8.214584002585232,46.729656040160904,False,0.96,Uniform grassy yard beside a house; no visible agricultural features.
gated_highres,farmland,4,0.5699761509895325,a320063363_CH_18,An aerial image. It shows: Rural barn.,/data/tessera_dataset/image-emb-text/images5/a320063363_CH_18.jpg,8.209706288476252,46.74428493694607,False,0.95,"Residential grass lawn beside a house and garden boundary, without visible farmland indicators."
gated_highres,farmland,5,0.5699761509895325,a294734439_CH_18,An aerial image. It shows: Barn.,/data/tessera_dataset/image-emb-text/images3/a294734439_CH_18.jpg,8.214784882867262,46.725536429632925,False,0.95,Grass yard and house surrounded by trees; no cultivated or clearly agricultural land visible.
gated_highres,farmland,6,0.5699761509895325,a697795967_FI_22,An aerial image. It shows: Farmyard area.,/data/tessera_dataset/image-emb-text/images7/a697795967_FI_22.jpg,23.011853017814538,60.63954682594728,True,0.99,"Multiple large cultivated fields with visible field boundaries, farm tracks, and agricultural buildings."
gated_highres,farmland,7,0.5699761509895325,a174547483_CH_18,An aerial image. It shows: Farm building.,/data/tessera_dataset/image-emb-text/images6/a174547483_CH_18.jpg,7.411454049389099,46.862509987909306,False,0.98,"Cluster of residential buildings, paved paths, and gardens; no visible farmland."
gated_highres,farmland,8,0.5699761509895325,a174547501_CH_18,An aerial image. It shows: Farmyard area.,/data/tessera_dataset/image-emb-text/images3/a174547501_CH_18.jpg,7.412503766319962,46.85472528649363,False,0.98,"Residential compound with houses, driveways, trees, and garden areas, without cultivated fields."
gated_highres,farmland,9,0.5699761509895325,a292408765_FI_17,An aerial image. It shows: Farmyard area.,/data/tessera_dataset/image-emb-text/images4/a292408765_FI_17.jpg,29.114148234812127,61.28018293057676,True,0.99,Large clearly cultivated green field alongside farm buildings and rural access roads.
gated_highres,farmland,10,0.5699761509895325,a1084487811_FI_20,An aerial image. It shows: Residential area in rural setting.,/data/tessera_dataset/image-emb-text/images6/a1084487811_FI_20.jpg,22.19303888870774,60.27561134116833,True,0.98,"Extensive agricultural-looking green fields with farm tracks, field boundaries, and a farm building complex."
gated_highres,farmland,11,0.5699761509895325,a1082282620_FI_22,An aerial image. It shows: Farmyard area.,/data/tessera_dataset/image-emb-text/images4/a1082282620_FI_22.jpg,22.69528081872508,60.65401591067031,True,0.99,Large cultivated field with visible parallel crop or tillage rows surrounds a farmstead.
gated_highres,farmland,12,0.5699761509895325,a573712952_CH_21,An aerial image. It shows: Rural barn.,/data/tessera_dataset/image-emb-text/images4/a573712952_CH_21.jpg,7.400708560957541,46.89338617505854,True,0.78,"Aerial view shows a rural farm property set within expansive managed grassy land, consistent with pasture or farmland."
gated_highres,farmland,13,0.5699761509895325,a244631301_CH_18,An aerial image. It shows: Barn.,/data/tessera_dataset/image-emb-text/images5/a244631301_CH_18.jpg,7.416795428628861,46.652497411777745,False,0.88,"The image mainly shows a small grassy residential yard and roof, with no clearly visible cultivated field or agricultural land-use pattern."
gated_highres,farmland,14,0.5699761509895325,a338078488_US_21,An aerial image. It shows: Farmyard area.,/data/tessera_dataset/image-emb-text/images6/a338078488_US_21.jpg,-114.06393807641513,46.27948778711216,True,0.99,A farmstead is visibly surrounded by multiple cultivated fields with distinct planted rows and field boundaries.
gated_highres,farmland,15,0.5699761509895325,a706296992_FI_22,An aerial image. It shows: Farmyard area.,/data/tessera_dataset/image-emb-text/images7/a706296992_FI_22.jpg,22.669128286970746,60.61554530477376,True,0.98,Large agricultural fields with clear parallel tillage or crop lines are visible beside the buildings and trees.
gated_highres,farmland,16,0.5699761509895325,a289926225_CH_18,An aerial image. It shows: Rural barn.,/data/tessera_dataset/image-emb-text/images5/a289926225_CH_18.jpg,8.200909055420325,46.74043263462834,True,0.97,A broad field with regular parallel crop rows is clearly visible next to the building.
gated_highres,farmland,17,0.5699761509895325,a1082490284_FI_22,An aerial image. It shows: Farmyard area.,/data/tessera_dataset/image-emb-text/images4/a1082490284_FI_22.jpg,22.66393614089288,60.63808236123694,True,0.99,"The farmstead is bordered by extensive cultivated fields, including a large field with visible rows and another recently worked field."
gated_highres,farmland,18,0.5699761509895325,a185148428_CH_18,An aerial image. It shows: Farm building.,/data/tessera_dataset/image-emb-text/images6/a185148428_CH_18.jpg,7.410147752285349,46.83375486007802,True,0.8,The house is surrounded by open managed grassy land that appears to be pasture or agricultural acreage.
gated_highres,farmland,19,0.5699761509895325,a178435780_FI_22,An aerial image. It shows: Farmyard area.,/data/tessera_dataset/image-emb-text/images7/a178435780_FI_22.jpg,25.9578566086782,60.69285836330786,True,0.98,A rural farmstead is visibly embedded within broad fields with crop or mowing patterns extending around it.
gated_highres,farmland,20,0.5699761509895325,a234242548_CH_18,An aerial image. It shows: Farm building with half-hipped roof shape.,/data/tessera_dataset/image-emb-text/images7/a234242548_CH_18.jpg,7.449157865726256,46.80896180723675,True,0.86,Open grassy agricultural land with visible mowing or cultivation tracks surrounds the rural building.
gated_highres,farmland,21,0.5699761509895325,a245529107_CH_18,An aerial image. It shows: Farmyard area.,/data/tessera_dataset/image-emb-text/images7/a245529107_CH_18.jpg,7.474226159867378,46.64685539855905,True,0.72,"Large open grassy field surrounds the farm buildings, visibly consistent with pasture or agricultural land."
gated_highres,farmland,22,0.5699761509895325,a259472090_CH_19,An aerial image. It shows: Barn.,/data/tessera_dataset/image-emb-text/images5/a259472090_CH_19.jpg,8.914832099402854,47.28731716026144,True,0.66,"A broad open grassy field with sparse worn patches is visible beside the rural building, consistent with pasture farmland."
gated_highres,farmland,23,0.5699761509895325,a601027648_CH_20,An aerial image. It shows: Simple house.,/data/tessera_dataset/image-emb-text/images4/a601027648_CH_20.jpg,6.8832605000000004,46.68498415,False,0.98,"The image is dominated by a residential roof and paved driveway, with no visibly distinct agricultural field."
gated_highres,farmland,24,0.5699761509895325,a178436440_FI_22,An aerial image. It shows: Farmyard area.,/data/tessera_dataset/image-emb-text/images7/a178436440_FI_22.jpg,25.951698553111605,60.69306165727238,True,0.99,Multiple large cultivated fields with distinct crop textures surround farm buildings and access tracks.
gated_highres,farmland,25,0.5699761509895325,a408827130_CH_18,An aerial image. It shows: Farm building.,/data/tessera_dataset/image-emb-text/images6/a408827130_CH_18.jpg,7.418663032816719,46.82599011839679,True,0.62,"Open grassy pasture-like land is visible around the rural house, though no cultivated crop rows are apparent."
gated_highres,farmland,26,0.5699761509895325,a174698849_CH_18,An aerial image. It shows: Barn.,/data/tessera_dataset/image-emb-text/images6/a174698849_CH_18.jpg,7.421095685853924,46.86822500485487,False,0.9,"The scene shows a house, roads, driveway, and landscaped grass rather than a clearly identifiable agricultural field."
gated_highres,farmland,27,0.5699761509895325,a332948801_CH_18,An aerial image. It shows: Farm building.,/data/tessera_dataset/image-emb-text/images4/a332948801_CH_18.jpg,7.471305465754545,46.665452856703965,False,0.9,"The image shows a rural house with surrounding lawn and driveway, without clearly visible farmland."
gated_highres,farmland,28,0.5699761509895325,a477205784_CH_19,An aerial image. It shows: Farm auxiliary building.,/data/tessera_dataset/image-emb-text/images6/a477205784_CH_19.jpg,9.220593319298304,47.30275110657935,True,0.97,A large agricultural plot with visible crop rows and yellow flowering vegetation surrounds the building.
gated_highres,farmland,29,0.5699761509895325,a290632571_CH_18,An aerial image. It shows: Shed building.,/data/tessera_dataset/image-emb-text/images3/a290632571_CH_18.jpg,7.424614558148502,46.814589741425486,False,0.93,"The scene is a residential property with garden plots, lawn, road, and a swimming pool, not clearly farmland."
gated_highres,farmland,30,0.5699761509895325,a621127326_FI_19,An aerial image. It shows: Farmyard area.,/data/tessera_dataset/image-emb-text/images7/a621127326_FI_19.jpg,24.72013755,64.03510800000001,True,0.99,A large cultivated field with clear parallel crop patterns is directly adjacent to an agricultural building complex.
gated_highres,farmland,31,0.5699761509895325,n8820329114_FI_22,An aerial image. It shows: Farm.,/data/tessera_dataset/image-emb-text/images7/n8820329114_FI_22.jpg,22.6410191,60.6299553,True,0.93,Large cultivated field visibly surrounds a rural farmstead and access road.
gated_highres,farmland,32,0.5699761509895325,w926339293_CH_19,An aerial image. It shows: Fence.,/data/tessera_dataset/image-emb-text/images5/w926339293_CH_19.jpg,8.782455461528333,47.387147181943334,True,0.78,A visibly maintained green agricultural field or pasture occupies most of the image beside a rural building.
gated_highres,farmland,33,0.5699761509895325,n11044688989_CH_19,An aerial image. It shows: Evergreen needle-leaved tree.,/data/tessera_dataset/image-emb-text/images5/n11044688989_CH_19.jpg,9.527420883693097,46.83489262654646,False,0.97,The image shows trees and unmanaged grass or vegetation without clear agricultural land use.
gated_highres,farmland,34,0.5699761509895325,a290691709_CH_18,An aerial image. It shows: Farm building with half-hipped roof shape.,/data/tessera_dataset/image-emb-text/images4/a290691709_CH_18.jpg,7.442436905551373,46.81047287781948,False,0.99,"The pixels primarily show a residential building, paved area, gardens, and trees."
gated_highres,farmland,35,0.5699761509895325,a263563972_US_21,An aerial image. It shows: Farmyard area.,/data/tessera_dataset/image-emb-text/images5/a263563972_US_21.jpg,-102.25767032578281,38.826552016710366,True,0.92,"Visible divided agricultural plots, dirt tracks, farm structures, and storage tanks indicate farmland."
gated_highres,farmland,36,0.5699761509895325,a198263543_CH_18,An aerial image. It shows: Farmyard area.,/data/tessera_dataset/image-emb-text/images5/a198263543_CH_18.jpg,7.48850981867788,46.82482801172367,True,0.87,"A rural farm complex with agricultural equipment, outbuildings, and surrounding grassy land is clearly visible."
gated_highres,farmland,37,0.5699761509895325,a136323501_FI_22,An aerial image. It shows: Farmyard area.,/data/tessera_dataset/image-emb-text/images3/a136323501_FI_22.jpg,22.242447529433548,63.225515970186734,True,0.99,Large clearly cultivated fields with parallel crop or tillage rows surround a farmstead.
gated_highres,farmland,38,0.5699761509895325,n6636609963_FI_22,An aerial image. It shows: Farm.,/data/tessera_dataset/image-emb-text/images5/n6636609963_FI_22.jpg,22.6413807,60.605233,True,0.98,A rural farmstead is visibly enclosed by large cultivated fields and field tracks.
gated_highres,farmland,39,0.5699761509895325,n9007230721_US_19,An aerial image. It shows: Silo.,/data/tessera_dataset/image-emb-text/images7/n9007230721_US_19.jpg,-93.7498278,44.4367697,True,0.97,"Agricultural fields, farm buildings, and multiple cylindrical hay or silage bales are visibly present."
gated_highres,farmland,40,0.5699761509895325,a232511243_CH_20,An aerial image. It shows: Beautiful meadow.,/data/tessera_dataset/image-emb-text/images3/a232511243_CH_20.jpg,6.953670407252522,46.23331352577384,True,0.84,A large maintained grassy field or pasture with a rural agricultural building is visibly present.
gated_highres,farmland,41,0.5699761509895325,a244615726_CH_18,An aerial image. It shows: Rural barn.,/data/tessera_dataset/image-emb-text/images4/a244615726_CH_18.jpg,7.416828548391283,46.65424756501886,True,0.78,"Large open grassy field surrounding a rural structure, consistent with pasture or agricultural grassland."
gated_highres,farmland,42,0.5699761509895325,a223200622_CH_18,An aerial image. It shows: Farm building.,/data/tessera_dataset/image-emb-text/images7/a223200622_CH_18.jpg,7.460010512744363,46.88155500447192,False,0.97,"Residential buildings, roads, lawns, and driveways dominate; no clearly visible cultivated farmland."
gated_highres,farmland,43,0.5699761509895325,a215350070_CH_18,An aerial image. It shows: Farmyard area.,/data/tessera_dataset/image-emb-text/images7/a215350070_CH_18.jpg,7.936101357631735,46.90980833163386,False,0.96,"Dense residential or farmyard structures and landscaped yards are visible, without a clear agricultural field."
gated_highres,farmland,44,0.5699761509895325,a215617732_CH_18,An aerial image. It shows: Farmyard area.,/data/tessera_dataset/image-emb-text/images5/a215617732_CH_18.jpg,7.931019368939018,46.9045878337837,True,0.9,Rural agricultural property with numerous wrapped hay or silage bales and surrounding grassy land.
gated_highres,farmland,45,0.5699761509895325,a174699090_CH_18,An aerial image. It shows: Farm building.,/data/tessera_dataset/image-emb-text/images6/a174699090_CH_18.jpg,7.420264667480765,46.86525523758266,False,0.98,"The image is dominated by a building roof and paved areas, with no visible farmland."
gated_highres,farmland,46,0.5699761509895325,a1069121594_US_17,An aerial image. It shows: View of farmland.,/data/tessera_dataset/image-emb-text/images6/a1069121594_US_17.jpg,-84.34182042341962,40.68854105660033,True,0.99,Broad expanses of cultivated crop fields with visible field boundaries and planting or harvest patterns.
gated_highres,farmland,47,0.5699761509895325,a413278852_CH_18,An aerial image. It shows: Farm building.,/data/tessera_dataset/image-emb-text/images7/a413278852_CH_18.jpg,7.406130945098508,46.82776877089053,True,0.72,Small cultivated garden plots or crop beds are visibly present beside the rural buildings.
gated_highres,farmland,48,0.5699761509895325,a689397095_FI_21,An aerial image. It shows: Farmyard area.,/data/tessera_dataset/image-emb-text/images5/a689397095_FI_21.jpg,22.05834905851625,63.06719684264405,True,0.99,Large green cultivated field with parallel crop rows adjacent to an agricultural farm complex.
gated_highres,farmland,49,0.5699761509895325,a177184589_CH_18,An aerial image. It shows: Farm building.,/data/tessera_dataset/image-emb-text/images7/a177184589_CH_18.jpg,7.468911458916254,46.86121792014396,True,0.84,Visible crop rows or cultivated vegetation along the left side beside the rural building.
gated_highres,farmland,50,0.5699761509895325,a222983669_CH_18,An aerial image. It shows: Rural barn.,/data/tessera_dataset/image-emb-text/images4/a222983669_CH_18.jpg,7.90561445269357,46.53579021041329,True,0.7,"Open grassy land surrounds an isolated rural structure, consistent with pasture or agricultural grassland."
gated_highres,farmland,51,0.5699761509895325,a216585627_CH_18,An aerial image. It shows: Farmyard area.,/data/tessera_dataset/image-emb-text/images7/a216585627_CH_18.jpg,7.932381899999999,46.9157309,True,0.93,Aerial view shows a rural farm complex surrounded by expansive maintained grassy fields and agricultural storage materials.
gated_highres,farmland,52,0.5699761509895325,a719416723_CH_20,An aerial image. It shows: Orchard.,/data/tessera_dataset/image-emb-text/images7/a719416723_CH_20.jpg,7.348787177017137,46.21141306509965,True,0.95,Rows of cultivated vegetation and orchard-like plantings are clearly visible across the parcel.
gated_highres,farmland,53,0.5699761509895325,a282015179_CH_18,An aerial image. It shows: Barn.,/data/tessera_dataset/image-emb-text/images7/a282015179_CH_18.jpg,7.4934946804793645,46.849465713460496,True,0.86,A clearly organized vegetable garden or cultivated plot is visible between the agricultural buildings.
gated_highres,farmland,54,0.5699761509895325,n10651866977_CH_18,"An aerial image. It shows: Solar power generator utilizing photovoltaic technology, consisting of solar photovoltaic panels.",/data/tessera_dataset/image-emb-text/images6/n10651866977_CH_18.jpg,7.929422266354857,47.0950338085606,True,0.84,Small rows of cultivated plants and garden beds are visibly present beside the buildings.
gated_highres,farmland,55,0.5699761509895325,a245290301_CH_18,An aerial image. It shows: Rural barn.,/data/tessera_dataset/image-emb-text/images5/a245290301_CH_18.jpg,7.4116677366266055,46.65045861359479,False,0.78,"The image mainly shows a building surrounded by grass, with no clearly visible cultivated field or crop pattern."
gated_highres,farmland,56,0.5699761509895325,a323075771_CH_21,An aerial image. It shows: Farmyard area.,/data/tessera_dataset/image-emb-text/images7/a323075771_CH_21.jpg,7.5703673,47.3658209,True,0.94,"A rural agricultural compound with barns, farm equipment, storage structures, and surrounding grassy land is clearly visible."
gated_highres,farmland,57,0.5699761509895325,a234242549_CH_18,An aerial image. It shows: Farm building.,/data/tessera_dataset/image-emb-text/images5/a234242549_CH_18.jpg,7.4311821,46.813408949999996,False,0.8,"Only rooftops, a small outbuilding, and surrounding grass are visible; no clearly identifiable farmland or cultivated land is present."
gated_highres,farmland,58,0.5699761509895325,a255959082_CH_18,An aerial image. It shows: Rural barn.,/data/tessera_dataset/image-emb-text/images6/a255959082_CH_18.jpg,7.481065233309268,46.6103644074948,True,0.88,A farm building is surrounded by a broad grassy field and visible agricultural storage materials.
gated_highres,farmland,59,0.5699761509895325,a241853550_CH_18,An aerial image. It shows: Barn.,/data/tessera_dataset/image-emb-text/images4/a241853550_CH_18.jpg,7.428791375198286,46.65489701085829,True,0.9,A barn-like structure sits within a large continuous grassy agricultural field.
gated_highres,farmland,60,0.5699761509895325,n6642530161_FI_22,An aerial image. It shows: Farm.,/data/tessera_dataset/image-emb-text/images7/n6642530161_FI_22.jpg,22.66762334408308,60.63369471424415,True,0.98,"A large visibly tilled field occupies much of the image beside a farmstead, providing direct evidence of farmland."
gated_highres,farmland,61,0.5699761509895325,n6636609964_FI_22,An aerial image. It shows: Farm.,/data/tessera_dataset/image-emb-text/images5/n6636609964_FI_22.jpg,22.6294791200227,60.60800046314057,True,0.99,Aerial view clearly shows large cultivated fields surrounding a farmstead.
gated_highres,farmland,62,0.5699761509895325,a290632615_CH_18,An aerial image. It shows: Residential building.,/data/tessera_dataset/image-emb-text/images2/a290632615_CH_18.jpg,7.4284769177444145,46.81376492250139,False,0.88,"The image mainly shows a residential property, lawn, garden plots, and outbuildings; no clearly identifiable farmland is visible."
gated_highres,farmland,63,0.5699761509895325,a675195551_CH_18,An aerial image. It shows: Beautiful meadow.,/data/tessera_dataset/image-emb-text/images5/a675195551_CH_18.jpg,7.493079369686801,46.872391187109145,True,0.9,A broad grassy agricultural field with parallel tracks is clearly visible.
gated_highres,farmland,64,0.5699761509895325,a240871328_CH_18,An aerial image. It shows: Rural barn.,/data/tessera_dataset/image-emb-text/images6/a240871328_CH_18.jpg,7.485683763222112,46.653995914040195,True,0.82,"A grassy field or pasture is visible beside a farm building, indicating agricultural land use."
gated_highres,farmland,65,0.5699761509895325,n9711923005_CH_18,An aerial image. It shows: Farm.,/data/tessera_dataset/image-emb-text/images7/n9711923005_CH_18.jpg,7.9432841,47.0373221,True,0.78,"Farm structures, a dirt access track, and surrounding grassy agricultural land are visible."
gated_highres,farmland,66,0.5699761509895325,a1173656588_FI_21,An aerial image. It shows: Farmyard in rural farm setting.,/data/tessera_dataset/image-emb-text/images6/a1173656588_FI_21.jpg,22.996906250000002,60.9876122,True,0.99,A large cultivated field is prominent beside a rural farmstead.
gated_highres,farmland,67,0.5699761509895325,a206168058_CH_18,An aerial image. It shows: Farm auxiliary building.,/data/tessera_dataset/image-emb-text/images4/a206168058_CH_18.jpg,7.48813225242937,46.824911170054904,True,0.8,"A large grassy field directly adjacent to agricultural buildings is visible, consistent with pasture or farmland."
gated_highres,farmland,68,0.5699761509895325,a505454721_ES_18,An aerial image. It shows: Gabled roofed house.,/data/tessera_dataset/image-emb-text/images5/a505454721_ES_18.jpg,-8.67207355,43.2307552,False,0.97,The image is dominated by a building roof and a small patch of vegetation; farmland is not visibly present.
gated_highres,farmland,69,0.5699761509895325,a290691768_CH_18,An aerial image. It shows: Farm building.,/data/tessera_dataset/image-emb-text/images5/a290691768_CH_18.jpg,7.415834438697741,46.80317206675612,True,0.84,A grassy field with visible mowing or cultivation patterns is shown beside farm buildings.
gated_highres,farmland,70,0.5699761509895325,a174409473_CH_18,An aerial image. It shows: Rural barn.,/data/tessera_dataset/image-emb-text/images6/a174409473_CH_18.jpg,7.4161276408766295,46.88021187884388,True,0.99,A clearly cultivated crop field with curved parallel tractor or planting tracks occupies the upper portion of the image.
gated_highres,farmland,71,0.5699761509895325,a216704615_CH_18,An aerial image. It shows: Farmyard area.,/data/tessera_dataset/image-emb-text/images3/a216704615_CH_18.jpg,7.93987885,46.9297745,True,0.98,"Aerial view visibly shows extensive green agricultural fields surrounding a farmstead, with a cultivated garden area."
gated_highres,farmland,72,0.5699761509895325,a570741801_CH_18,An aerial image. It shows: Barn.,/data/tessera_dataset/image-emb-text/images5/a570741801_CH_18.jpg,7.47362205802406,46.653037869986925,True,0.96,Most of the image is a green field with visible curved crop or mowing patterns.
gated_highres,farmland,73,0.5699761509895325,a1178321856_FI_22,An aerial image. It shows: Farmyard area.,/data/tessera_dataset/image-emb-text/images6/a1178321856_FI_22.jpg,22.029303377346956,61.417320388080654,True,0.99,"A large continuous cultivated crop field occupies the foreground, with visible field markings and rows."
gated_highres,farmland,74,0.5699761509895325,w355506121_US_21,An aerial image. It shows: Driveway.,/data/tessera_dataset/image-emb-text/images5/w355506121_US_21.jpg,-76.31821428698562,39.01721348031835,True,0.95,"Visible brown agricultural fields flank a farm track, including a large harvested or tilled field."
gated_highres,farmland,75,0.5699761509895325,a417111396_CH_18,An aerial image. It shows: Farm building.,/data/tessera_dataset/image-emb-text/images5/a417111396_CH_18.jpg,7.446040784694688,46.86450195385517,True,0.87,A farmstead is surrounded by visible garden plots and green agricultural land.
gated_highres,farmland,76,0.5699761509895325,a80388240_US_21,An aerial image. It shows: Farmyard area.,/data/tessera_dataset/image-emb-text/images4/a80388240_US_21.jpg,-96.17344178653153,43.04317862701664,True,0.99,A large green crop field with visible agricultural tracks occupies most of the image beside farm buildings.
gated_highres,farmland,77,0.5699761509895325,a1082490278_FI_22,An aerial image. It shows: Farmyard area.,/data/tessera_dataset/image-emb-text/images6/a1082490278_FI_22.jpg,22.687682211693897,60.642972527577584,True,0.99,The farm compound is visibly embedded within broad harvested and cultivated fields.
gated_highres,farmland,78,0.5699761509895325,w892511249_US_20,An aerial image. It shows: Driveway leading to service road.,/data/tessera_dataset/image-emb-text/images7/w892511249_US_20.jpg,-98.11513825686245,29.389651641955364,True,0.91,A rural agricultural property is surrounded by a large brown field or pasture area.
gated_highres,farmland,79,0.5699761509895325,a1082282623_FI_22,An aerial image. It shows: Farmyard area.,/data/tessera_dataset/image-emb-text/images4/a1082282623_FI_22.jpg,22.693245432792608,60.658215203516406,True,0.99,Extensive plowed or harvested agricultural fields visibly surround the central farmstead.
gated_highres,farmland,80,0.5699761509895325,a428554970_CH_18,An aerial image. It shows: Rural barn.,/data/tessera_dataset/image-emb-text/images7/a428554970_CH_18.jpg,8.223889796377954,46.71325817185762,True,0.9,The image visibly shows a farm building with surrounding green pasture or agricultural land.
gated_highres,farmland,81,0.5699761509895325,a234242543_CH_18,An aerial image. It shows: Cabin.,/data/tessera_dataset/image-emb-text/images3/a234242543_CH_18.jpg,7.46334419241653,46.801919599515756,False,0.99,"The image shows a house and surrounding yard or grass, with no clearly visible cultivated farmland."
gated_highres,farmland,82,0.5699761509895325,a418124432_CH_18,An aerial image. It shows: Rural barn.,/data/tessera_dataset/image-emb-text/images5/a418124432_CH_18.jpg,7.484387698645299,46.81913619002873,False,0.99,"The image is dominated by residential buildings, lawns, and driveways; no farmland is visibly present."
gated_highres,farmland,83,0.5699761509895325,a638323404_CH_18,An aerial image. It shows: Shed building.,/data/tessera_dataset/image-emb-text/images4/a638323404_CH_18.jpg,7.401758573613419,46.83801329110169,False,0.99,"The image shows a village or residential area with roofs, roads, stored materials, and a pool, not farmland."
gated_highres,farmland,84,0.5699761509895325,w754561704_US_21,An aerial image. It shows: Driveway.,/data/tessera_dataset/image-emb-text/images4/w754561704_US_21.jpg,-81.43562573292915,40.63490614637351,True,0.99,Large visibly cultivated fields with parallel planting or tillage patterns occupy most of the image.
gated_highres,farmland,85,0.5699761509895325,a336954713_CH_17,An aerial image. It shows: Forest area.,/data/tessera_dataset/image-emb-text/images5/a336954713_CH_17.jpg,7.325749244770939,46.29506487626704,False,0.78,"The image shows grassy vegetation and trees, but no clearly identifiable cultivated field or agricultural pattern."
gated_highres,farmland,86,0.5699761509895325,a287233761_CH_18,An aerial image. It shows: Rural barn.,/data/tessera_dataset/image-emb-text/images5/a287233761_CH_18.jpg,8.211898292111034,46.747530414506784,False,0.9,"A building is surrounded by uniform grass, but cultivated farmland is not visibly distinguishable."
gated_highres,farmland,87,0.5699761509895325,w7547762_US_21,An aerial image. It shows: Farm access track.,/data/tessera_dataset/image-emb-text/images3/w7547762_US_21.jpg,-85.5244632,31.298298,True,1.0,The image clearly shows harvested or tilled agricultural fields with field boundaries and tractor or crop lines.
gated_highres,farmland,88,0.5699761509895325,a247424267_CH_18,An aerial image. It shows: Barn.,/data/tessera_dataset/image-emb-text/images6/a247424267_CH_18.jpg,7.424844893074252,46.64817469921623,True,0.82,"Farm buildings are surrounded by a large open green field, visibly consistent with agricultural pasture or farmland."
gated_highres,farmland,89,0.5699761509895325,a578395113_US_17,An aerial image. It shows: Vineyard growing grapes.,/data/tessera_dataset/image-emb-text/images6/a578395113_US_17.jpg,-121.18017819193311,45.636677692184804,True,1.0,"Multiple rectangular agricultural plots with dense, regular crop or orchard rows are clearly visible."
gated_highres,farmland,90,0.5699761509895325,a252281083_FI_17,An aerial image. It shows: Farmyard area.,/data/tessera_dataset/image-emb-text/images5/a252281083_FI_17.jpg,29.174661371379045,61.25470377691001,True,1.0,A large field with distinct rows of crops and exposed soil is clearly visible in the lower portion of the image.
gated_highres,farmland,91,0.5699761509895325,a550930727_CH_18,An aerial image. It shows: Cabin.,/data/tessera_dataset/image-emb-text/images2/a550930727_CH_18.jpg,7.489521063519458,46.66821058021708,False,0.98,Green grass surrounding a building; no visible cultivated field or agricultural land-use pattern.
gated_highres,farmland,92,0.5699761509895325,a222984359_CH_18,An aerial image. It shows: Rural barn.,/data/tessera_dataset/image-emb-text/images4/a222984359_CH_18.jpg,7.904386623519217,46.54133146895921,False,0.98,"Mowed grassy yard beside a building, without visible crops or field boundaries."
gated_highres,farmland,93,0.5699761509895325,w997732805_CH_20,An aerial image. It shows: Wooden fence.,/data/tessera_dataset/image-emb-text/images3/w997732805_CH_20.jpg,6.930941082214989,46.38044739567181,False,0.97,Residential yard and driveway with grass; no visible farmland.
gated_highres,farmland,94,0.5699761509895325,a705957701_FI_22,An aerial image. It shows: Farmyard area.,/data/tessera_dataset/image-emb-text/images4/a705957701_FI_22.jpg,22.670492003119687,60.60970653590715,True,0.99,A large visibly cultivated field with crop rows surrounds a farm compound.
gated_highres,farmland,95,0.5699761509895325,a497763776_CH_18,An aerial image. It shows: Farm building.,/data/tessera_dataset/image-emb-text/images6/a497763776_CH_18.jpg,7.9230257,46.9815162,False,0.99,Close aerial view of building rooftops; no farmland is visible.
gated_highres,farmland,96,0.5699761509895325,a62015478_US_20,An aerial image. It shows: Vineyard where grapes are grown.,/data/tessera_dataset/image-emb-text/images4/a62015478_US_20.jpg,-119.60753542353343,36.681246380070704,True,1.0,Extensive agricultural field with many evenly spaced crop rows is clearly visible.
gated_highres,farmland,97,0.5699761509895325,a497764086_CH_21,An aerial image. It shows: Farm building.,/data/tessera_dataset/image-emb-text/images5/a497764086_CH_21.jpg,7.911369440915205,46.963514581337634,False,0.99,"Residential building, driveway, and surrounding vegetation; no visible farmland."
gated_highres,farmland,98,0.5699761509895325,a190290303_CH_18,An aerial image. It shows: Farm building.,/data/tessera_dataset/image-emb-text/images7/a190290303_CH_18.jpg,7.480770647418595,46.84047562798052,False,0.99,Building rooftops and trees dominate the image; no farmland is visible.
gated_highres,farmland,99,0.5699761509895325,a418124448_CH_18,An aerial image. It shows: Farmyard area.,/data/tessera_dataset/image-emb-text/images7/a418124448_CH_18.jpg,7.487725740456844,46.81568778058272,False,0.88,"Farm buildings, yards, and small garden areas are visible, but no clearly identifiable farmland or broad cultivated field."
gated_highres,farmland,100,0.5699761509895325,a231531181_CH_20,An aerial image. It shows: Beautiful meadow.,/data/tessera_dataset/image-emb-text/images6/a231531181_CH_20.jpg,6.979067654110286,46.23401079469315,False,0.86,"Open grassy area bordered by trees, with no clear crop rows or other visible agricultural indicators."
gated_highres,hospital,1,0.5453442931175232,a551517828_US_19,An aerial image. It shows: Healthcare facility identified as hospital.,/data/tessera_dataset/image-emb-text/images7/a551517828_US_19.jpg,-78.57864039835621,41.426511584316074,True,0.98,Large institutional building complex with extensive parking and a clearly marked helipad visible at the lower right.
gated_highres,hospital,2,0.5453442931175232,a256802257_US_21,An aerial image. It shows: Hospital building.,/data/tessera_dataset/image-emb-text/images2/a256802257_US_21.jpg,-111.75268422349257,33.28727984833563,True,0.94,"Large sprawling institutional complex with multiple connected wings, landscaped grounds, and extensive parking consistent with a hospital campus."
gated_highres,hospital,3,0.5453442931175232,a307169575_US_21,An aerial image. It shows: Hospital building.,/data/tessera_dataset/image-emb-text/images3/a307169575_US_21.jpg,-82.73971159999999,27.75274615,True,0.68,Large flat-roofed institutional building complex with access roads and parking; the image is low resolution but the scale and layout are consistent with a hospital.
gated_highres,hospital,4,0.5453442931175232,a443275508_US_21,An aerial image. It shows: Hospital.,/data/tessera_dataset/image-emb-text/images2/a443275508_US_21.jpg,-70.53249919247551,44.21009616205778,True,0.99,Large medical-looking building complex with extensive parking and a clearly visible red medical cross marking near the lower right.
gated_highres,hospital,5,0.5453442931175232,a508568085_US_21,An aerial image. It shows: Hospital providing healthcare services.,/data/tessera_dataset/image-emb-text/images7/a508568085_US_21.jpg,-82.6225566,27.48238955,True,0.99,Large hospital-like building campus with extensive parking and a clearly marked helipad featuring a medical cross near the center-right.
gated_highres,hospital,6,0.5453442931175232,a831330571_US_21,An aerial image. It shows: Hospital building.,/data/tessera_dataset/image-emb-text/images4/a831330571_US_21.jpg,-82.68810300571425,28.361008280548326,True,0.95,"Very large interconnected institutional building complex with multiple service areas, access roads, and extensive surrounding parking."
gated_highres,hospital,7,0.5453442931175232,a448329509_FI_19,An aerial image. It shows: Town hall building.,/data/tessera_dataset/image-emb-text/images3/a448329509_FI_19.jpg,23.69167895,63.5494734,True,0.76,"Large multi-wing institutional building with surrounding parking and service access, visibly consistent with a hospital facility."
gated_highres,hospital,8,0.5453442931175232,a265368698_US_19,An aerial image. It shows: Hospital building.,/data/tessera_dataset/image-emb-text/images5/a265368698_US_19.jpg,-75.10843804493129,39.92857801798459,True,0.91,"Dense multi-building institutional campus with extensive parking, internal roads, and medical-facility-style layout."
gated_highres,hospital,9,0.5453442931175232,a485441583_US_21,An aerial image. It shows: Hospital providing healthcare services.,/data/tessera_dataset/image-emb-text/images7/a485441583_US_21.jpg,-117.05475708683127,46.4024265356548,True,0.97,"Large connected institutional complex with ambulance/service drive areas, numerous parking lots, and a visible helipad or medical marking at the lower left."
gated_highres,hospital,10,0.5453442931175232,a595461447_US_21,An aerial image. It shows: Hospital providing healthcare services.,/data/tessera_dataset/image-emb-text/images4/a595461447_US_21.jpg,-103.22449030919239,44.05660196887985,True,0.99,"Large hospital campus with extensive parking, ambulance/service access, and a clearly visible red medical cross marking on the rooftop area."
gated_highres,hospital,11,0.5453442931175232,a30791438_US_19,An aerial image. It shows: Hospital building.,/data/tessera_dataset/image-emb-text/images6/a30791438_US_19.jpg,-122.47293162058376,48.77353203993165,True,0.98,"Large institutional medical complex with a clearly visible rooftop helipad marked by a white cross, extensive connected buildings, and surrounding parking."
gated_highres,hospital,12,0.5453442931175232,a238777201_US_21,An aerial image. It shows: Hospital building.,/data/tessera_dataset/image-emb-text/images6/a238777201_US_21.jpg,-103.22511474377905,44.05675125314776,True,0.78,"Large multi-building institutional complex with extensive parking and service access, visually consistent with a hospital campus."
gated_highres,hospital,13,0.5453442931175232,a317348336_US_22,An aerial image. It shows: Healthcare facility identified as hospital.,/data/tessera_dataset/image-emb-text/images6/a317348336_US_22.jpg,-80.140942800491,26.102692703837057,True,0.99,Large medical complex with a clearly visible helipad bearing a red cross on the roof.
gated_highres,hospital,14,0.5453442931175232,a165121021_US_21,An aerial image. It shows: Hospital building.,/data/tessera_dataset/image-emb-text/images5/a165121021_US_21.jpg,-87.69212116135822,41.76895123345045,True,0.72,"Dense, large institutional building complex with multiple connected wings, service areas, and substantial adjacent parking, consistent with a hospital."
gated_highres,hospital,15,0.5453442931175232,a211838413_US_21,An aerial image. It shows: Hospital building.,/data/tessera_dataset/image-emb-text/images4/a211838413_US_21.jpg,-72.20991077709226,42.58598368319007,False,0.68,"Small institutional-looking building among roads, trees, and parking lots, but no clearly visible hospital-specific feature or land-use evidence."
gated_highres,hospital,16,0.5453442931175232,a484438576_US_21,An aerial image. It shows: Hospital building serving as healthcare amenity.,/data/tessera_dataset/image-emb-text/images7/a484438576_US_21.jpg,-105.12962370500078,39.71658139741158,True,0.99,Large hospital-like campus with extensive parking and a clearly visible rooftop helipad marked with a red cross.
gated_highres,hospital,17,0.5453442931175232,a173202753_CH_19,An aerial image. It shows: Gray office building with flat roof.,/data/tessera_dataset/image-emb-text/images3/a173202753_CH_19.jpg,8.71907095,47.349605049999994,False,0.82,"Dense urban rooftop and terrace structures are visible, but there is no clear hospital-specific feature or recognizable medical land use."
gated_highres,hospital,18,0.5453442931175232,a66291719_US_20,An aerial image. It shows: Hospital building.,/data/tessera_dataset/image-emb-text/images6/a66291719_US_20.jpg,-90.45772965583807,42.71938073673361,False,0.76,"Institutional building beside parking and an apparent construction or recreation area, without clear visual evidence that it is a hospital."
gated_highres,hospital,19,0.5453442931175232,a466206925_US_18,An aerial image. It shows: Healthcare facility identified as hospital.,/data/tessera_dataset/image-emb-text/images5/a466206925_US_18.jpg,-79.6675063,36.3536408,True,0.96,Extensive connected medical-campus buildings with very large parking areas and a visible rooftop helipad marked by a red cross.
gated_highres,hospital,20,0.5453442931175232,a486493489_US_22,An aerial image. It shows: Hospital building.,/data/tessera_dataset/image-emb-text/images5/a486493489_US_22.jpg,-80.09743085062996,26.922889380641916,True,0.93,"Large institutional medical complex beside a lake, with a clearly visible white-cross helipad on the lawn and extensive parking."
gated_highres,hospital,21,0.5453442931175232,a363214589_US_19,An aerial image. It shows: Hospital building.,/data/tessera_dataset/image-emb-text/images5/a363214589_US_19.jpg,-122.30890724697932,47.56272541074861,False,0.63,"Dense urban buildings and streets are visible, but there is no clearly identifiable hospital structure or medical campus."
gated_highres,hospital,22,0.5453442931175232,a347002167_US_21,An aerial image. It shows: Hospital building.,/data/tessera_dataset/image-emb-text/images4/a347002167_US_21.jpg,-76.5878336590438,39.35825867624793,True,0.91,"Large connected institutional building complex with extensive parking, internal access roads, landscaped courtyards, and a hospital-like campus layout."
gated_highres,hospital,23,0.5453442931175232,a361217307_US_19,An aerial image. It shows: Hospital building.,/data/tessera_dataset/image-emb-text/images6/a361217307_US_19.jpg,-81.05387615000001,29.201742199999998,True,0.98,"Extensive medical-campus layout with multiple connected buildings, large parking areas, landscaped entrances, and a visibly marked medical cross on a rooftop."
gated_highres,hospital,24,0.5453442931175232,a330315464_US_20,An aerial image. It shows: Hospital providing healthcare services.,/data/tessera_dataset/image-emb-text/images5/a330315464_US_20.jpg,-90.24120071607967,38.776348535144805,True,0.94,"Large multi-building institutional complex surrounded by very extensive parking lots, access roads, and drop-off areas, consistent with a hospital campus."
gated_highres,hospital,25,0.5453442931175232,a238358929_US_19,An aerial image. It shows: Healthcare facility identified as hospital.,/data/tessera_dataset/image-emb-text/images6/a238358929_US_19.jpg,-85.89201015,31.04882205,False,0.72,"Low-rise institutional buildings and parking are visible, but the layout does not provide clear visual evidence that the land use is a hospital."
gated_highres,hospital,26,0.5453442931175232,a298830540_US_21,An aerial image. It shows: Hospital providing healthcare services.,/data/tessera_dataset/image-emb-text/images5/a298830540_US_21.jpg,-111.79442738346181,33.58543577082409,False,0.65,"A large institutional building with parking and a prominent circular entrance area is visible, but the hospital use is not visually distinguishable."
gated_highres,hospital,27,0.5453442931175232,a298344123_US_21,An aerial image. It shows: Hospital building.,/data/tessera_dataset/image-emb-text/images5/a298344123_US_21.jpg,-72.48936370046133,41.802670278637535,False,0.88,"Small wooded facility with parking and several buildings, but no clear hospital-specific structures or medical-campus indicators are visible."
gated_highres,hospital,28,0.5453442931175232,a1010077321_US_19,An aerial image. It shows: Elementary school.,/data/tessera_dataset/image-emb-text/images2/a1010077321_US_19.jpg,-122.44309205796668,48.7679189993939,True,0.78,"A substantial healthcare-like building with a covered entrance, internal drop-off circulation, and dedicated parking is visible."
gated_highres,hospital,29,0.5453442931175232,a257192871_US_19,An aerial image. It shows: Hospital building.,/data/tessera_dataset/image-emb-text/images6/a257192871_US_19.jpg,-79.89605070582255,40.48905307152236,True,0.77,"Large connected institutional buildings with extensive adjacent parking and service areas are visible, consistent with a hospital complex."
gated_highres,hospital,30,0.5453442931175232,a32945397_US_19,An aerial image. It shows: Healthcare facility identified as hospital.,/data/tessera_dataset/image-emb-text/images7/a32945397_US_19.jpg,-106.30925554999999,42.84803425,True,0.84,"Large connected multi-building campus with multiple courtyards, service areas, access roads, and parking, visually consistent with a hospital."
gated_highres,hospital,31,0.5453442931175232,a339165743_US_21,An aerial image. It shows: Hospital building with surveillance equipment.,/data/tessera_dataset/image-emb-text/images3/a339165743_US_21.jpg,-83.65178175435841,41.017809442611735,True,0.86,"Large multi-building institutional complex with extensive parking lots, internal access roads, and a dense urban medical-campus layout."
gated_highres,hospital,32,0.5453442931175232,a340171236_US_20,An aerial image. It shows: Ambulance station building.,/data/tessera_dataset/image-emb-text/images3/a340171236_US_20.jpg,-80.23488300101315,36.10101307182373,False,0.82,Small isolated building with limited parking and open grass; no visibly distinctive hospital-scale or medical-campus features.
gated_highres,hospital,33,0.5453442931175232,a450672708_US_19,An aerial image. It shows: Hospital building.,/data/tessera_dataset/image-emb-text/images4/a450672708_US_19.jpg,-81.54869222051994,41.59885716898967,True,0.88,"Large dense institutional complex with multiple connected buildings, substantial parking, and internal circulation areas consistent with a hospital campus."
gated_highres,hospital,34,0.5453442931175232,a681778962_US_21,An aerial image. It shows: Hospital building.,/data/tessera_dataset/image-emb-text/images2/a681778962_US_21.jpg,-103.64286196980042,40.25428883492229,False,0.7,"Low-rise campus-like buildings surrounded by trees and roads, but the image does not visibly establish a hospital or medical facility."
gated_highres,hospital,35,0.5453442931175232,n7936407307_US_19,An aerial image. It shows: Parking space is available.,/data/tessera_dataset/image-emb-text/images4/n7936407307_US_19.jpg,-97.42598021525257,35.19511966954669,False,0.9,Small commercial or office-style buildings with a compact parking lot and open land; no hospital-scale facility is visible.
gated_highres,hospital,36,0.5453442931175232,a638244099_US_21,An aerial image. It shows: Healthcare facility identified as hospital.,/data/tessera_dataset/image-emb-text/images6/a638244099_US_21.jpg,-81.08682758422023,32.02842483920207,True,0.94,"Large institutional building with a prominent entrance drive, extensive adjacent parking, and a campus layout characteristic of a hospital."
gated_highres,hospital,37,0.5453442931175232,n8457918967_US_21,An aerial image. It shows: Healthcare facility identified as hospital.,/data/tessera_dataset/image-emb-text/images7/n8457918967_US_21.jpg,-78.77293313936389,42.780395037146405,True,0.82,"Large multi-wing institutional building surrounded by extensive parking and access roads, visibly consistent with a hospital facility."
gated_highres,hospital,38,0.5453442931175232,a740292877_US_22,An aerial image. It shows: Hospital building.,/data/tessera_dataset/image-emb-text/images6/a740292877_US_22.jpg,-84.8398199229664,30.708122741002946,True,0.78,"Cluster of substantial institutional buildings with internal roads, parking, and landscaped grounds forming a medical or hospital campus."
gated_highres,hospital,39,0.5453442931175232,a491501094_US_17,An aerial image. It shows: Healthcare facility identified as hospital.,/data/tessera_dataset/image-emb-text/images6/a491501094_US_17.jpg,-81.08889228273273,32.029795549409485,True,0.96,"Very large sprawling multi-building complex with extensive parking, service areas, and internal circulation, strongly consistent with a hospital campus."
gated_highres,hospital,40,0.5453442931175232,a831330583_US_21,An aerial image. It shows: Hospital building.,/data/tessera_dataset/image-emb-text/images4/a831330583_US_21.jpg,-82.68575926495444,28.361775418613778,True,0.8,"Multiple large institutional buildings connected by access roads and surrounded by extensive parking, consistent with a hospital or medical campus."
gated_highres,hospital,41,0.5453442931175232,a484449649_US_21,An aerial image. It shows: Hospital building serving as healthcare amenity.,/data/tessera_dataset/image-emb-text/images6/a484449649_US_21.jpg,-105.13014400336186,39.71700770737995,True,0.82,"Large institutional building complex with extensive surrounding parking lots and internal access roads, consistent with a hospital campus."
gated_highres,hospital,42,0.5453442931175232,n357117853_US_21,An aerial image. It shows: Healthcare facility identified as hospital.,/data/tessera_dataset/image-emb-text/images6/n357117853_US_21.jpg,-78.89865414299949,34.057398900450465,True,0.7,"Large multi-wing building with a central courtyard, drop-off circulation, and substantial adjacent parking, visibly consistent with a healthcare facility."
gated_highres,hospital,43,0.5453442931175232,a650738211_US_21,An aerial image. It shows: Hospital building.,/data/tessera_dataset/image-emb-text/images3/a650738211_US_21.jpg,-77.6242642059302,43.12270385993574,False,0.58,"Dense urban rooftop structures are visible, but the image does not clearly show a hospital or a distinguishable hospital campus."
gated_highres,hospital,44,0.5453442931175232,a565543426_US_18,An aerial image. It shows: Healthcare facility identified as hospital.,/data/tessera_dataset/image-emb-text/images7/a565543426_US_18.jpg,-99.15289643591422,30.043454867630246,True,0.96,"Large multi-wing institutional complex surrounded by extensive parking, landscaped access roads, and likely patient drop-off areas, strongly indicating a hospital."
gated_highres,hospital,45,0.5453442931175232,a371266492_US_20,An aerial image. It shows: Hospital building.,/data/tessera_dataset/image-emb-text/images5/a371266492_US_20.jpg,-88.06629234891895,44.53339063570445,True,0.8,"Visible portion shows a large interconnected institutional building with extensive parking and circulation areas, consistent with a hospital."
gated_highres,hospital,46,0.5453442931175232,a670614456_US_19,An aerial image. It shows: College building.,/data/tessera_dataset/image-emb-text/images4/a670614456_US_19.jpg,-74.01411483473967,41.51111128026316,True,0.68,"Standalone institutional complex with multiple connected wings, parking, and dedicated access drives; consistent with a smaller hospital or medical facility."
gated_highres,hospital,47,0.5453442931175232,a692971860_US_19,An aerial image. It shows: Healthcare facility identified as hospital.,/data/tessera_dataset/image-emb-text/images4/a692971860_US_19.jpg,-77.53739209252207,40.055411499829326,True,0.7,"Sprawling low-rise institutional campus with multiple wings, parking areas, and vehicle circulation, visually consistent with a hospital facility."
gated_highres,hospital,48,0.5453442931175232,a245395693_US_19,An aerial image. It shows: Healthcare facility identified as hospital.,/data/tessera_dataset/image-emb-text/images7/a245395693_US_19.jpg,-73.96856435000001,40.9043293,True,0.95,"Large, dense medical-campus-like complex with numerous connected buildings, extensive parking, service areas, and internal circulation."
gated_highres,hospital,49,0.5453442931175232,a494707290_US_17,An aerial image. It shows: Healthcare facility identified as hospital.,/data/tessera_dataset/image-emb-text/images5/a494707290_US_17.jpg,-84.42555024853786,33.679786998628174,True,0.78,"Broad institutional campus with multiple large buildings, parking, access roads, and a visible marked landing area, consistent with a hospital complex."
gated_highres,hospital,50,0.5453442931175232,a498714596_US_21,An aerial image. It shows: Hospital.,/data/tessera_dataset/image-emb-text/images5/a498714596_US_21.jpg,-86.32772584433204,36.22094189106575,True,0.97,"Large white multi-wing building with prominent drop-off loops, extensive parking lots, and landscaped hospital-campus circulation."
gated_highres,hospital,51,0.5453442931175232,n356551783_US_19,An aerial image. It shows: Hospital providing healthcare services.,/data/tessera_dataset/image-emb-text/images7/n356551783_US_19.jpg,-122.36617245999673,47.53443373316091,True,0.72,"Large multi-building institutional complex with extensive parking lots and landscaped grounds, consistent with a hospital campus."
gated_highres,hospital,52,0.5453442931175232,n10892312269_US_21,An aerial image. It shows: Hospital providing healthcare services.,/data/tessera_dataset/image-emb-text/images6/n10892312269_US_21.jpg,-71.89887927492902,42.20193571072092,True,0.58,"Large institutional building with multiple wings, surrounding access roads, and substantial parking, visually consistent with a medical facility."
gated_highres,hospital,53,0.5453442931175232,a582300173_US_21,An aerial image. It shows: Healthcare facility identified as hospital.,/data/tessera_dataset/image-emb-text/images4/a582300173_US_21.jpg,-70.16291905001884,44.62629949640362,True,0.86,"Large sprawling institutional complex with numerous connected buildings, internal access roads, and extensive parking areas, strongly resembling a hospital."
gated_highres,hospital,54,0.5453442931175232,a164548758_US_19,An aerial image. It shows: Hospital building.,/data/tessera_dataset/image-emb-text/images6/a164548758_US_19.jpg,-76.18846194662953,40.691311645135634,True,0.64,"Dense large-building complex with substantial parking and internal circulation, consistent with an urban hospital or medical center."
gated_highres,hospital,55,0.5453442931175232,a1084962536_US_21,An aerial image. It shows: Hospital building.,/data/tessera_dataset/image-emb-text/images4/a1084962536_US_21.jpg,-89.26675610475837,33.53371372573057,False,0.7,Low-density collection of relatively small buildings and open service areas without clear hospital-scale layout or distinctive medical-campus features.
gated_highres,hospital,56,0.5453442931175232,a557402056_US_19,An aerial image. It shows: Hospital building.,/data/tessera_dataset/image-emb-text/images4/a557402056_US_19.jpg,-91.63403048160612,35.76790980095085,True,0.94,"Very large interconnected building complex surrounded by extensive parking and service access, clearly consistent with a hospital."
gated_highres,hospital,57,0.5453442931175232,a50018843_US_21,An aerial image. It shows: Police building.,/data/tessera_dataset/image-emb-text/images6/a50018843_US_21.jpg,-75.80231487988473,44.04389250964654,True,0.74,"Large institutional building with a prominent central entrance-like form, landscaped grounds, and multiple parking lots, consistent with a hospital facility."
gated_highres,hospital,58,0.5453442931175232,a933559196_US_20,An aerial image. It shows: Hospital building.,/data/tessera_dataset/image-emb-text/images4/a933559196_US_20.jpg,-121.29303850398772,38.576507690222016,True,0.78,"Large modern institutional building with multiple connected wings, drop-off circulation, parking, and landscaped grounds, consistent with a hospital."
gated_highres,hospital,59,0.5453442931175232,a515340234_US_21,An aerial image. It shows: Healthcare facility identified as hospital.,/data/tessera_dataset/image-emb-text/images7/a515340234_US_21.jpg,-86.42141085,34.3649356,True,0.98,"Extensive connected medical-style building complex with multiple large parking lots, service roads, and campus circulation, strongly identifiable as a hospital."
gated_highres,hospital,60,0.5453442931175232,a582269487_US_21,An aerial image. It shows: Hospital providing healthcare services.,/data/tessera_dataset/image-emb-text/images7/a582269487_US_21.jpg,-68.51736725,45.3475628,True,0.8,"Large institutional complex with multiple wings, parking areas, access roads, and a landscaped campus, consistent with a hospital."
gated_highres,hospital,61,0.5453442931175232,a684813511_US_21,An aerial image. It shows: Clinic building providing healthcare services.,/data/tessera_dataset/image-emb-text/images7/a684813511_US_21.jpg,-79.00569324681237,33.676237155913924,True,0.78,"Large institutional building with extensive parking, internal access roads, and a hospital-like multi-wing footprint."
gated_highres,hospital,62,0.5453442931175232,a410969069_US_20,An aerial image. It shows: Government office building.,/data/tessera_dataset/image-emb-text/images7/a410969069_US_20.jpg,-80.24369215336786,35.83226017961485,False,0.83,"Large commercial-looking building and parking lots are visible, but there is no clear hospital-specific structure or land-use signal."
gated_highres,hospital,63,0.5453442931175232,a460591025_US_17,An aerial image. It shows: Hospital providing healthcare services.,/data/tessera_dataset/image-emb-text/images4/a460591025_US_17.jpg,-93.79279270015438,44.842101938936764,True,0.75,"Large medical-campus-like complex with multiple substantial buildings, extensive parking, and internal circulation roads."
gated_highres,hospital,64,0.5453442931175232,a499908346_US_21,An aerial image. It shows: Hospital providing healthcare services.,/data/tessera_dataset/image-emb-text/images5/a499908346_US_21.jpg,-105.6418477,48.1014426,True,0.64,"Large sprawling institutional building with dedicated access roads and parking, consistent with a hospital campus."
gated_highres,hospital,65,0.5453442931175232,a548646020_US_21,An aerial image. It shows: Hospital.,/data/tessera_dataset/image-emb-text/images4/a548646020_US_21.jpg,-90.2599204035088,39.7469943290302,True,0.98,"Extensive interconnected medical-campus buildings, parking, service access, and a clearly visible helipad."
gated_highres,hospital,66,0.5453442931175232,a1117954766_US_20,An aerial image. It shows: Hotel building.,/data/tessera_dataset/image-emb-text/images5/a1117954766_US_20.jpg,-95.52698203915747,29.786461477168736,True,0.72,"Large institutional facility with a prominent entrance drive, multiple access lanes, and substantial surrounding parking."
gated_highres,hospital,67,0.5453442931175232,a38803262_US_21,An aerial image. It shows: Healthcare facility identified as hospital.,/data/tessera_dataset/image-emb-text/images3/a38803262_US_21.jpg,-92.0465387500195,30.21672182859242,True,0.99,"Very large sprawling hospital-like complex with extensive parking, service roads, and a clearly visible helipad."
gated_highres,hospital,68,0.5453442931175232,a884003586_US_21,An aerial image. It shows: Paved parking area.,/data/tessera_dataset/image-emb-text/images7/a884003586_US_21.jpg,-72.41122317051287,41.8696133707589,False,0.94,Small residential or office-like buildings among trees with limited parking; no visible hospital-scale facility.
gated_highres,hospital,69,0.5453442931175232,a594786515_US_19,An aerial image. It shows: Healthcare facility identified as hospital.,/data/tessera_dataset/image-emb-text/images4/a594786515_US_19.jpg,-75.72615852236302,40.83359837531551,True,0.91,Large interconnected institutional complex with extensive parking and a visible marked helipad at the lower left.
gated_highres,hospital,70,0.5453442931175232,n357959675_US_21,An aerial image. It shows: Healthcare clinic is depicted in the image.,/data/tessera_dataset/image-emb-text/images7/n357959675_US_21.jpg,-105.64228053201506,48.10151629184108,True,0.64,"Large sprawling institutional building with dedicated parking and access roads, consistent with a hospital campus."
gated_highres,hospital,71,0.5453442931175232,n10218853565_US_19,An aerial image. It shows: Healthcare clinic is depicted in the image.,/data/tessera_dataset/image-emb-text/images5/n10218853565_US_19.jpg,-79.7551495,39.9125576,False,0.72,"A compact blue-roof institutional building with surrounding parking and lawns is visible, but the pixels do not clearly indicate a hospital."
gated_highres,hospital,72,0.5453442931175232,a583069943_US_19,An aerial image. It shows: Hospital providing healthcare services.,/data/tessera_dataset/image-emb-text/images5/a583069943_US_19.jpg,-95.77654971432565,44.447762411907235,True,0.76,"A large multi-wing institutional complex with extensive parking and access roads is visibly present, consistent with a hospital campus."
gated_highres,hospital,73,0.5453442931175232,n6110587764_US_18,An aerial image. It shows: Healthcare clinic is depicted in the image.,/data/tessera_dataset/image-emb-text/images4/n6110587764_US_18.jpg,-121.996971,37.3360311,True,0.84,"A large dense institutional building with multiple wings, structured access areas, and extensive parking is visible, strongly consistent with a hospital."
gated_highres,hospital,74,0.5453442931175232,a186080476_US_19,An aerial image. It shows: Office building.,/data/tessera_dataset/image-emb-text/images5/a186080476_US_19.jpg,-80.09397936810984,40.677564628173826,False,0.72,"A single rectangular building surrounded by large parking lots is visible, but its form does not clearly identify hospital use."
gated_highres,hospital,75,0.5453442931175232,n357565094_US_19,An aerial image. It shows: Nursing home.,/data/tessera_dataset/image-emb-text/images4/n357565094_US_19.jpg,-114.9623723932987,36.061467901638444,False,0.68,"A radial or star-shaped complex is visible, but the pixels do not provide clear evidence that it is a hospital."
gated_highres,hospital,76,0.5453442931175232,a557434538_US_21,An aerial image. It shows: Commercial building housing healthcare clinic.,/data/tessera_dataset/image-emb-text/images6/a557434538_US_21.jpg,-91.63626691423855,35.76721828033654,True,0.7,"A sizable multi-building institutional complex with numerous parking areas and internal access roads is visible, consistent with hospital or medical use."
gated_highres,hospital,77,0.5453442931175232,a304039493_US_18,An aerial image. It shows: Hospital building providing healthcare services.,/data/tessera_dataset/image-emb-text/images4/a304039493_US_18.jpg,-95.24802730554076,31.9376803750489,True,0.93,"A large campus-scale complex with multiple connected buildings, extensive parking, landscaped access areas, and service circulation is clearly visible, strongly indicating a hospital."
gated_highres,hospital,78,0.5453442931175232,n7936407308_US_19,An aerial image. It shows: Parking space is available.,/data/tessera_dataset/image-emb-text/images5/n7936407308_US_19.jpg,-97.42566385631048,35.19500668717917,False,0.9,"The image shows a small commercial-looking building and parking beside a road, without a visible hospital campus or medical complex."
gated_highres,hospital,79,0.5453442931175232,a871709853_US_21,An aerial image. It shows: Hospital building with healthcare amenities.,/data/tessera_dataset/image-emb-text/images5/a871709853_US_21.jpg,-86.62237640000001,32.880060799999995,True,0.95,"A large multi-wing institutional complex with formal drop-off roads, internal courtyards, and extensive parking is clearly visible, strongly consistent with a hospital."
gated_highres,hospital,80,0.5453442931175232,a106196617_US_19,An aerial image. It shows: Office building.,/data/tessera_dataset/image-emb-text/images7/a106196617_US_19.jpg,-72.26216044719872,43.67903316587929,True,0.73,"A substantial campus building with multiple wings, surrounding parking, wooded grounds, and access roads is visible, consistent with a hospital or medical facility."
gated_highres,hospital,81,0.5453442931175232,a167235274_US_17,An aerial image. It shows: Hospital providing healthcare services.,/data/tessera_dataset/image-emb-text/images4/a167235274_US_17.jpg,-114.98505726602474,36.03876066672507,True,0.66,"Large curved institutional building with extensive surrounding parking and multiple connected wings, consistent with a hospital complex."
gated_highres,hospital,82,0.5453442931175232,a400190452_FI_21,An aerial image. It shows: Hospital building.,/data/tessera_dataset/image-emb-text/images4/a400190452_FI_21.jpg,24.63662473862697,62.00753474903098,False,0.88,"Low-rise red-roof campus buildings with open lawns and parking, but no clear hospital-specific features."
gated_highres,hospital,83,0.5453442931175232,a613170479_US_21,An aerial image. It shows: Commercial building.,/data/tessera_dataset/image-emb-text/images4/a613170479_US_21.jpg,-111.88968505792812,40.72812937114237,False,0.99,Large flat-roof commercial or industrial buildings with loading areas and broad paved lots.
gated_highres,hospital,84,0.5453442931175232,a551523995_US_17,An aerial image. It shows: Hospital providing healthcare services.,/data/tessera_dataset/image-emb-text/images4/a551523995_US_17.jpg,-78.77580449999999,41.1148334,True,0.58,"Large multi-building institutional campus with substantial parking and internal circulation, visually compatible with a hospital site."
gated_highres,hospital,85,0.5453442931175232,n7170556792_US_20,An aerial image. It shows: Healthcare clinic.,/data/tessera_dataset/image-emb-text/images5/n7170556792_US_20.jpg,-80.9477459,35.3243471,True,0.68,"Large low-rise institutional building with extensive parking beside a major road, consistent with a hospital or medical facility."
gated_highres,hospital,86,0.5453442931175232,a568782730_US_18,An aerial image. It shows: Healthcare facility identified as hospital.,/data/tessera_dataset/image-emb-text/images4/a568782730_US_18.jpg,-96.17023119517123,31.72525540907667,False,0.93,"Low-rise buildings in a mixed industrial or institutional area with scattered parking and service yards, without clear hospital indicators."
gated_highres,hospital,87,0.5453442931175232,a659260940_US_21,An aerial image. It shows: Clinic building offering healthcare services.,/data/tessera_dataset/image-emb-text/images7/a659260940_US_21.jpg,-84.89463333771081,32.41356969834361,False,0.94,"Campus-like low-rise buildings separated by roads and lawns, more consistent with a school or ordinary institutional site."
gated_highres,hospital,88,0.5453442931175232,a288387951_US_21,An aerial image. It shows: Hospital building.,/data/tessera_dataset/image-emb-text/images7/a288387951_US_21.jpg,-87.71840723477673,34.51101731103652,True,0.76,"Large dense flat-roofed institutional complex with multiple wings, service access, and extensive parking, consistent with a hospital."
gated_highres,hospital,89,0.5453442931175232,n10980091801_US_21,An aerial image. It shows: Parking space is available.,/data/tessera_dataset/image-emb-text/images6/n10980091801_US_21.jpg,-81.09504037411463,32.03498059506035,False,0.9,"Small peaked-roof building surrounded by trees and parking, with no visible hospital-specific characteristics."
gated_highres,hospital,90,0.5453442931175232,a547365517_US_21,An aerial image. It shows: Hospital providing healthcare services.,/data/tessera_dataset/image-emb-text/images5/a547365517_US_21.jpg,-89.40730852476361,38.90328099342264,True,0.99,"Clearly visible hospital complex with extensive parking, multiple connected medical buildings, and a marked helipad on the adjacent lawn."
gated_highres,hospital,91,0.5453442931175232,a518149748_US_21,An aerial image. It shows: Healthcare facility identified as hospital.,/data/tessera_dataset/image-emb-text/images7/a518149748_US_21.jpg,-80.50534122370891,37.088210811484,True,0.99,"Large interconnected institutional building complex with extensive parking, landscaped grounds, circular drop-off areas, and a clearly visible marked helipad."
gated_highres,hospital,92,0.5453442931175232,n8481437022_US_21,An aerial image. It shows: Parking space.,/data/tessera_dataset/image-emb-text/images6/n8481437022_US_21.jpg,-112.27905515125865,33.5975243764253,False,0.72,"Small building complex with parking and landscaping, but no visually distinctive hospital features are apparent."
gated_highres,hospital,93,0.5453442931175232,a470720618_US_21,An aerial image. It shows: Healthcare clinic.,/data/tessera_dataset/image-emb-text/images6/a470720618_US_21.jpg,-105.10263677392972,39.98637893336247,False,0.75,Medium-sized commercial or institutional building with surrounding parking; the pixels do not clearly indicate hospital use.
gated_highres,hospital,94,0.5453442931175232,a550545293_US_19,An aerial image. It shows: Hospital providing healthcare services.,/data/tessera_dataset/image-emb-text/images5/a550545293_US_19.jpg,-88.72266397083848,41.9609927956447,True,0.98,"Large medical-campus-like complex with multiple connected wings, extensive parking, drop-off drives, and a marked helipad."
gated_highres,hospital,95,0.5453442931175232,a933923416_US_21,An aerial image. It shows: University building.,/data/tessera_dataset/image-emb-text/images5/a933923416_US_21.jpg,-91.19384895552008,30.521666697597574,False,0.8,Low-rise buildings among trees and open grounds; no clear hospital-specific structures or land-use indicators are visible.
gated_highres,hospital,96,0.5453442931175232,a457753292_US_20,An aerial image. It shows: Hospital providing healthcare services.,/data/tessera_dataset/image-emb-text/images4/a457753292_US_20.jpg,-108.21658424608876,36.72333304651167,False,0.7,"Dense urban building complex with roads and parking, but the imagery does not visibly establish hospital use."
gated_highres,hospital,97,0.5453442931175232,n6378797950_US_21,An aerial image. It shows: Veterinary facility.,/data/tessera_dataset/image-emb-text/images6/n6378797950_US_21.jpg,-94.72180976966504,38.92652225796817,False,0.86,Low-rise industrial or commercial buildings with loading areas and parking; no clear hospital indicators are visible.
gated_highres,hospital,98,0.5453442931175232,a442146105_US_21,An aerial image. It shows: Hospital providing healthcare services.,/data/tessera_dataset/image-emb-text/images4/a442146105_US_21.jpg,-73.5521804384365,41.05434518979216,True,0.96,"Very large interconnected institutional complex with extensive parking, landscaped pedestrian paths, and multiple building wings consistent with a hospital campus."
gated_highres,hospital,99,0.5453442931175232,a783216592_US_19,An aerial image. It shows: Hospital building.,/data/tessera_dataset/image-emb-text/images5/a783216592_US_19.jpg,-80.14090219337311,26.102399922057426,True,0.84,"Large interconnected institutional building complex with substantial surrounding parking, access roads, and landscaped grounds, visibly consistent with a hospital campus."
gated_highres,hospital,100,0.5453442931175232,a1037169720_US_18,An aerial image. It shows: Clinic building.,/data/tessera_dataset/image-emb-text/images7/a1037169720_US_18.jpg,-77.41287805,35.61931615,False,0.98,"Only a small section of a flat rooftop is visible, with insufficient pixel evidence to identify a hospital."
gated_highres,airport,1,0.5600692629814148,a1157843713_US_21,An aerial image. It shows: Hangar building at the airport.,/data/tessera_dataset/image-emb-text/images5/a1157843713_US_21.jpg,-111.14969621168532,45.76605554011199,False,0.93,"Paved service roads and large buildings are visible, but no aircraft, runway, taxiway, or clearly identifiable airport apron is present."
gated_highres,airport,2,0.5600692629814148,w1193260645_US_18,An aerial image. It shows: Image of taxiway at airport.,/data/tessera_dataset/image-emb-text/images7/w1193260645_US_18.jpg,-77.16374303786725,39.16777463783897,True,0.78,"The image shows broad paved airfield surfaces, a narrow taxiway-like strip, and curved connecting pavement consistent with airport ground operations."
gated_highres,airport,3,0.5600692629814148,a273498131_US_22,An aerial image. It shows: Hangar building at the airport.,/data/tessera_dataset/image-emb-text/images7/a273498131_US_22.jpg,-80.1685491613213,26.19294204867136,True,1.0,Numerous clearly visible airplanes are parked around large hangars on an airport apron.
gated_highres,airport,4,0.5600692629814148,w1157554980_US_21,An aerial image. It shows: Image of taxiway at airport.,/data/tessera_dataset/image-emb-text/images4/w1157554980_US_21.jpg,-78.93353322454351,33.67490459280902,True,0.67,"A large expanse of marked paved apron or ramp area is visible, consistent with airport land use, though no aircraft are clearly seen."
gated_highres,airport,5,0.5600692629814148,w699713659_US_21,An aerial image. It shows: Image of taxiway at airport.,/data/tessera_dataset/image-emb-text/images5/w699713659_US_21.jpg,-114.0582038,36.8323115,True,0.72,"The image shows extensive paved ramp space, aviation-style ground markings, and small aircraft-like objects near the upper area."
gated_highres,airport,6,0.5600692629814148,w538832439_US_19,An aerial image. It shows: View of taxiway at the airport.,/data/tessera_dataset/image-emb-text/images4/w538832439_US_19.jpg,-89.83202027095658,35.93739922091598,True,0.83,"A paved runway or taxiway runs alongside grass strips and small aviation buildings, with a small aircraft-like object visible near the lower center."
gated_highres,airport,7,0.5600692629814148,w704664908_US_20,An aerial image. It shows: View of taxiway at the airport.,/data/tessera_dataset/image-emb-text/images5/w704664908_US_20.jpg,-97.28308370655358,27.692535601884387,True,0.8,"Multiple curved taxiway or aircraft-stand markings are visible on expansive paved surfaces, indicating an airport apron."
gated_highres,airport,8,0.5600692629814148,w281260849_US_20,An aerial image. It shows: View of taxiway at the airport.,/data/tessera_dataset/image-emb-text/images6/w281260849_US_20.jpg,-123.3578638,43.2380749,True,0.97,A clearly visible airplane is parked on a marked apron surrounded by large hangars and aircraft stand pavement.
gated_highres,airport,9,0.5600692629814148,w1088942332_US_18,An aerial image. It shows: Image of taxiway at airport.,/data/tessera_dataset/image-emb-text/images6/w1088942332_US_18.jpg,-121.29479890436232,38.56310012861459,True,0.84,The scene contains extensive dark paved ramp space with yellow aviation ground markings and equipment or aircraft-service areas.
gated_highres,airport,10,0.5600692629814148,n2792873003_US_21,An aerial image. It shows: Airport gate.,/data/tessera_dataset/image-emb-text/images2/n2792873003_US_21.jpg,-76.67326314156118,39.18018985964811,True,0.98,Several clearly visible airplanes and aircraft stands are present beside a large terminal or hangar structure.
gated_highres,airport,11,0.5600692629814148,w1126716033_US_20,An aerial image. It shows: Image of taxiway at airport.,/data/tessera_dataset/image-emb-text/images4/w1126716033_US_20.jpg,-117.80804775136978,44.83562992042256,False,0.88,"Paved road-like surfaces and landscaped or dirt medians are visible, but no aircraft, runway, terminal, hangar, or other clearly identifiable airport feature appears."
gated_highres,airport,12,0.5600692629814148,w281260853_US_20,An aerial image. It shows: View of taxiway at the airport.,/data/tessera_dataset/image-emb-text/images6/w281260853_US_20.jpg,-123.35733967939078,43.23680785211681,True,0.99,Multiple airplanes are visibly parked on marked apron pavement beside large airport-building structures.
gated_highres,airport,13,0.5600692629814148,a664762725_US_20,An aerial image. It shows: Apron at the airport.,/data/tessera_dataset/image-emb-text/images7/a664762725_US_20.jpg,-117.0203149940065,33.73070380363774,True,0.99,Several small airplanes are clearly visible on aircraft parking stands and apron areas among airport service buildings.
gated_highres,airport,14,0.5600692629814148,w766144885_US_19,An aerial image. It shows: Image of taxiway at airport.,/data/tessera_dataset/image-emb-text/images6/w766144885_US_19.jpg,-123.0259302,48.5254557,True,0.99,"Multiple airplanes, aircraft parking markings, taxiway lines, and adjacent apron infrastructure are clearly visible."
gated_highres,airport,15,0.5600692629814148,a475967119_US_21,An aerial image. It shows: Apron at the airport.,/data/tessera_dataset/image-emb-text/images6/a475967119_US_21.jpg,-97.74640875,36.79206885000001,True,0.72,"The image shows broad marked paved apron areas adjoining large airport-like structures, though the image is highly blurred and aircraft are not clearly discernible."
gated_highres,airport,16,0.5600692629814148,w52736032_US_20,An aerial image. It shows: Asphalt taxiway at the airport.,/data/tessera_dataset/image-emb-text/images3/w52736032_US_20.jpg,-94.31130932017237,32.52227669538159,True,0.96,"A large aircraft apron with connected taxiways, hangar-like buildings, and airport pavement markings is clearly visible."
gated_highres,airport,17,0.5600692629814148,a456618909_US_20,An aerial image. It shows: Apron at the airport.,/data/tessera_dataset/image-emb-text/images7/a456618909_US_20.jpg,-79.50489421552288,35.70489242019059,True,0.97,Several airplanes are visible on a paved apron next to grassy airfield areas and taxiway-like pavement.
gated_highres,airport,18,0.5600692629814148,w281260815_US_20,An aerial image. It shows: Image of taxiway at airport.,/data/tessera_dataset/image-emb-text/images7/w281260815_US_20.jpg,-123.3580430386927,43.23777769748658,True,0.98,Multiple airplanes and large hangar-like buildings are clearly visible on an airport apron with aircraft maneuvering areas.
gated_highres,airport,19,0.5600692629814148,w216346932_US_20,An aerial image. It shows: View of taxiway at the airport.,/data/tessera_dataset/image-emb-text/images4/w216346932_US_20.jpg,-119.18503918470755,35.50575085071631,True,0.95,An airplane is visible on broad apron pavement surrounded by airport buildings and aircraft-service areas.
gated_highres,airport,20,0.5600692629814148,a473453890_US_19,An aerial image. It shows: Hangar building.,/data/tessera_dataset/image-emb-text/images2/a473453890_US_19.jpg,-122.41815810401818,48.47443949840084,True,0.99,Several airplanes are clearly visible parked on extensive apron pavement among multiple large hangars.
gated_highres,airport,21,0.5600692629814148,w389730687_US_21,An aerial image. It shows: Image of taxiway at airport.,/data/tessera_dataset/image-emb-text/images5/w389730687_US_21.jpg,-86.27151966312363,34.39737055278495,True,0.98,Aerial view clearly shows intersecting paved airport runway or taxiway surfaces with runway-like markings and adjacent maintained fields.
gated_highres,airport,22,0.5600692629814148,w47286532_US_20,An aerial image. It shows: Image of taxiway at airport.,/data/tessera_dataset/image-emb-text/images4/w47286532_US_20.jpg,-84.66457099571471,39.05233923682171,True,0.91,Visible paved airfield surface with a central grass island and airport-style pavement layout.
gated_highres,airport,23,0.5600692629814148,a273537770_US_22,An aerial image. It shows: Hangar located at airport.,/data/tessera_dataset/image-emb-text/images7/a273537770_US_22.jpg,-80.16643557802419,26.191300711920107,True,1.0,Multiple airplanes are visibly parked beside large terminal or hangar buildings on an apron.
gated_highres,airport,24,0.5600692629814148,w704664920_US_20,An aerial image. It shows: Image of taxiway at airport.,/data/tessera_dataset/image-emb-text/images4/w704664920_US_20.jpg,-97.28289360012877,27.692922488195215,True,0.97,"Airport apron and adjacent building are visible, with multiple aircraft parking stands and curved stand markings."
gated_highres,airport,25,0.5600692629814148,n3708327973_US_21,An aerial image. It shows: Airport gate.,/data/tessera_dataset/image-emb-text/images6/n3708327973_US_21.jpg,-76.66716009832724,39.18098468105009,True,0.99,"Large airport apron visibly contains aircraft stands, jet bridges or service equipment, and terminal-side structures."
gated_highres,airport,26,0.5600692629814148,n1756749146_US_21,An aerial image. It shows: Image of helipad at airport.,/data/tessera_dataset/image-emb-text/images4/n1756749146_US_21.jpg,-113.82244699082705,35.98589311324828,True,0.76,Broad paved taxiway or runway surface with yellow edge markings and airfield-style separation from surrounding scrubland.
gated_highres,airport,27,0.5600692629814148,n9278978981_US_21,An aerial image. It shows: Airport gate.,/data/tessera_dataset/image-emb-text/images5/n9278978981_US_21.jpg,-94.35830137804996,35.340393719378234,True,0.99,"Airport terminal frontage and apron are visible with aircraft, jet bridges, and ground-service areas."
gated_highres,airport,28,0.5600692629814148,n9602916274_CH_20,An aerial image. It shows: Airport parking position.,/data/tessera_dataset/image-emb-text/images2/n9602916274_CH_20.jpg,7.321655851509169,46.217054116765254,True,0.88,Paved airfield surface with yellow taxiway markings and a dark runway or taxiway crossing.
gated_highres,airport,29,0.5600692629814148,w397241870_US_22,An aerial image. It shows: View of taxiway at the airport.,/data/tessera_dataset/image-emb-text/images5/w397241870_US_22.jpg,-80.16566325524015,26.196712755318963,True,0.79,Aerial view shows broad intersecting paved airfield surfaces consistent with taxiways or runway access areas.
gated_highres,airport,30,0.5600692629814148,n9459258990_US_20,An aerial image. It shows: Airport gate.,/data/tessera_dataset/image-emb-text/images7/n9459258990_US_20.jpg,-97.50244861654288,27.77337911990474,True,1.0,Several aircraft are visibly parked at gates or stands beside a terminal building on a large airport apron.
gated_highres,airport,31,0.5600692629814148,w281260830_US_20,An aerial image. It shows: Image of taxiway at airport.,/data/tessera_dataset/image-emb-text/images5/w281260830_US_20.jpg,-123.3566944,43.2367286,True,0.99,Visible runway or taxiway pavement with aviation markings and an aircraft symbol.
gated_highres,airport,32,0.5600692629814148,n2751312853_US_18,An aerial image. It shows: Airport gate.,/data/tessera_dataset/image-emb-text/images6/n2751312853_US_18.jpg,-121.93173749168716,37.37127990391835,True,0.99,"Visible airport apron with terminal or gate structures, multiple aircraft, and ground-service equipment."
gated_highres,airport,33,0.5600692629814148,a236570910_US_21,An aerial image. It shows: Apron at the airport with concrete surface.,/data/tessera_dataset/image-emb-text/images6/a236570910_US_21.jpg,-81.24595228912384,33.78973614252354,True,0.98,Visible runway and taxiway surfaces with aircraft and airport ground areas.
gated_highres,airport,34,0.5600692629814148,w998958885_US_21,An aerial image. It shows: View of taxiway at the airport.,/data/tessera_dataset/image-emb-text/images6/w998958885_US_21.jpg,-73.4821906927821,41.37426452657795,True,0.97,"Visible complex airport taxiway intersections, runway pavement, and a partial aircraft."
gated_highres,airport,35,0.5600692629814148,w890495014_US_21,An aerial image. It shows: View of taxiway at the airport.,/data/tessera_dataset/image-emb-text/images5/w890495014_US_21.jpg,-111.14910896770729,45.76599961881028,True,0.96,"Visible paved airport access or apron area beside a large aviation facility, with ground vehicles."
gated_highres,airport,36,0.5600692629814148,a163917084_US_20,An aerial image. It shows: Hangar building at the airport.,/data/tessera_dataset/image-emb-text/images2/a163917084_US_20.jpg,-121.92411313500867,37.353579372822544,True,0.99,Visible airport apron and taxiway layout with numerous parked aircraft and marked aircraft stands.
gated_highres,airport,37,0.5600692629814148,w281260836_US_20,An aerial image. It shows: Image of taxiway at airport.,/data/tessera_dataset/image-emb-text/images4/w281260836_US_20.jpg,-123.35768816169407,43.238472338993084,True,0.99,"Visible airport hangars, taxiways, and an aircraft on the pavement."
gated_highres,airport,38,0.5600692629814148,w1088942335_US_18,An aerial image. It shows: Image of taxiway at airport.,/data/tessera_dataset/image-emb-text/images5/w1088942335_US_18.jpg,-121.2955385,38.5631021,True,0.95,Visible marked aircraft apron or hangar apron with aviation pavement markings and stand layouts.
gated_highres,airport,39,0.5600692629814148,w288216062_US_19,An aerial image. It shows: Taxiway at the airport with asphalt surface.,/data/tessera_dataset/image-emb-text/images5/w288216062_US_19.jpg,-123.02606565757405,48.527816328963404,True,0.94,"Visible airfield pavement, aircraft-related buildings or hangars, parking, and a circular marked aircraft movement area."
gated_highres,airport,40,0.5600692629814148,w41446019_US_21,An aerial image. It shows: Image of taxiway at airport.,/data/tessera_dataset/image-emb-text/images5/w41446019_US_21.jpg,-84.4184935,33.6218852,True,0.93,Visible broad airport pavement connected to taxiway curves and marked by an airfield boundary beside grass.
gated_highres,airport,41,0.5600692629814148,a401324912_US_21,An aerial image. It shows: Apron at the airport.,/data/tessera_dataset/image-emb-text/images2/a401324912_US_21.jpg,-111.15298863023543,45.77407125494912,True,0.99,Multiple airplanes are visibly parked on a large paved apron beside airport buildings and access lanes.
gated_highres,airport,42,0.5600692629814148,a664762734_US_20,An aerial image. It shows: Hangar building at the airport.,/data/tessera_dataset/image-emb-text/images6/a664762734_US_20.jpg,-117.0237399678422,33.730052297106084,False,0.88,"A large commercial or industrial building with parking and surrounding roads is visible, but no clear airport-specific features or aircraft appear."
gated_highres,airport,43,0.5600692629814148,w867576907_US_21,An aerial image. It shows: View of taxiway at the airport.,/data/tessera_dataset/image-emb-text/images7/w867576907_US_21.jpg,-94.36913957731231,35.33638318587191,True,0.86,The image shows broad paved aircraft movement surfaces with curved junctions and runway/taxiway-style edge markings.
gated_highres,airport,44,0.5600692629814148,w891150814_US_21,An aerial image. It shows: Image of taxiway at airport.,/data/tessera_dataset/image-emb-text/images6/w891150814_US_21.jpg,-72.82964373496,41.5101880587332,True,0.98,A runway or taxiway runs alongside a parallel paved aircraft movement lane with airport-style markings and access connections.
gated_highres,airport,45,0.5600692629814148,n2751312845_US_20,An aerial image. It shows: Airport gate.,/data/tessera_dataset/image-emb-text/images7/n2751312845_US_20.jpg,-121.9301367,37.3698322,True,0.99,"An airport terminal or concourse with connected aircraft aprons, gate areas, service equipment, and parked aircraft is visible."
gated_highres,airport,46,0.5600692629814148,w766606406_US_19,An aerial image. It shows: Taxiway at the airport with asphalt surface.,/data/tessera_dataset/image-emb-text/images5/w766606406_US_19.jpg,-123.02480066515363,48.521878687558356,True,0.98,Parallel runway and taxiway surfaces with curved aircraft turnarounds and runway signage/markings are clearly visible.
gated_highres,airport,47,0.5600692629814148,w25645486_US_21,An aerial image. It shows: Image of taxiway at airport.,/data/tessera_dataset/image-emb-text/images5/w25645486_US_21.jpg,-80.40811073696386,37.206640756598105,True,0.97,"An aircraft is visible on a broad airport apron, connected to taxiway intersections and airport service areas."
gated_highres,airport,48,0.5600692629814148,w281260822_US_20,An aerial image. It shows: View of taxiway at the airport.,/data/tessera_dataset/image-emb-text/images7/w281260822_US_20.jpg,-123.35653467363909,43.23509246220165,True,0.99,Multiple airplanes are parked on marked apron stands beside a parallel runway or taxiway.
gated_highres,airport,49,0.5600692629814148,n2792873002_US_21,An aerial image. It shows: Airport gate.,/data/tessera_dataset/image-emb-text/images3/n2792873002_US_21.jpg,-76.67264043748469,39.18010305974697,True,0.99,"A large airport apron with aircraft, gate positions, service vehicles, and terminal-side pavement is clearly visible."
gated_highres,airport,50,0.5600692629814148,w891777230_US_20,An aerial image. It shows: View of taxiway at the airport.,/data/tessera_dataset/image-emb-text/images7/w891777230_US_20.jpg,-83.43254931210461,42.66776813536825,True,0.91,"Distinctive airport taxiway/apron pavement, curved aircraft-routing corners, and a large painted surface marking are visible."
gated_highres,airport,51,0.5600692629814148,a564793912_US_20,An aerial image. It shows: Building designed as airport hangar.,/data/tessera_dataset/image-emb-text/images5/a564793912_US_20.jpg,-121.93614379550439,37.362350779680796,True,0.99,Aerial view clearly shows an aircraft on a large paved apron beside marked parking areas and airport facilities.
gated_highres,airport,52,0.5600692629814148,a53621301_US_19,An aerial image. It shows: Hangar at the airport.,/data/tessera_dataset/image-emb-text/images2/a53621301_US_19.jpg,-122.30152349722985,47.52598836187953,True,0.99,"Multiple airplanes, aircraft parking stands, and painted taxiway/apron markings are clearly visible."
gated_highres,airport,53,0.5600692629814148,w1071808806_US_21,An aerial image. It shows: Image of taxiway at airport.,/data/tessera_dataset/image-emb-text/images5/w1071808806_US_21.jpg,-76.6753373465686,39.18149618120505,True,0.82,Large paved aircraft movement surface with faint runway or apron markings and adjacent airport service pavement is visible.
gated_highres,airport,54,0.5600692629814148,w1105445819_US_20,An aerial image. It shows: Jet bridge at the airport.,/data/tessera_dataset/image-emb-text/images6/w1105445819_US_20.jpg,-121.93148256267969,37.3710066815169,True,0.98,"Extensive paved apron with aircraft stands, terminal-like structures, service roads, and aircraft activity is visible."
gated_highres,airport,55,0.5600692629814148,w764682573_US_19,An aerial image. It shows: View of taxiway at the airport.,/data/tessera_dataset/image-emb-text/images4/w764682573_US_19.jpg,-122.30215406214822,47.527379425666126,True,0.99,Clearly marked airport taxiway and apron area with hold lines and aircraft facilities is visible.
gated_highres,airport,56,0.5600692629814148,w286014186_US_19,An aerial image. It shows: Image of taxiway at airport.,/data/tessera_dataset/image-emb-text/images4/w286014186_US_19.jpg,-122.3099247,47.5415796,True,0.97,Curving taxiway junction with yellow airport pavement markings and adjacent runway or apron pavement is visible.
gated_highres,airport,57,0.5600692629814148,a1021134477_US_18,An aerial image. It shows: Apron at the airport.,/data/tessera_dataset/image-emb-text/images5/a1021134477_US_18.jpg,-101.52660042115252,32.211859304961386,True,0.93,"A large hangar-like building, aircraft pavement, and a small airplane are visible in an airport setting."
gated_highres,airport,58,0.5600692629814148,w891777229_US_20,An aerial image. It shows: Image of taxiway at airport.,/data/tessera_dataset/image-emb-text/images6/w891777229_US_20.jpg,-83.4333736,42.6678474,True,0.91,Paved aircraft circulation and parking areas with airport-style markings and a partially visible aircraft are visible.
gated_highres,airport,59,0.5600692629814148,a31360116_US_20,An aerial image. It shows: Apron at the airport.,/data/tessera_dataset/image-emb-text/images7/a31360116_US_20.jpg,-80.22787867807034,36.13681828134172,True,0.98,"Airport apron and taxiway surfaces with yellow markings, aircraft equipment, and terminal-side infrastructure are visible."
gated_highres,airport,60,0.5600692629814148,w998958876_US_21,An aerial image. It shows: View of taxiway at the airport.,/data/tessera_dataset/image-emb-text/images5/w998958876_US_21.jpg,-73.48100211177196,41.37242495159366,True,0.99,Distinctive taxiway intersections and yellow centerline/holding markings are clearly visible in an airport grounds layout.
gated_highres,airport,61,0.5600692629814148,w397241925_US_22,An aerial image. It shows: Image of taxiway at airport.,/data/tessera_dataset/image-emb-text/images5/w397241925_US_22.jpg,-80.16470711127694,26.196657031095214,True,0.99,"Aircraft, airport buildings, and marked paved apron/taxiway areas are clearly visible."
gated_highres,airport,62,0.5600692629814148,a273537769_US_22,An aerial image. It shows: Hangar located at airport.,/data/tessera_dataset/image-emb-text/images7/a273537769_US_22.jpg,-80.16724533944732,26.19157295729597,True,1.0,"Multiple aircraft, hangars or terminal buildings, parked vehicles, and paved apron areas are clearly visible."
gated_highres,airport,63,0.5600692629814148,w384920486_US_19,An aerial image. It shows: Asphalt taxiway in the airport.,/data/tessera_dataset/image-emb-text/images4/w384920486_US_19.jpg,-123.02569608148472,48.524440193020936,True,1.0,"Aircraft, marked taxiways, runway or apron pavement, and airport grounds are clearly visible."
gated_highres,airport,64,0.5600692629814148,a343477998_US_20,An aerial image. It shows: Hangar.,/data/tessera_dataset/image-emb-text/images6/a343477998_US_20.jpg,-80.2257219765069,36.142496170720314,True,0.99,Several aircraft are visibly parked beside large hangar-like buildings on paved airport apron areas.
gated_highres,airport,65,0.5600692629814148,a1108870384_US_22,An aerial image. It shows: Hangar building at the airport.,/data/tessera_dataset/image-emb-text/images7/a1108870384_US_22.jpg,-93.15798235960946,30.217104061940915,True,0.99,"A large paved aircraft apron with airport buildings, service equipment, and aircraft stands is clearly visible."
gated_highres,airport,66,0.5600692629814148,n9459258985_US_18,An aerial image. It shows: Airport gate.,/data/tessera_dataset/image-emb-text/images7/n9459258985_US_18.jpg,-97.50258723637975,27.773973329332435,True,1.0,Multiple aircraft are parked at gates beside a terminal or concourse structure.
gated_highres,airport,67,0.5600692629814148,a204145932_US_20,An aerial image. It shows: Terminal building at the airport.,/data/tessera_dataset/image-emb-text/images2/a204145932_US_20.jpg,-97.5021874772875,27.773668734129153,True,1.0,"Several aircraft, jet bridges, and extensive marked airport apron pavement are clearly visible."
gated_highres,airport,68,0.5600692629814148,w131632063_US_20,An aerial image. It shows: Image of taxiway at airport.,/data/tessera_dataset/image-emb-text/images7/w131632063_US_20.jpg,-121.5968337,38.6946369,True,0.91,Broad paved taxiway or apron surfaces and airport-style aircraft movement areas are visibly present.
gated_highres,airport,69,0.5600692629814148,w1000335413_US_21,An aerial image. It shows: View of taxiway at the airport.,/data/tessera_dataset/image-emb-text/images7/w1000335413_US_21.jpg,-72.8299019806158,41.51041168659203,True,0.99,A marked runway or taxiway is directly adjacent to aircraft parking stands with visible aircraft.
gated_highres,airport,70,0.5600692629814148,w281260835_US_20,An aerial image. It shows: Image of taxiway at airport.,/data/tessera_dataset/image-emb-text/images4/w281260835_US_20.jpg,-123.3569107,43.2343465,True,1.0,Two aircraft are clearly parked on marked airport apron stands beside a taxiway or runway.
gated_highres,airport,71,0.5600692629814148,w95347309_US_21,An aerial image. It shows: View of taxiway at the airport.,/data/tessera_dataset/image-emb-text/images5/w95347309_US_21.jpg,-97.47279,35.1543993,False,0.91,"Shows large buildings and paved access roads, but no clearly visible airport runway, taxiway, aircraft, or apron."
gated_highres,airport,72,0.5600692629814148,a163917092_US_20,An aerial image. It shows: Hangar building at the airport.,/data/tessera_dataset/image-emb-text/images2/a163917092_US_20.jpg,-121.92432337518164,37.353579652271456,True,0.99,Clearly shows an airport apron with multiple aircraft parked beside large terminal or hangar structures and marked aircraft stands.
gated_highres,airport,73,0.5600692629814148,w1193260647_US_21,An aerial image. It shows: View of taxiway at the airport.,/data/tessera_dataset/image-emb-text/images4/w1193260647_US_21.jpg,-77.16129794412518,39.16610006457276,True,0.99,"Clearly shows airport runways or taxiways, runway markings, grass safety areas, and multiple small aircraft."
gated_highres,airport,74,0.5600692629814148,n2751312849_US_20,An aerial image. It shows: Airport gate.,/data/tessera_dataset/image-emb-text/images7/n2751312849_US_20.jpg,-121.93152483835222,37.37110311059561,True,0.98,"Shows a large airport apron with aircraft service equipment, marked paved areas, and terminal or gate-side infrastructure."
gated_highres,airport,75,0.5600692629814148,w281260839_US_20,An aerial image. It shows: View of taxiway at the airport.,/data/tessera_dataset/image-emb-text/images6/w281260839_US_20.jpg,-123.35668952635125,43.23517515474351,True,0.99,"Clearly shows parked airplanes, aircraft stands, and an adjacent marked runway."
gated_highres,airport,76,0.5600692629814148,w1193260644_US_21,An aerial image. It shows: Image of taxiway at airport.,/data/tessera_dataset/image-emb-text/images7/w1193260644_US_21.jpg,-77.16341769618771,39.16775434206679,True,0.99,Clearly shows numerous airplanes parked on an airport apron beside taxiways and grass safety areas.
gated_highres,airport,77,0.5600692629814148,w1000335412_US_21,An aerial image. It shows: View of taxiway at the airport.,/data/tessera_dataset/image-emb-text/images7/w1000335412_US_21.jpg,-72.82991368224666,41.51074374810837,True,0.99,Clearly shows a runway with centerline markings adjacent to an aircraft parking apron containing multiple airplanes.
gated_highres,airport,78,0.5600692629814148,w443387782_US_21,An aerial image. It shows: View of taxiway at the airport.,/data/tessera_dataset/image-emb-text/images6/w443387782_US_21.jpg,-74.37616680406177,41.73063013402044,True,0.98,Shows intersecting airport taxiways with curved yellow guidance lines and paved runway or apron infrastructure.
gated_highres,airport,79,0.5600692629814148,w47286226_US_18,An aerial image. It shows: Image of taxiway at airport.,/data/tessera_dataset/image-emb-text/images5/w47286226_US_18.jpg,-84.6671298296647,39.048307719615075,True,0.96,Shows a large paved aircraft movement area with circular taxiway or stand markings and airport-style guidance lines.
gated_highres,airport,80,0.5600692629814148,n9602916284_CH_17,An aerial image. It shows: Airport parking position.,/data/tessera_dataset/image-emb-text/images3/n9602916284_CH_17.jpg,7.322951913978711,46.21729671411639,True,0.94,"Shows a paved airport movement surface with yellow and red markings, circular stand-like markings, and a dark taxiway or runway edge."
gated_highres,airport,81,0.5600692629814148,n3268466345_US_20,An aerial image. It shows: Airport gate.,/data/tessera_dataset/image-emb-text/images2/n3268466345_US_20.jpg,-118.397735,33.9430204,True,0.99,"Aerial view shows airport terminal buildings, aircraft stands, and adjacent paved aviation areas."
gated_highres,airport,82,0.5600692629814148,w47286284_US_18,An aerial image. It shows: View of taxiway at the airport.,/data/tessera_dataset/image-emb-text/images6/w47286284_US_18.jpg,-84.66017695535521,39.04842506312481,True,0.99,Visible airport apron with circular aircraft stand markings and taxiway areas.
gated_highres,airport,83,0.5600692629814148,a401324933_US_21,An aerial image. It shows: Apron at the airport.,/data/tessera_dataset/image-emb-text/images2/a401324933_US_21.jpg,-111.16057262947504,45.779230844487564,True,1.0,Multiple airplanes are visibly parked at terminal gates on a large airport apron.
gated_highres,airport,84,0.5600692629814148,a130898588_US_21,An aerial image. It shows: Hangar.,/data/tessera_dataset/image-emb-text/images4/a130898588_US_21.jpg,-77.1601123772409,39.16760550857382,True,0.99,"Small airport layout is visible with aircraft, hangars, runways or taxiways, and aviation buildings."
gated_highres,airport,85,0.5600692629814148,w397241920_US_22,An aerial image. It shows: Image of taxiway at airport.,/data/tessera_dataset/image-emb-text/images5/w397241920_US_22.jpg,-80.16842753668647,26.19377692560718,True,0.99,"Several airplanes, aircraft parking areas, and airport-side paved taxiways are visible."
gated_highres,airport,86,0.5600692629814148,w680883362_US_20,An aerial image. It shows: View of taxiway at the airport.,/data/tessera_dataset/image-emb-text/images5/w680883362_US_20.jpg,-115.24868480996521,32.630057947032704,True,0.98,Large paved airport apron with aircraft service or parking markings and taxiway connections is visible.
gated_highres,airport,87,0.5600692629814148,w1046203991_CH_20,An aerial image. It shows: Image of taxiway at airport.,/data/tessera_dataset/image-emb-text/images4/w1046203991_CH_20.jpg,7.3440161306448815,46.221130656138094,True,0.95,Airport pavement with yellow aviation markings and connected runway or taxiway surfaces is visible.
gated_highres,airport,88,0.5600692629814148,n2016100332_US_18,An aerial image. It shows: Airport gate.,/data/tessera_dataset/image-emb-text/images2/n2016100332_US_18.jpg,-121.5912968991976,38.69588992950614,True,1.0,Airport terminal building with multiple passenger boarding gates and aircraft stands is clearly visible.
gated_highres,airport,89,0.5600692629814148,a401324990_US_21,An aerial image. It shows: Hangar at the airport.,/data/tessera_dataset/image-emb-text/images7/a401324990_US_21.jpg,-111.15152966465004,45.76804238302939,True,0.98,Aerial view shows airport buildings and adjacent paved taxiways or aircraft operating areas.
gated_highres,airport,90,0.5600692629814148,w25241210_US_20,An aerial image. It shows: View of runway in airport.,/data/tessera_dataset/image-emb-text/images2/w25241210_US_20.jpg,-121.29816940654055,38.557079274473026,True,0.99,Clearly visible runway or taxiway intersection with aviation pavement markings and surrounding airport grounds.
gated_highres,airport,91,0.5600692629814148,n2792873006_US_21,An aerial image. It shows: Airport gate.,/data/tessera_dataset/image-emb-text/images3/n2792873006_US_21.jpg,-76.6725874,39.1803375,True,0.99,Aircraft parking stands and jet bridges are visibly present on a large paved apron.
gated_highres,airport,92,0.5600692629814148,w998958938_US_21,An aerial image. It shows: Image of taxiway at airport.,/data/tessera_dataset/image-emb-text/images4/w998958938_US_21.jpg,-73.47841740508889,41.368962965515195,True,0.99,Runway or taxiway pavement with prominent aircraft-related markings and directional arrows is visible.
gated_highres,airport,93,0.5600692629814148,w31360270_US_20,An aerial image. It shows: View of taxiway at the airport.,/data/tessera_dataset/image-emb-text/images4/w31360270_US_20.jpg,-80.2239719403045,36.143159404881985,True,0.97,"Large airport apron, connecting taxiway, and aircraft-service buildings are visibly present."
gated_highres,airport,94,0.5600692629814148,w114440138_US_21,An aerial image. It shows: Image of taxiway at airport.,/data/tessera_dataset/image-emb-text/images4/w114440138_US_21.jpg,-73.4826574,41.3739145,True,0.99,"Multiple aircraft, taxiways, and apron pavement are clearly visible."
gated_highres,airport,95,0.5600692629814148,w368473461_US_17,An aerial image. It shows: View of taxiway at the airport.,/data/tessera_dataset/image-emb-text/images7/w368473461_US_17.jpg,-105.11915367086303,39.912105445449,True,0.9,Airport access roads and paved aircraft-operating areas are visible alongside airport facilities.
gated_highres,airport,96,0.5600692629814148,w1108870379_US_19,An aerial image. It shows: Image of taxiway at airport.,/data/tessera_dataset/image-emb-text/images7/w1108870379_US_19.jpg,-93.15238487155091,30.21215742525718,True,0.94,"A paved runway or taxiway, airport buildings, and associated aircraft-movement pavement are visible."
gated_highres,airport,97,0.5600692629814148,w32522688_US_21,An aerial image. It shows: Runway surface made of asphalt at airport.,/data/tessera_dataset/image-emb-text/images4/w32522688_US_21.jpg,-69.9908725,41.68736,True,0.99,A marked airport runway or taxiway is clearly visible.
gated_highres,airport,98,0.5600692629814148,n3268466346_US_20,An aerial image. It shows: Airport gate.,/data/tessera_dataset/image-emb-text/images2/n3268466346_US_20.jpg,-118.39788054927891,33.94268136547901,True,1.0,"Terminal buildings, jet bridges, aircraft, and a large airport apron are clearly visible."
gated_highres,airport,99,0.5600692629814148,a121049064_US_20,An aerial image. It shows: Apron at the airport.,/data/tessera_dataset/image-emb-text/images7/a121049064_US_20.jpg,-85.19458565,44.983614,True,0.99,Several aircraft are visibly parked on a large paved airport apron.
gated_highres,airport,100,0.5600692629814148,w704664967_US_20,An aerial image. It shows: View of taxiway at the airport.,/data/tessera_dataset/image-emb-text/images4/w704664967_US_20.jpg,-97.28551506080001,27.6942746501903,True,0.96,Airport apron pavement and a partially visible aircraft are clearly present.
gated_highres,bridge,1,0.5895466804504395,a568822633_US_19,An aerial image. It shows: Man-made bridge.,/data/tessera_dataset/image-emb-text/images7/a568822633_US_19.jpg,-75.58938885,40.58914885,True,0.98,"A raised roadway visibly crosses over another roadway, with a strong bridge shadow beneath it."
gated_highres,bridge,2,0.5895466804504395,w282951503_US_21,An aerial image. It shows: Secondary road with bridge.,/data/tessera_dataset/image-emb-text/images6/w282951503_US_21.jpg,-112.2680614747461,33.580277402054335,True,0.99,A wide horizontal roadway visibly passes over a lower roadway at an interchange.
gated_highres,bridge,3,0.5895466804504395,a758791194_US_19,An aerial image. It shows: Architectural bridge with arched structure.,/data/tessera_dataset/image-emb-text/images2/a758791194_US_19.jpg,-79.88074018113198,40.4063086065197,True,1.0,A roadway bridge visibly spans a broad body of water.
gated_highres,bridge,4,0.5895466804504395,w49287161_US_20,An aerial image. It shows: Bridge over motorway.,/data/tessera_dataset/image-emb-text/images6/w49287161_US_20.jpg,-118.39930159100257,33.98792149296675,True,0.99,An elevated curved roadway visibly crosses over multiple lanes of a highway.
gated_highres,bridge,5,0.5895466804504395,w1139069801_US_21,An aerial image. It shows: Secondary road crossing bridge.,/data/tessera_dataset/image-emb-text/images6/w1139069801_US_21.jpg,-85.02669821207974,35.31608366008848,False,0.86,"A roadway is visible through fields and trees, but no clear bridge span or crossing over water or another route is discernible."
gated_highres,bridge,6,0.5895466804504395,a1144476259_US_19,An aerial image. It shows: Man-made bridge.,/data/tessera_dataset/image-emb-text/images4/a1144476259_US_19.jpg,-78.9742603,40.94027355,True,0.98,"A roadway visibly crosses over dark water, forming a bridge."
gated_highres,bridge,7,0.5895466804504395,w172381690_US_20,"An aerial image. It shows: Bridge crossing over trunk highway, which is motorroad and expressway.",/data/tessera_dataset/image-emb-text/images5/w172381690_US_20.jpg,-117.8088076139012,33.880875878366965,True,0.97,A broad roadway visibly passes over a perpendicular road at a grade-separated junction.
gated_highres,bridge,8,0.5895466804504395,w1068456706_US_21,An aerial image. It shows: Tertiary road on asphalt surface on bridge.,/data/tessera_dataset/image-emb-text/images3/w1068456706_US_21.jpg,-70.438605301827,43.76085058172623,True,1.0,A roadway bridge visibly spans a wooded river or stream.
gated_highres,bridge,9,0.5895466804504395,w437693836_US_20,An aerial image. It shows: Asphalt surface bridge.,/data/tessera_dataset/image-emb-text/images3/w437693836_US_20.jpg,-117.40263874930977,34.21737592834641,True,0.98,A wide roadway structure visibly crosses over parallel rail tracks or another lower corridor.
gated_highres,bridge,10,0.5895466804504395,a1115917978_US_19,An aerial image. It shows: Man-made bridge.,/data/tessera_dataset/image-emb-text/images7/a1115917978_US_19.jpg,-77.07316458042916,42.148765850994764,True,1.0,A roadway bridge visibly spans a broad water channel.
gated_highres,bridge,11,0.5895466804504395,a1115917973_US_21,An aerial image. It shows: Man-made bridge.,/data/tessera_dataset/image-emb-text/images4/a1115917973_US_21.jpg,-77.05359278270117,42.145961941949935,True,0.98,A narrow roadway or pedestrian bridge visibly crosses the body of water.
gated_highres,bridge,12,0.5895466804504395,w513176628_US_21,An aerial image. It shows: Residential road with bridge.,/data/tessera_dataset/image-emb-text/images6/w513176628_US_21.jpg,-107.40538,37.0759462,True,0.96,A narrow bridge visibly spans the dark river or canal through the wooded area.
gated_highres,bridge,13,0.5895466804504395,w37103424_US_21,An aerial image. It shows: Trunk road bridge.,/data/tessera_dataset/image-emb-text/images6/w37103424_US_21.jpg,-104.92569352689364,38.87130373741305,False,0.78,"A roadway is visible beside the water, but no clear bridge crossing or elevated span is visible."
gated_highres,bridge,14,0.5895466804504395,w141749484_US_21,An aerial image. It shows: Beam-structured bridge on trunk highway.,/data/tessera_dataset/image-emb-text/images7/w141749484_US_21.jpg,-93.08509615899897,34.429695291213406,True,0.99,A broad curved roadway visibly extends over a large body of water.
gated_highres,bridge,15,0.5895466804504395,w859499917_US_19,An aerial image. It shows: Swing bridge for cycleway.,/data/tessera_dataset/image-emb-text/images3/w859499917_US_19.jpg,-122.35359124458353,47.57144319455557,True,0.98,A multi-lane highway visibly crosses over a dark canal or waterway.
gated_highres,bridge,16,0.5895466804504395,w159542607_US_21,An aerial image. It shows: Bridge over motorway.,/data/tessera_dataset/image-emb-text/images7/w159542607_US_21.jpg,-87.85673918948923,41.16983917200531,True,0.97,A wide roadway visibly passes over a perpendicular roadway or rail corridor as an overpass.
gated_highres,bridge,17,0.5895466804504395,w94996098_US_21,An aerial image. It shows: Bridge over railway line.,/data/tessera_dataset/image-emb-text/images7/w94996098_US_21.jpg,-74.68360543001747,41.36262270272714,True,0.9,A small dark bridge visibly crosses a narrow waterway amid the trees.
gated_highres,bridge,18,0.5895466804504395,a1107148545_CH_19,An aerial image. It shows: Man-made bridge.,/data/tessera_dataset/image-emb-text/images7/a1107148545_CH_19.jpg,8.399276650500578,47.69264845328611,False,0.88,"A roadway and paved edge are visible, but there is no clearly visible bridge span."
gated_highres,bridge,19,0.5895466804504395,a1056360971_US_19,An aerial image. It shows: Bridge with beam structure.,/data/tessera_dataset/image-emb-text/images5/a1056360971_US_19.jpg,-84.44795323433686,33.87562018111957,True,0.99,A large multi-lane roadway visibly spans waterways and wooded lowland.
gated_highres,bridge,20,0.5895466804504395,w587792679_US_21,An aerial image. It shows: Motorway.,/data/tessera_dataset/image-emb-text/images5/w587792679_US_21.jpg,-97.13416387048478,33.85328237943409,True,0.97,"A narrow road visibly crosses over a divided roadway, forming an overpass."
gated_highres,bridge,21,0.5895466804504395,w36895223_US_19,An aerial image. It shows: Beam-structured bridge on motorway.,/data/tessera_dataset/image-emb-text/images6/w36895223_US_19.jpg,-75.77124317756144,41.055426808451706,True,0.86,"Two parallel roadway decks visibly span a wooded gap, consistent with a bridge structure."
gated_highres,bridge,22,0.5895466804504395,w657664582_CH_18,An aerial image. It shows: Asphalt road on secondary bridge.,/data/tessera_dataset/image-emb-text/images7/w657664582_CH_18.jpg,8.8855087,46.5219904,True,0.83,"A paved roadway with visible edge barriers forms an elevated deck over vegetation, clearly resembling a bridge."
gated_highres,bridge,23,0.5895466804504395,w45671711_US_21,An aerial image. It shows: Trunk highway bridge with asphalt surface.,/data/tessera_dataset/image-emb-text/images5/w45671711_US_21.jpg,-76.50398943431368,39.37862289148022,True,0.99,A major elevated roadway crosses over another roadway within a highway interchange.
gated_highres,bridge,24,0.5895466804504395,w258701261_US_22,An aerial image. It shows: Primary highway bridge over expressway.,/data/tessera_dataset/image-emb-text/images5/w258701261_US_22.jpg,-84.77173505740924,34.153416872546316,True,0.99,A roadway visibly crosses a body of water on a bridge.
gated_highres,bridge,25,0.5895466804504395,w37071185_US_21,An aerial image. It shows: Bridge over motorway.,/data/tessera_dataset/image-emb-text/images7/w37071185_US_21.jpg,-111.79500145197827,40.36630209432593,True,0.78,The broad highway appears elevated over a lower access road or ramp near the lower-left portion of the image.
gated_highres,bridge,26,0.5895466804504395,w51398794_US_21,An aerial image. It shows: Residential road with bridge.,/data/tessera_dataset/image-emb-text/images7/w51398794_US_21.jpg,-97.9878173618755,37.868452065080724,False,0.98,Only a dirt road crossing open fields and vegetation is visible; no bridge structure is apparent.
gated_highres,bridge,27,0.5895466804504395,w1159748225_US_21,An aerial image. It shows: Culvert tunnel.,/data/tessera_dataset/image-emb-text/images6/w1159748225_US_21.jpg,-93.3522882936773,42.06858776206122,False,0.99,A narrow paved road runs through vegetation and fields without any visible crossing or bridge structure.
gated_highres,bridge,28,0.5895466804504395,w419456988_US_18,An aerial image. It shows: Secondary road crossing bridge.,/data/tessera_dataset/image-emb-text/images5/w419456988_US_18.jpg,-85.8253929399765,41.54064766472975,True,0.96,"A broad roadway visibly passes over a perpendicular rail corridor, forming a road overpass."
gated_highres,bridge,29,0.5895466804504395,w132112947_US_21,An aerial image. It shows: Motorway link bridge.,/data/tessera_dataset/image-emb-text/images4/w132112947_US_21.jpg,-97.403782,37.674008,True,0.82,"The curved roadway visibly crosses a narrow water or drainage channel, consistent with a small bridge."
gated_highres,bridge,30,0.5895466804504395,n325333650_US_20,An aerial image. It shows: Motorway junction.,/data/tessera_dataset/image-emb-text/images3/n325333650_US_20.jpg,-118.39591173788392,33.94487367679028,True,0.99,Multiple elevated freeway ramps and road decks visibly cross one another in a highway interchange.
gated_highres,bridge,31,0.5895466804504395,w47053440_US_21,An aerial image. It shows: Primary highway bridge on expressway.,/data/tessera_dataset/image-emb-text/images4/w47053440_US_21.jpg,-81.38076584954084,28.340904854452255,True,0.98,A broad elevated roadway visibly crosses over a multi-lane road intersection.
gated_highres,bridge,32,0.5895466804504395,w88140872_US_22,"An aerial image. It shows: Expressway with asphalt surface, classified as primary highway.",/data/tessera_dataset/image-emb-text/images5/w88140872_US_22.jpg,-84.77189140646333,34.15347189330787,True,0.96,A straight roadway visibly spans a body of water between land areas.
gated_highres,bridge,33,0.5895466804504395,w43720943_US_18,An aerial image. It shows: Bridge over motorway.,/data/tessera_dataset/image-emb-text/images4/w43720943_US_18.jpg,-78.64893079281083,35.75290617038637,True,0.99,A large overpass visibly crosses above a divided multi-lane highway.
gated_highres,bridge,34,0.5895466804504395,w708945329_US_20,An aerial image. It shows: Tertiary road with bridge.,/data/tessera_dataset/image-emb-text/images6/w708945329_US_20.jpg,-78.2756977,35.9816237,True,0.97,A roadway bridge visibly crosses a narrow river or water channel through dense trees.
gated_highres,bridge,35,0.5895466804504395,w25420845_US_19,An aerial image. It shows: Busway road.,/data/tessera_dataset/image-emb-text/images3/w25420845_US_19.jpg,-79.89889164049268,40.45271794765828,True,0.88,An elevated roadway visibly spans parallel railway tracks or a below-grade transport corridor.
gated_highres,bridge,36,0.5895466804504395,w423969611_US_21,An aerial image. It shows: Unclassified road with bridge.,/data/tessera_dataset/image-emb-text/images4/w423969611_US_21.jpg,-102.76778126806687,38.0940535954569,False,0.86,"A roadway runs alongside a water channel, but no clear crossing or bridge structure is visible."
gated_highres,bridge,37,0.5895466804504395,w1122254776_US_20,An aerial image. It shows: Secondary road with frontage road and bridge.,/data/tessera_dataset/image-emb-text/images4/w1122254776_US_20.jpg,-95.55646785118336,29.718533333120654,True,0.99,Multiple elevated highway ramps and roadways visibly form an overpass interchange.
gated_highres,bridge,38,0.5895466804504395,w759235879_US_20,An aerial image. It shows: Motorway.,/data/tessera_dataset/image-emb-text/images5/w759235879_US_20.jpg,-118.39888805151544,33.98740578896118,True,0.99,A highway overpass visibly crosses above several lower highway lanes.
gated_highres,bridge,39,0.5895466804504395,w749912020_US_20,An aerial image. It shows: Culvert tunnel.,/data/tessera_dataset/image-emb-text/images5/w749912020_US_20.jpg,-81.87267852369375,36.26863810206241,True,0.91,A narrow roadway visibly crosses over dark parallel tracks or a linear corridor in the forest.
gated_highres,bridge,40,0.5895466804504395,a577321290_US_19,An aerial image. It shows: Man-made bridge.,/data/tessera_dataset/image-emb-text/images6/a577321290_US_19.jpg,-79.80261615,40.43172335,True,0.99,A long elevated roadway visibly crosses a dark waterway or ravine and adjacent rail lines.
gated_highres,bridge,41,0.5895466804504395,w1067964780_US_18,An aerial image. It shows: Tertiary road passing over bridge.,/data/tessera_dataset/image-emb-text/images4/w1067964780_US_18.jpg,-88.48978278813337,43.50180283820647,True,0.78,"A paved roadway visibly crosses a dark water body, forming a narrow bridge."
gated_highres,bridge,42,0.5895466804504395,w295876738_US_21,An aerial image. It shows: Abandoned railway bridge.,/data/tessera_dataset/image-emb-text/images5/w295876738_US_21.jpg,-93.13634843692898,42.75435625186765,True,0.84,A road visibly crosses a winding stream through the center of the image.
gated_highres,bridge,43,0.5895466804504395,w42004192_US_21,An aerial image. It shows: Motorway link bridge.,/data/tessera_dataset/image-emb-text/images7/w42004192_US_21.jpg,-84.48613965536941,33.615623895209495,True,0.98,Multiple elevated roadways visibly cross one another in a highway interchange.
gated_highres,bridge,44,0.5895466804504395,w39727569_US_21,An aerial image. It shows: Bridge over motorway_link.,/data/tessera_dataset/image-emb-text/images2/w39727569_US_21.jpg,-80.84272559129107,40.06826185839786,True,0.99,A large roadway visibly passes over another roadway as a highway overpass.
gated_highres,bridge,45,0.5895466804504395,w128475812_US_21,An aerial image. It shows: Primary highway.,/data/tessera_dataset/image-emb-text/images7/w128475812_US_21.jpg,-89.55516078714575,40.72324059782382,True,0.91,Overlapping roadway structures visibly cross at different elevations.
gated_highres,bridge,46,0.5895466804504395,a203855907_FI_20,An aerial image. It shows: Bridge with beam structure.,/data/tessera_dataset/image-emb-text/images2/a203855907_FI_20.jpg,24.957166849489454,60.17759465181202,True,0.99,A multi-lane bridge is clearly visible spanning a body of water.
gated_highres,bridge,47,0.5895466804504395,n2394660761_CH_20,An aerial image. It shows: Lift gate barrier.,/data/tessera_dataset/image-emb-text/images5/n2394660761_CH_20.jpg,6.959142040202815,46.254835870461626,False,0.97,"The image shows a paved roadway or marked surface with landscaping, but no visible bridge or crossing structure."
gated_highres,bridge,48,0.5895466804504395,w47472472_US_19,An aerial image. It shows: Bridge.,/data/tessera_dataset/image-emb-text/images7/w47472472_US_19.jpg,-104.995909,40.539207,True,0.96,"Two divided roadways visibly cross at different elevations, indicating an overpass."
gated_highres,bridge,49,0.5895466804504395,w40214200_US_21,An aerial image. It shows: Beam bridge on motorway.,/data/tessera_dataset/image-emb-text/images5/w40214200_US_21.jpg,-117.44641501170136,47.6489326793141,True,0.99,"A highway bridge visibly spans a narrow waterway, with another bridge crossing nearby."
gated_highres,bridge,50,0.5895466804504395,w466751328_US_19,An aerial image. It shows: Beam-style bridge on primary highway.,/data/tessera_dataset/image-emb-text/images4/w466751328_US_19.jpg,-93.22133112841234,35.03585546937788,True,0.91,"A curved roadway visibly crosses above another road, with a clear overpass structure and shadow."
gated_highres,bridge,51,0.5895466804504395,w373933377_US_20,An aerial image. It shows: Asphalt bridge over expressway trunk road.,/data/tessera_dataset/image-emb-text/images4/w373933377_US_20.jpg,-96.3915478,30.5947702,True,0.99,"A wide roadway visibly passes over another roadway, forming a clear overpass bridge."
gated_highres,bridge,52,0.5895466804504395,w484169533_US_19,An aerial image. It shows: Covered footway bridge.,/data/tessera_dataset/image-emb-text/images6/w484169533_US_19.jpg,-75.2948968297977,40.3674306872804,False,0.88,"The image shows roads and a wooded area, but no clearly visible bridge structure."
gated_highres,bridge,53,0.5895466804504395,w962952088_US_21,An aerial image. It shows: Asphalt road designated as trunk highway.,/data/tessera_dataset/image-emb-text/images6/w962952088_US_21.jpg,-76.50403962555058,39.37850888336305,False,0.9,"The image shows a road junction and surrounding buildings and trees, without a visibly elevated bridge."
gated_highres,bridge,54,0.5895466804504395,w168791412_US_21,An aerial image. It shows: Bridge crossing over expressway trunk road.,/data/tessera_dataset/image-emb-text/images6/w168791412_US_21.jpg,-97.3730052,34.173786,True,0.84,A divided roadway visibly crosses over a narrow wooded drainage or stream corridor on a bridge structure.
gated_highres,bridge,55,0.5895466804504395,w552883688_US_21,"An aerial image. It shows: Expressway with asphalt surface, classified as primary highway.",/data/tessera_dataset/image-emb-text/images5/w552883688_US_21.jpg,-81.38058414003908,28.340727505274693,True,0.99,"A large roadway visibly passes over a divided highway, clearly forming an overpass bridge."
gated_highres,bridge,56,0.5895466804504395,a1187727803_US_21,An aerial image. It shows: Bridge with beam structure.,/data/tessera_dataset/image-emb-text/images6/a1187727803_US_21.jpg,-70.82536207472674,43.11840291248734,True,1.0,"A multilane roadway visibly spans open water, with bridge edges and supporting structure clearly visible."
gated_highres,bridge,57,0.5895466804504395,w1155306540_US_20,An aerial image. It shows: Culvert tunnel.,/data/tessera_dataset/image-emb-text/images4/w1155306540_US_20.jpg,-77.7873630423657,35.069806790277056,False,0.96,"The image shows a regular road through wooded terrain, with no visible bridge crossing."
gated_highres,bridge,58,0.5895466804504395,a509733229_US_21,An aerial image. It shows: Man-made bridge.,/data/tessera_dataset/image-emb-text/images7/a509733229_US_21.jpg,-92.86005420000001,41.2819257,True,0.99,A narrow linear bridge visibly spans the body of water from one shoreline to another.
gated_highres,bridge,59,0.5895466804504395,w220774878_US_19,An aerial image. It shows: Trunk link road with asphalt surface.,/data/tessera_dataset/image-emb-text/images7/w220774878_US_19.jpg,-84.15746173696166,33.98277803715162,True,0.99,"A roadway visibly crosses above a divided highway, forming a clear overpass bridge."
gated_highres,bridge,60,0.5895466804504395,w430134210_US_21,An aerial image. It shows: Tertiary road passing over bridge.,/data/tessera_dataset/image-emb-text/images7/w430134210_US_21.jpg,-87.74468469097054,40.757102236275024,True,0.99,"A roadway visibly spans a narrow body of water within the wooded area, clearly forming a bridge."
gated_highres,bridge,61,0.5895466804504395,w437007956_US_19,An aerial image. It shows: Secondary road with bridge.,/data/tessera_dataset/image-emb-text/images3/w437007956_US_19.jpg,-79.55562798499486,40.12350790360837,True,0.99,A paved roadway visibly passes over another roadway as a large overpass.
gated_highres,bridge,62,0.5895466804504395,w820336645_US_17,An aerial image. It shows: Residential road passing under bridge.,/data/tessera_dataset/image-emb-text/images5/w820336645_US_17.jpg,-74.5295168743668,41.351640884254984,True,0.82,"A narrow road visibly crosses a dark, tree-lined channel in the center of the image."
gated_highres,bridge,63,0.5895466804504395,w121962467_US_18,An aerial image. It shows: Motorway bridge.,/data/tessera_dataset/image-emb-text/images4/w121962467_US_18.jpg,-117.87942328497482,33.8675323488085,True,0.99,A road bridge crosses over a multi-lane highway.
gated_highres,bridge,64,0.5895466804504395,w35319973_US_20,An aerial image. It shows: Motorway bridge.,/data/tessera_dataset/image-emb-text/images4/w35319973_US_20.jpg,-116.4705056,32.718307,True,0.99,Two elevated roadways visibly cross over a divided road in a highway interchange.
gated_highres,bridge,65,0.5895466804504395,w24562680_US_18,An aerial image. It shows: Path crossing bridge with blue marked trail.,/data/tessera_dataset/image-emb-text/images2/w24562680_US_18.jpg,-88.1857907,43.5770053,True,0.86,A narrow linear bridge-like structure visibly crosses a dark water channel amid vegetation.
gated_highres,bridge,66,0.5895466804504395,w118836075_US_20,An aerial image. It shows: Secondary road with bridge.,/data/tessera_dataset/image-emb-text/images7/w118836075_US_20.jpg,-121.5104771,38.5406172,True,0.99,A roadway overpass visibly crosses multiple highway lanes.
gated_highres,bridge,67,0.5895466804504395,w38460512_US_21,An aerial image. It shows: Bridge over motorway.,/data/tessera_dataset/image-emb-text/images7/w38460512_US_21.jpg,-82.50329447255203,40.77875459845585,True,0.83,"The main roadway visibly spans a wooded depression or channel, with a strong structure shadow beneath it."
gated_highres,bridge,68,0.5895466804504395,w309480290_US_21,An aerial image. It shows: Unclassified road with arch bridge.,/data/tessera_dataset/image-emb-text/images2/w309480290_US_21.jpg,-105.4304702,37.1935159,True,0.93,A narrow crossing visibly spans the stream below the larger roadway.
gated_highres,bridge,69,0.5895466804504395,w458466421_US_21,An aerial image. It shows: Residential road with bridge.,/data/tessera_dataset/image-emb-text/images6/w458466421_US_21.jpg,-71.89753730551354,44.6340629877252,False,0.94,The image shows wooded roads and paths but no clearly visible bridge structure.
gated_highres,bridge,70,0.5895466804504395,w109969500_US_21,An aerial image. It shows: Covered bridge on residential road.,/data/tessera_dataset/image-emb-text/images4/w109969500_US_21.jpg,-83.87875990502555,38.75033446870286,True,0.95,A small light-colored bridge visibly crosses the dark stream near the center.
gated_highres,bridge,71,0.5895466804504395,w157804674_US_20,An aerial image. It shows: Signal bridge over the railway.,/data/tessera_dataset/image-emb-text/images5/w157804674_US_20.jpg,-120.21922470566489,39.31783554313565,False,0.94,"A roadway is visible through trees, but no clear bridge structure or crossing is apparent."
gated_highres,bridge,72,0.5895466804504395,w373070863_US_20,An aerial image. It shows: View of motorway.,/data/tessera_dataset/image-emb-text/images5/w373070863_US_20.jpg,-121.94059916946051,37.32303206889054,True,0.88,"A horizontal roadway visibly passes over the vertical roadway, forming a clear highway overpass."
gated_highres,bridge,73,0.5895466804504395,a658890215_US_17,An aerial image. It shows: Bridge with beam structure.,/data/tessera_dataset/image-emb-text/images3/a658890215_US_17.jpg,-75.185896543134,39.9473564915364,True,0.99,Multiple bridges are clearly visible crossing the wide waterway.
gated_highres,bridge,74,0.5895466804504395,w66979531_US_20,An aerial image. It shows: Motorway.,/data/tessera_dataset/image-emb-text/images5/w66979531_US_20.jpg,-84.58129457828267,39.04260539234683,True,0.84,"The main highway visibly spans a dark linear channel or roadway below, consistent with a bridge or overpass."
gated_highres,bridge,75,0.5895466804504395,w555060693_US_20,An aerial image. It shows: Culvert tunnel crossing over canal.,/data/tessera_dataset/image-emb-text/images7/w555060693_US_20.jpg,-106.7216503,34.8079141,False,0.91,"Several roads and paths intersect, but no clearly visible bridge crossing is present."
gated_highres,bridge,76,0.5895466804504395,w68294447_US_19,An aerial image. It shows: Trunk highway with expressway features.,/data/tessera_dataset/image-emb-text/images5/w68294447_US_19.jpg,-75.42800564835503,43.20151318880109,True,0.98,"Two elevated roadways clearly cross over another roadway, forming visible overpasses."
gated_highres,bridge,77,0.5895466804504395,w971659746_US_20,"An aerial image. It shows: Expressway motorroad with asphalt surface, categorized as trunk highway.",/data/tessera_dataset/image-emb-text/images5/w971659746_US_20.jpg,-117.8027486115898,33.87360210560934,True,0.99,A large divided roadway visibly crosses over another major roadway.
gated_highres,bridge,78,0.5895466804504395,w125848696_US_21,An aerial image. It shows: Motorway bridge.,/data/tessera_dataset/image-emb-text/images4/w125848696_US_21.jpg,-97.41236262003576,38.14034800419144,False,0.78,"Parallel roadways are visible through a wooded area, but the pixels do not clearly show a bridge crossing."
gated_highres,bridge,79,0.5895466804504395,a1058380570_US_21,An aerial image. It shows: Man-made bridge.,/data/tessera_dataset/image-emb-text/images7/a1058380570_US_21.jpg,-119.30638963943889,46.26415431169513,True,0.99,A roadway clearly spans a wide body of dark water.
gated_highres,bridge,80,0.5895466804504395,w196625442_US_21,An aerial image. It shows: Railway track.,/data/tessera_dataset/image-emb-text/images6/w196625442_US_21.jpg,-84.38357136373463,40.54180835192888,True,0.9,"A narrow roadway visibly crosses a green water channel or drainage feature, consistent with a bridge."
gated_highres,bridge,81,0.5895466804504395,w108522834_CH_20,An aerial image. It shows: Secondary road.,/data/tessera_dataset/image-emb-text/images2/w108522834_CH_20.jpg,5.9653864198183095,46.14420082285321,True,0.62,A paved roadway visibly crosses a vegetated depression with concrete side barriers consistent with a small bridge.
gated_highres,bridge,82,0.5895466804504395,w1084088258_US_21,An aerial image. It shows: Bridge crossing over highway trunk expressway.,/data/tessera_dataset/image-emb-text/images3/w1084088258_US_21.jpg,-111.59305655493252,33.29902308207928,False,0.96,The image shows paved and industrial surfaces but no visibly distinct bridge structure.
gated_highres,bridge,83,0.5895466804504395,w465965528_US_21,An aerial image. It shows: Secondary road with bridge.,/data/tessera_dataset/image-emb-text/images5/w465965528_US_21.jpg,-82.7612192,36.7300813,True,0.91,A roadway visibly crosses another route through a wooded area on a raised structure with bridge-like edges.
gated_highres,bridge,84,0.5895466804504395,w49813441_US_21,An aerial image. It shows: Trunk highway bridge with asphalt surface.,/data/tessera_dataset/image-emb-text/images7/w49813441_US_21.jpg,-112.25993747952214,33.59387612336425,True,0.99,"A large elevated roadway clearly crosses over a multilane road, forming an unmistakable highway overpass."
gated_highres,bridge,85,0.5895466804504395,w1096744616_US_21,An aerial image. It shows: Tertiary road with asphalt surface on bridge. There is sidewalk on the left side.,/data/tessera_dataset/image-emb-text/images4/w1096744616_US_21.jpg,-82.31324882832047,26.9277245399577,False,0.98,The image shows an ordinary roadway and driveway intersection with no visible bridge.
gated_highres,bridge,86,0.5895466804504395,w7909883_US_21,An aerial image. It shows: Bridge over motorway.,/data/tessera_dataset/image-emb-text/images3/w7909883_US_21.jpg,-88.0768335360562,30.73100390656194,False,0.97,"The image shows parallel highway lanes and a median or shoulder, with no visible bridge crossing."
gated_highres,bridge,87,0.5895466804504395,w51319862_US_19,An aerial image. It shows: Tertiary road passing over beam bridge.,/data/tessera_dataset/image-emb-text/images4/w51319862_US_19.jpg,-92.3611457261359,34.86815383142295,True,0.99,A road visibly passes over a multilane highway on an elevated bridge structure.
gated_highres,bridge,88,0.5895466804504395,w904908149_US_21,An aerial image. It shows: Bridge over railway line.,/data/tessera_dataset/image-emb-text/images2/w904908149_US_21.jpg,-81.9847431,26.9667434,True,0.82,"A narrow roadway crosses a wooded drainage or stream area on a visibly raised, bridge-like segment."
gated_highres,bridge,89,0.5895466804504395,w456137390_US_21,An aerial image. It shows: Beam bridge on motorway.,/data/tessera_dataset/image-emb-text/images4/w456137390_US_21.jpg,-117.44815245848689,47.648138321976134,True,0.96,A broad elevated highway structure visibly crosses over another transportation corridor.
gated_highres,bridge,90,0.5895466804504395,n6157926136_US_18,An aerial image. It shows: Bridge supported by pillars.,/data/tessera_dataset/image-emb-text/images3/n6157926136_US_18.jpg,-79.59237019744054,36.05701233351071,False,0.99,"The image shows a wooded waterway or wetland area, but no visible bridge."
gated_highres,bridge,91,0.5895466804504395,a829865787_US_21,An aerial image. It shows: Beam bridge made by humans.,/data/tessera_dataset/image-emb-text/images5/a829865787_US_21.jpg,-70.69353709335415,43.144382154763946,True,0.99,A broad highway bridge visibly spans a body of water.
gated_highres,bridge,92,0.5895466804504395,n49331197_US_20,An aerial image. It shows: Motorway junction.,/data/tessera_dataset/image-emb-text/images5/n49331197_US_20.jpg,-117.00617342244797,32.752530952699885,True,0.98,A roadway overpass visibly crosses above a multi-lane highway.
gated_highres,bridge,93,0.5895466804504395,w878847812_US_19,An aerial image. It shows: Beam-structured bridge on trunk highway.,/data/tessera_dataset/image-emb-text/images4/w878847812_US_19.jpg,-92.67526443346762,33.29198326029944,False,0.88,"A divided roadway is visible through vegetation, with no clear bridge structure or crossing."
gated_highres,bridge,94,0.5895466804504395,w759217281_US_20,An aerial image. It shows: Beam-structured bridge on motorway.,/data/tessera_dataset/image-emb-text/images2/w759217281_US_20.jpg,-118.3848530129744,33.930906529504156,True,0.99,A curved elevated roadway ramp is visibly supported above other roads.
gated_highres,bridge,95,0.5895466804504395,w36785135_US_20,An aerial image. It shows: Preserved railway bridge over the rail line.,/data/tessera_dataset/image-emb-text/images4/w36785135_US_20.jpg,-121.5559960441008,38.60298071993165,True,0.86,A linear bridge-like roadway or rail structure visibly crosses a broad concrete channel or roadway.
gated_highres,bridge,96,0.5895466804504395,a1013084804_US_21,An aerial image. It shows: Man-made bridge.,/data/tessera_dataset/image-emb-text/images7/a1013084804_US_21.jpg,-71.27343635,42.52933795,True,0.99,A highway overpass visibly crosses another roadway.
gated_highres,bridge,97,0.5895466804504395,w521261493_US_21,An aerial image. It shows: Footway on bridge.,/data/tessera_dataset/image-emb-text/images6/w521261493_US_21.jpg,-111.71674832410476,33.257818244329165,False,0.84,"Roads and landscaped ponds are visible, but no distinct bridge is clearly present."
gated_highres,bridge,98,0.5895466804504395,a1076595030_US_19,An aerial image. It shows: Bridge with beam structure.,/data/tessera_dataset/image-emb-text/images4/a1076595030_US_19.jpg,-93.28322402379513,44.714440515090956,True,0.99,A broad roadway bridge visibly crosses over a perpendicular divided highway.
gated_highres,bridge,99,0.5895466804504395,w374314852_FI_21,"An aerial image. It shows: Track road on bridge over abandoned railway, with grade1 tracktype.",/data/tessera_dataset/image-emb-text/images6/w374314852_FI_21.jpg,27.073458087237704,60.651423910956154,True,0.72,A narrow linear crossing is visibly suspended over or crossing a dark wooded stream area.
gated_highres,bridge,100,0.5895466804504395,w230092608_CH_19,An aerial image. It shows: Path on bridge.,/data/tessera_dataset/image-emb-text/images2/w230092608_CH_19.jpg,9.129334486817099,46.57773809418826,False,0.94,"A wooded stream or waterfall is visible, with no bridge structure apparent."
gated_highres,railway,1,0.5790672302246094,n3259378671_US_21,An aerial image. It shows: Junction on the railway.,/data/tessera_dataset/image-emb-text/images7/n3259378671_US_21.jpg,-104.59819446709974,38.26296896953046,True,0.99,Multiple parallel railway tracks are clearly visible running diagonally through the image.
gated_highres,railway,2,0.5790672302246094,w55288286_US_19,An aerial image. It shows: Railway yard in service.,/data/tessera_dataset/image-emb-text/images4/w55288286_US_19.jpg,-79.87723937577039,40.40083940519174,True,0.99,Several parallel railway tracks are visibly present beside the water and vegetation.
gated_highres,railway,3,0.5790672302246094,w884949080_US_19,An aerial image. It shows: Railway with two tracks.,/data/tessera_dataset/image-emb-text/images6/w884949080_US_19.jpg,-79.3677953,39.8246143,True,0.98,A railway line with parallel tracks is clearly visible through the wooded area.
gated_highres,railway,4,0.5790672302246094,w161315050_US_20,An aerial image. It shows: Railway siding with rails.,/data/tessera_dataset/image-emb-text/images6/w161315050_US_20.jpg,-100.40881537367596,48.346517368073634,True,0.98,"Parallel railway tracks are visible across the center, adjacent to a railway facility or platform area."
gated_highres,railway,5,0.5790672302246094,w103376108_US_20,An aerial image. It shows: Railway track.,/data/tessera_dataset/image-emb-text/images6/w103376108_US_20.jpg,-97.2266378,32.4040195,True,0.99,A pair of parallel railway tracks is clearly visible crossing the image.
gated_highres,railway,6,0.5790672302246094,w1101869297_US_20,An aerial image. It shows: Railway siding with rails.,/data/tessera_dataset/image-emb-text/images7/w1101869297_US_20.jpg,-102.84585639786246,42.09478341622524,True,0.97,A railway track corridor is visibly present across the middle of the image.
gated_highres,railway,7,0.5790672302246094,w300744230_US_20,An aerial image. It shows: Rail spur service.,/data/tessera_dataset/image-emb-text/images4/w300744230_US_20.jpg,-94.2817135,37.4864489,True,0.98,Multiple railway tracks and associated rail infrastructure are clearly visible across the center.
gated_highres,railway,8,0.5790672302246094,w15610223_US_20,An aerial image. It shows: Railway spur service.,/data/tessera_dataset/image-emb-text/images4/w15610223_US_20.jpg,-81.93513151260893,37.58837188401485,True,0.99,A curved railway track corridor is clearly visible below the residential area.
gated_highres,railway,9,0.5790672302246094,w340440645_US_20,An aerial image. It shows: Railway spur service.,/data/tessera_dataset/image-emb-text/images2/w340440645_US_20.jpg,-97.22999721998553,33.001295879794874,True,1.0,Numerous parallel railway tracks are prominently visible along the right side.
gated_highres,railway,10,0.5790672302246094,w218258399_US_21,An aerial image. It shows: Railway siding with rails.,/data/tessera_dataset/image-emb-text/images5/w218258399_US_21.jpg,-116.57505443299938,43.5909990025537,True,1.0,A broad railway yard with many parallel tracks is prominently visible.
gated_highres,railway,11,0.5790672302246094,w396309052_US_20,An aerial image. It shows: Railway track.,/data/tessera_dataset/image-emb-text/images3/w396309052_US_20.jpg,-81.423435,37.4066248,True,0.78,A curved rail line with parallel track lines is visibly running through dense forest.
gated_highres,railway,12,0.5790672302246094,w22110162_US_21,An aerial image. It shows: Railway siding with rails.,/data/tessera_dataset/image-emb-text/images5/w22110162_US_21.jpg,-88.0189764,41.795637,True,0.99,Multiple parallel railway tracks are clearly visible across the center of the image.
gated_highres,railway,13,0.5790672302246094,w21470639_US_20,An aerial image. It shows: Railway siding for service.,/data/tessera_dataset/image-emb-text/images7/w21470639_US_20.jpg,-91.49293104053804,44.8167216581504,True,0.99,A railway track corridor with parallel rails is clearly visible between the vegetation and buildings.
gated_highres,railway,14,0.5790672302246094,w341498472_US_21,An aerial image. It shows: Railway track.,/data/tessera_dataset/image-emb-text/images5/w341498472_US_21.jpg,-87.65982779084673,41.75774418897569,True,0.99,A railway track with parallel rails and track bed is clearly visible across the image.
gated_highres,railway,15,0.5790672302246094,w1118390747_US_21,An aerial image. It shows: Railway spur service.,/data/tessera_dataset/image-emb-text/images7/w1118390747_US_21.jpg,-80.69142548973494,41.13690886459143,True,0.99,Several railway tracks and switches are visibly present in an industrial rail yard.
gated_highres,railway,16,0.5790672302246094,n170273917_US_20,An aerial image. It shows: Level crossing along the railway.,/data/tessera_dataset/image-emb-text/images6/n170273917_US_20.jpg,-76.90851297876644,34.859772466920184,True,0.99,A railway track visibly crosses through the wooded area and intersects a smaller crossing path.
gated_highres,railway,17,0.5790672302246094,n3371166595_US_21,An aerial image. It shows: Railway spur junction.,/data/tessera_dataset/image-emb-text/images4/n3371166595_US_21.jpg,-89.20320543167875,38.54251949348965,True,0.99,Parallel railway tracks and a trackside work area are clearly visible across the farmland.
gated_highres,railway,18,0.5790672302246094,w143126124_US_20,An aerial image. It shows: Railway track.,/data/tessera_dataset/image-emb-text/images5/w143126124_US_20.jpg,-97.22733463236668,32.40446908723773,True,0.98,A curved railway track with clearly visible parallel rails runs through the wooded landscape.
gated_highres,railway,19,0.5790672302246094,n715564929_US_21,An aerial image. It shows: Railway crossing.,/data/tessera_dataset/image-emb-text/images7/n715564929_US_21.jpg,-87.67880510241972,41.75754281506863,True,0.99,Multiple railway tracks visibly intersect at a rail crossing near industrial buildings.
gated_highres,railway,20,0.5790672302246094,w161263905_US_21,An aerial image. It shows: Railway siding with rails.,/data/tessera_dataset/image-emb-text/images7/w161263905_US_21.jpg,-101.2947822939961,48.23763312037816,True,0.99,Several parallel railway tracks and branching track lines are clearly visible across the open rail yard.
gated_highres,railway,21,0.5790672302246094,n9427197200_US_19,An aerial image. It shows: Railway crossover.,/data/tessera_dataset/image-emb-text/images7/n9427197200_US_19.jpg,-91.10332871250726,42.90317325831959,True,0.99,Clearly visible railway tracks running diagonally alongside residential properties and greenery.
gated_highres,railway,22,0.5790672302246094,w86585363_US_19,An aerial image. It shows: Railway yard in service.,/data/tessera_dataset/image-emb-text/images7/w86585363_US_19.jpg,-122.33620259895491,47.56632399521803,True,0.99,Multiple parallel railway tracks and rail-yard surfaces are clearly visible.
gated_highres,railway,23,0.5790672302246094,w452329386_US_21,An aerial image. It shows: Railway yard used for servicing trains.,/data/tessera_dataset/image-emb-text/images5/w452329386_US_21.jpg,-81.58417396516305,41.55912340949415,True,0.98,Several railway tracks are visibly present across the industrial area.
gated_highres,railway,24,0.5790672302246094,w160690266_US_18,An aerial image. It shows: Railway siding with rails.,/data/tessera_dataset/image-emb-text/images7/w160690266_US_18.jpg,-102.87443127398598,42.090827799695816,True,0.99,A large rail yard with multiple parallel tracks and rail cars is clearly visible.
gated_highres,railway,25,0.5790672302246094,w323296857_US_20,An aerial image. It shows: Rail spur service.,/data/tessera_dataset/image-emb-text/images6/w323296857_US_20.jpg,-78.6346059,35.7509877,True,0.99,Railway tracks are clearly visible passing through dense forest.
gated_highres,railway,26,0.5790672302246094,w458597918_US_20,An aerial image. It shows: Railway track.,/data/tessera_dataset/image-emb-text/images5/w458597918_US_20.jpg,-88.19838429768484,42.579262287740576,True,0.98,A railway line is clearly visible along the edge of an open grassy field.
gated_highres,railway,27,0.5790672302246094,w1035425400_US_21,An aerial image. It shows: Bridge over railway line.,/data/tessera_dataset/image-emb-text/images5/w1035425400_US_21.jpg,-95.84143398813036,41.58318736849556,True,0.99,A clear railway corridor with parallel tracks runs through agricultural fields.
gated_highres,railway,28,0.5790672302246094,w340721465_US_19,An aerial image. It shows: Railway track.,/data/tessera_dataset/image-emb-text/images6/w340721465_US_19.jpg,-87.65552950134794,41.757911253967066,True,0.98,Parallel railway tracks are clearly visible between residential areas and vegetation.
gated_highres,railway,29,0.5790672302246094,w616711789_US_20,An aerial image. It shows: Abandoned railway.,/data/tessera_dataset/image-emb-text/images5/w616711789_US_20.jpg,-94.36720188258838,32.55310652830708,True,0.99,A railway junction with multiple branching tracks is clearly visible.
gated_highres,railway,30,0.5790672302246094,w486445642_US_19,An aerial image. It shows: Railway with electrified contact lines.,/data/tessera_dataset/image-emb-text/images6/w486445642_US_19.jpg,-74.85998145558267,40.10246914344586,True,0.99,Multiple railway tracks visibly run through a residential neighborhood.
gated_highres,railway,31,0.5790672302246094,w190676905_US_21,An aerial image. It shows: Railway siding for service.,/data/tessera_dataset/image-emb-text/images7/w190676905_US_21.jpg,-94.8555383,39.7335872,True,0.99,Multiple parallel railway tracks and rail cars are clearly visible.
gated_highres,railway,32,0.5790672302246094,w1051419631_US_21,An aerial image. It shows: Railway track.,/data/tessera_dataset/image-emb-text/images4/w1051419631_US_21.jpg,-95.84163009141224,41.583213107682155,True,0.99,A railway line with parallel tracks is clearly visible running diagonally through the fields.
gated_highres,railway,33,0.5790672302246094,w134806989_US_19,An aerial image. It shows: Railway track.,/data/tessera_dataset/image-emb-text/images6/w134806989_US_19.jpg,-96.75101093774416,46.87437359631619,True,0.82,A railway corridor with parallel track lines is visibly present across the industrial area.
gated_highres,railway,34,0.5790672302246094,w218249479_US_21,An aerial image. It shows: Railway siding with rails.,/data/tessera_dataset/image-emb-text/images6/w218249479_US_21.jpg,-116.5630985,43.5828788,True,0.98,Several parallel railway tracks are clearly visible across the image.
gated_highres,railway,35,0.5790672302246094,w230378663_US_21,An aerial image. It shows: Railway siding for service.,/data/tessera_dataset/image-emb-text/images7/w230378663_US_21.jpg,-111.7395979,40.3363288,True,0.98,Railway tracks are clearly visible alongside a paved roadway.
gated_highres,railway,36,0.5790672302246094,w1051419633_US_21,An aerial image. It shows: Railway track.,/data/tessera_dataset/image-emb-text/images6/w1051419633_US_21.jpg,-95.85621551215247,41.56963630532219,True,0.99,A clearly visible railway line with parallel tracks crosses the agricultural landscape.
gated_highres,railway,37,0.5790672302246094,w1035425393_US_21,An aerial image. It shows: Railway track.,/data/tessera_dataset/image-emb-text/images2/w1035425393_US_21.jpg,-95.83895402541202,41.58652858663915,True,0.98,A railway track corridor is clearly visible along the edge of the fields.
gated_highres,railway,38,0.5790672302246094,w1051419632_US_21,An aerial image. It shows: Railway track.,/data/tessera_dataset/image-emb-text/images7/w1051419632_US_21.jpg,-95.84150328410183,41.582936084191346,True,0.99,A railway line with parallel tracks is clearly visible through the fields.
gated_highres,railway,39,0.5790672302246094,w314254566_US_19,An aerial image. It shows: Electrified rail siding.,/data/tessera_dataset/image-emb-text/images7/w314254566_US_19.jpg,-75.02791145797181,39.883382963685364,True,0.99,Multiple railway tracks are clearly visible beside a road and buildings.
gated_highres,railway,40,0.5790672302246094,w1118390739_US_21,An aerial image. It shows: Rail spur service.,/data/tessera_dataset/image-emb-text/images4/w1118390739_US_21.jpg,-80.69444802379579,41.13927118275292,True,0.99,Several parallel railway tracks and rail cars are clearly visible.
gated_highres,railway,41,0.5790672302246094,w216676224_US_19,An aerial image. It shows: Railway siding for service.,/data/tessera_dataset/image-emb-text/images4/w216676224_US_19.jpg,-82.4066514116293,40.053514220370914,True,0.99,Multiple parallel railway tracks are clearly visible across the center of the image.
gated_highres,railway,42,0.5790672302246094,w1023788820_US_21,An aerial image. It shows: Railway track.,/data/tessera_dataset/image-emb-text/images7/w1023788820_US_21.jpg,-95.8416932,41.5829977,True,0.98,A railway line with parallel tracks is visibly running diagonally through the agricultural landscape.
gated_highres,railway,43,0.5790672302246094,w1059861592_US_20,An aerial image. It shows: Railway track.,/data/tessera_dataset/image-emb-text/images5/w1059861592_US_20.jpg,-96.08439139816531,30.37608511406652,True,0.99,Several parallel railway tracks and a rail corridor are clearly visible.
gated_highres,railway,44,0.5790672302246094,n3639990481_US_21,An aerial image. It shows: Catch point on the railway track for derailing.,/data/tessera_dataset/image-emb-text/images2/n3639990481_US_21.jpg,-105.13902957807153,39.78658005620787,True,0.91,Parallel rail tracks are visibly present across the industrial area.
gated_highres,railway,45,0.5790672302246094,w340440646_US_20,An aerial image. It shows: Rail spur service.,/data/tessera_dataset/image-emb-text/images2/w340440646_US_20.jpg,-97.22990944002001,33.001356252445824,True,0.99,A broad railway corridor with multiple parallel tracks is clearly visible.
gated_highres,railway,46,0.5790672302246094,n70104047_US_21,An aerial image. It shows: Level crossing on the railway with lights.,/data/tessera_dataset/image-emb-text/images6/n70104047_US_21.jpg,-85.1262749,33.7258358,True,0.96,"Railway tracks are visibly crossing the image horizontally, with a crossing or junction near the center."
gated_highres,railway,47,0.5790672302246094,w657770829_US_19,An aerial image. It shows: Railway track.,/data/tessera_dataset/image-emb-text/images6/w657770829_US_19.jpg,-116.57570204477636,43.591683008972325,True,0.99,Multiple railway tracks are clearly visible along the lower-left to upper-right corridor.
gated_highres,railway,48,0.5790672302246094,w199348395_US_20,An aerial image. It shows: Railway yard used for servicing trains.,/data/tessera_dataset/image-emb-text/images5/w199348395_US_20.jpg,-122.4596094,43.7462127,True,0.97,A rail yard or railway junction with parallel tracks and branching track lines is clearly visible.
gated_highres,railway,49,0.5790672302246094,n2511104499_US_21,An aerial image. It shows: Railway level crossing.,/data/tessera_dataset/image-emb-text/images7/n2511104499_US_21.jpg,-86.2961474,34.3489296,True,0.98,Railway tracks are clearly visible crossing beneath or alongside the road at the center.
gated_highres,railway,50,0.5790672302246094,w992068578_US_19,An aerial image. It shows: Railway siding for service.,/data/tessera_dataset/image-emb-text/images5/w992068578_US_19.jpg,-112.7462908,45.7428242,True,0.99,A railway corridor with parallel tracks is clearly visible running vertically through the image.
gated_highres,railway,51,0.5790672302246094,w322515887_US_21,An aerial image. It shows: Rail spur service.,/data/tessera_dataset/image-emb-text/images4/w322515887_US_21.jpg,-84.5752178918618,35.91839956586709,True,0.99,Multiple parallel railway tracks are clearly visible running diagonally through the image.
gated_highres,railway,52,0.5790672302246094,w86585365_US_19,An aerial image. It shows: Railway yard.,/data/tessera_dataset/image-emb-text/images4/w86585365_US_19.jpg,-122.3367065656847,47.56713271794575,True,0.99,A rail yard with several parallel railway tracks is clearly visible beside an industrial building.
gated_highres,railway,53,0.5790672302246094,w358582399_US_21,An aerial image. It shows: Railway yard used for servicing trains.,/data/tessera_dataset/image-emb-text/images6/w358582399_US_21.jpg,-90.3670668,40.9408,True,0.98,"Multiple railway tracks are visibly present, running diagonally alongside a paved area."
gated_highres,railway,54,0.5790672302246094,w250699683_US_19,An aerial image. It shows: Disused railway siding.,/data/tessera_dataset/image-emb-text/images4/w250699683_US_19.jpg,-115.2734405,41.0628806,True,0.96,A curving railway track or rail line is clearly visible through the vegetation.
gated_highres,railway,55,0.5790672302246094,w1118390742_US_21,An aerial image. It shows: Railway yard in service.,/data/tessera_dataset/image-emb-text/images5/w1118390742_US_21.jpg,-80.6913285,41.1363788,True,0.99,Several railway tracks and rail cars or equipment are clearly visible in a rail yard.
gated_highres,railway,56,0.5790672302246094,w1107799883_US_20,An aerial image. It shows: Railway siding with rails.,/data/tessera_dataset/image-emb-text/images7/w1107799883_US_20.jpg,-78.6923454913146,35.79471020515542,True,0.93,Parallel railway tracks are visibly present between the surrounding roads and buildings.
gated_highres,railway,57,0.5790672302246094,n5324844922_US_19,An aerial image. It shows: Railway yard.,/data/tessera_dataset/image-emb-text/images7/n5324844922_US_19.jpg,-83.39846879891226,41.15070047350416,True,0.98,A pair of parallel railway tracks is clearly visible crossing the image horizontally.
gated_highres,railway,58,0.5790672302246094,w888701190_US_20,An aerial image. It shows: Railway siding with rails.,/data/tessera_dataset/image-emb-text/images4/w888701190_US_20.jpg,-94.367214,32.5587362,True,0.99,A straight railway line with parallel tracks is clearly visible through the wooded area.
gated_highres,railway,59,0.5790672302246094,w507087810_US_20,An aerial image. It shows: Disused railway spur line.,/data/tessera_dataset/image-emb-text/images6/w507087810_US_20.jpg,-80.2654848311342,35.81078794882543,True,0.98,A railway line with parallel tracks is clearly visible running diagonally beside a road.
gated_highres,railway,60,0.5790672302246094,w357721752_US_21,An aerial image. It shows: Bridge over railway line.,/data/tessera_dataset/image-emb-text/images3/w357721752_US_21.jpg,-114.07929203064563,35.158319275955286,True,0.98,Multiple railway tracks are clearly visible crossing the barren landscape.
gated_highres,railway,61,0.5790672302246094,w35479284_US_19,An aerial image. It shows: Railway yard in service.,/data/tessera_dataset/image-emb-text/images4/w35479284_US_19.jpg,-122.37017658085271,47.5735397224073,True,0.99,Multiple parallel railway tracks and rail infrastructure are clearly visible.
gated_highres,railway,62,0.5790672302246094,n7911062577_US_19,An aerial image. It shows: Railroad crossover.,/data/tessera_dataset/image-emb-text/images4/n7911062577_US_19.jpg,-79.36789139064027,39.8250440357527,True,0.98,A railway track runs diagonally through the wooded area.
gated_highres,railway,63,0.5790672302246094,w305849366_US_21,An aerial image. It shows: Railway siding for service.,/data/tessera_dataset/image-emb-text/images7/w305849366_US_21.jpg,-107.53587234566672,39.57064069328807,True,0.78,"Several long, parallel linear track-like bands are visibly present across the open corridor."
gated_highres,railway,64,0.5790672302246094,w137054735_US_21,An aerial image. It shows: Railway siding with rails.,/data/tessera_dataset/image-emb-text/images5/w137054735_US_21.jpg,-92.10124558537278,32.503783776666765,True,0.98,Multiple railway tracks are clearly visible along the lower portion of the image.
gated_highres,railway,65,0.5790672302246094,w1118390741_US_21,An aerial image. It shows: Railway yard.,/data/tessera_dataset/image-emb-text/images4/w1118390741_US_21.jpg,-80.6920497,41.1372192,True,0.98,A railway track corridor with parallel rails runs diagonally through the scene.
gated_highres,railway,66,0.5790672302246094,w305219338_US_21,An aerial image. It shows: Railway track.,/data/tessera_dataset/image-emb-text/images3/w305219338_US_21.jpg,-94.73607599536967,42.05535868344914,True,0.99,Two or more railway tracks are clearly visible crossing the image horizontally.
gated_highres,railway,67,0.5790672302246094,w218249469_US_21,An aerial image. It shows: Railway siding with rails.,/data/tessera_dataset/image-emb-text/images7/w218249469_US_21.jpg,-116.5759158,43.591576,True,1.0,A dense group of parallel railway tracks is clearly visible.
gated_highres,railway,68,0.5790672302246094,w134751385_US_19,An aerial image. It shows: Railway track.,/data/tessera_dataset/image-emb-text/images4/w134751385_US_19.jpg,-96.75157561580137,46.87443176118961,True,0.9,Railway tracks and a broad rail-yard-like corridor are visible across the lower half.
gated_highres,railway,69,0.5790672302246094,w174245103_US_20,An aerial image. It shows: Railway siding for service.,/data/tessera_dataset/image-emb-text/images6/w174245103_US_20.jpg,-116.96182749342202,44.02511871530288,True,0.98,Railway tracks are clearly visible along the right side beside the industrial area.
gated_highres,railway,70,0.5790672302246094,w188005208_US_20,An aerial image. It shows: Railway siding for service.,/data/tessera_dataset/image-emb-text/images4/w188005208_US_20.jpg,-104.216099979958,32.38924185937502,True,0.98,A railway track corridor with parallel rails is clearly visible through the center of the image.
gated_highres,railway,71,0.5790672302246094,w288970792_US_21,An aerial image. It shows: Railway yard used for servicing trains.,/data/tessera_dataset/image-emb-text/images5/w288970792_US_21.jpg,-90.21811235330544,38.73288285742052,True,0.98,Multiple parallel railway tracks with visible rails and sleepers run through the image.
gated_highres,railway,72,0.5790672302246094,n9316841246_US_20,An aerial image. It shows: View of railway yard.,/data/tessera_dataset/image-emb-text/images6/n9316841246_US_20.jpg,-90.18935550162689,32.288413442311,True,0.94,A broad railway corridor with multiple parallel tracks is clearly visible beside industrial properties.
gated_highres,railway,73,0.5790672302246094,n9408949153_US_20,An aerial image. It shows: Level crossing along the railway.,/data/tessera_dataset/image-emb-text/images7/n9408949153_US_20.jpg,-121.8586194,38.0217923,True,0.99,Several railway tracks and a line of rail cars are visibly present.
gated_highres,railway,74,0.5790672302246094,w18345633_US_18,An aerial image. It shows: Railway spur service.,/data/tessera_dataset/image-emb-text/images4/w18345633_US_18.jpg,-94.87477568957266,39.72420523745812,True,0.99,A large rail yard with numerous parallel tracks and rail cars is clearly visible.
gated_highres,railway,75,0.5790672302246094,w71341152_US_19,An aerial image. It shows: Abandoned railway.,/data/tessera_dataset/image-emb-text/images6/w71341152_US_19.jpg,-76.2030203684063,43.06554104804225,True,0.97,Multiple parallel railway tracks are visible across the lower portion of the image.
gated_highres,railway,76,0.5790672302246094,n3317409805_US_20,An aerial image. It shows: Junction on the railway.,/data/tessera_dataset/image-emb-text/images5/n3317409805_US_20.jpg,-86.45388405760484,40.7046832106366,True,0.98,A railway line with parallel tracks runs diagonally through the agricultural landscape.
gated_highres,railway,77,0.5790672302246094,w80761107_US_21,An aerial image. It shows: Railway track.,/data/tessera_dataset/image-emb-text/images7/w80761107_US_21.jpg,-81.59589766456435,41.553893097997445,True,0.99,Railway tracks and a stationary train are clearly visible in an industrial area.
gated_highres,railway,78,0.5790672302246094,w9175302_US_19,An aerial image. It shows: Disused railway spur service.,/data/tessera_dataset/image-emb-text/images7/w9175302_US_19.jpg,-84.28829449662649,33.898125138542106,True,0.98,Several parallel railway tracks are visibly laid out through the open industrial terrain.
gated_highres,railway,79,0.5790672302246094,n10884205014_US_18,An aerial image. It shows: Railway signal.,/data/tessera_dataset/image-emb-text/images2/n10884205014_US_18.jpg,-121.93730936023233,37.354105420465295,True,0.98,A railway corridor with multiple tracks is clearly visible crossing the developed area.
gated_highres,railway,80,0.5790672302246094,w218249487_US_21,An aerial image. It shows: Railway track.,/data/tessera_dataset/image-emb-text/images6/w218249487_US_21.jpg,-116.57291806579298,43.589494711392405,True,0.99,A large set of parallel railway tracks is clearly visible next to the roadway.
gated_highres,railway,81,0.5790672302246094,w161840610_US_20,An aerial image. It shows: Railway track.,/data/tessera_dataset/image-emb-text/images6/w161840610_US_20.jpg,-102.1131794,48.6186583,True,0.99,A railway track runs diagonally across the image and intersects a road at a crossing.
gated_highres,railway,82,0.5790672302246094,n8773897716_US_19,An aerial image. It shows: Railway signal.,/data/tessera_dataset/image-emb-text/images7/n8773897716_US_19.jpg,-81.83485282728735,30.556385236764527,True,0.99,Multiple parallel railway tracks are clearly visible through the vegetation.
gated_highres,railway,83,0.5790672302246094,n9520342539_US_21,An aerial image. It shows: Railway signal.,/data/tessera_dataset/image-emb-text/images5/n9520342539_US_21.jpg,-88.0482437,30.7279193,True,0.99,Several parallel railway tracks run vertically through the wooded area.
gated_highres,railway,84,0.5790672302246094,w1035425398_US_21,An aerial image. It shows: Bridge over railway line.,/data/tessera_dataset/image-emb-text/images4/w1035425398_US_21.jpg,-95.84156151397642,41.5829126328694,True,0.88,A linear railway corridor with parallel track lines is visibly cutting through the agricultural fields.
gated_highres,railway,85,0.5790672302246094,w86585362_US_19,An aerial image. It shows: Railway yard in service.,/data/tessera_dataset/image-emb-text/images5/w86585362_US_19.jpg,-122.33665317905968,47.56704181200402,True,0.99,A large rail yard with numerous parallel tracks and railcars is clearly visible.
gated_highres,railway,86,0.5790672302246094,w939782223_US_21,An aerial image. It shows: Railway track.,/data/tessera_dataset/image-emb-text/images4/w939782223_US_21.jpg,-82.01061162496515,28.034893710190453,True,0.98,Parallel railway tracks are visible crossing horizontally below the buildings and trees.
gated_highres,railway,87,0.5790672302246094,w190664494_US_21,An aerial image. It shows: Railway siding for service.,/data/tessera_dataset/image-emb-text/images4/w190664494_US_21.jpg,-94.88751502536479,39.71929892768379,False,0.98,"The image shows a paved roadway beside farmland and houses, with no visibly identifiable railway tracks."
gated_highres,railway,88,0.5790672302246094,w999864489_US_21,An aerial image. It shows: Railway yard.,/data/tessera_dataset/image-emb-text/images5/w999864489_US_21.jpg,-90.37487314596603,40.92663160307935,True,1.0,Numerous parallel railway tracks filled with freight cars are clearly visible.
gated_highres,railway,89,0.5790672302246094,w358455908_US_21,An aerial image. It shows: Railway siding for service.,/data/tessera_dataset/image-emb-text/images7/w358455908_US_21.jpg,-90.38519942875618,40.945313407563134,True,0.97,Multiple parallel railway tracks are visible in the cleared corridor.
gated_highres,railway,90,0.5790672302246094,w205038562_US_21,An aerial image. It shows: Railway yard used for servicing trains.,/data/tessera_dataset/image-emb-text/images7/w205038562_US_21.jpg,-112.1189797690491,40.71231958927427,True,1.0,"A complex railway corridor with multiple tracks, overhead infrastructure, and railcars is clearly visible."
gated_highres,railway,91,0.5790672302246094,w849101216_US_21,An aerial image. It shows: Rail spur service.,/data/tessera_dataset/image-emb-text/images6/w849101216_US_21.jpg,-80.6936954,41.138907,True,0.99,Multiple parallel railway tracks and rail cars are clearly visible.
gated_highres,railway,92,0.5790672302246094,w167422048_US_19,An aerial image. It shows: Railway yard used for servicing trains.,/data/tessera_dataset/image-emb-text/images4/w167422048_US_19.jpg,-90.22148193843567,38.49774782886814,True,0.99,A railway yard with several parallel tracks is clearly visible.
gated_highres,railway,93,0.5790672302246094,w1138688602_US_20,An aerial image. It shows: Railway yard.,/data/tessera_dataset/image-emb-text/images5/w1138688602_US_20.jpg,-84.9203812616881,41.377570401138485,True,0.99,Multiple railway tracks and a line of freight cars are clearly visible.
gated_highres,railway,94,0.5790672302246094,w1056512301_US_20,An aerial image. It shows: Railway track.,/data/tessera_dataset/image-emb-text/images3/w1056512301_US_20.jpg,-81.45272727987475,37.41411963240498,True,0.99,A railway track corridor is clearly visible running through the wooded area.
gated_highres,railway,95,0.5790672302246094,w137686421_US_21,An aerial image. It shows: Abandoned railway.,/data/tessera_dataset/image-emb-text/images4/w137686421_US_21.jpg,-71.56079519059708,42.26904851523783,True,0.96,Railway tracks and a rail corridor are visibly present near the road.
gated_highres,railway,96,0.5790672302246094,w1008212924_US_20,An aerial image. It shows: Railway siding for service.,/data/tessera_dataset/image-emb-text/images5/w1008212924_US_20.jpg,-90.29598242332943,32.09231538974569,True,0.98,A clear railway track runs diagonally along the right side of the image.
gated_highres,railway,97,0.5790672302246094,w357721788_US_21,An aerial image. It shows: Rail spur service.,/data/tessera_dataset/image-emb-text/images6/w357721788_US_21.jpg,-114.08778282527263,35.15112403075472,True,0.99,Multiple railway tracks are clearly visible in the sandy landscape.
gated_highres,railway,98,0.5790672302246094,w384077599_US_21,An aerial image. It shows: Railway siding with rails.,/data/tessera_dataset/image-emb-text/images5/w384077599_US_21.jpg,-88.45363504797987,39.317909968137116,True,0.99,A railway track corridor is clearly visible between roads and buildings.
gated_highres,railway,99,0.5790672302246094,w358723237_US_19,An aerial image. It shows: Railway yard.,/data/tessera_dataset/image-emb-text/images7/w358723237_US_19.jpg,-90.3766559,40.9246134,True,0.99,A large rail yard with numerous parallel tracks and rail cars is clearly visible.
gated_highres,railway,100,0.5790672302246094,w879343693_US_19,An aerial image. It shows: Railway track.,/data/tessera_dataset/image-emb-text/images5/w879343693_US_19.jpg,-87.0200553,32.415588,False,0.9,"The image shows trees, grassy land, buildings, and what appears to be a road or path, with no clearly visible railway."
gated_highres,swimming_pool,1,0.5033761262893677,a169815520_CH_18,"An aerial image. It shows: Swimming pool located in leisure land area, perfect for swimming and other water activities.",/data/tessera_dataset/image-emb-text/images2/a169815520_CH_18.jpg,8.893171053335587,45.97815141871281,True,0.99,A clearly visible rectangular blue swimming pool beside a house.
gated_highres,swimming_pool,2,0.5033761262893677,a255824576_CH_20,An aerial image. It shows: Swimming pool located in leisure land.,/data/tessera_dataset/image-emb-text/images5/a255824576_CH_20.jpg,7.55129775,47.3339575,True,1.0,A clearly visible rectangular swimming pool filled with blue water.
gated_highres,swimming_pool,3,0.5033761262893677,a1077499707_CH_20,An aerial image. It shows: Swimming pool located in leisure land.,/data/tessera_dataset/image-emb-text/images4/a1077499707_CH_20.jpg,6.886068037823977,46.472071911575384,True,1.0,A visibly irregularly shaped blue swimming pool in a landscaped yard.
gated_highres,swimming_pool,4,0.5033761262893677,a1167801617_CH_18,An aerial image. It shows: Outdoor swimming pool in leisure land.,/data/tessera_dataset/image-emb-text/images5/a1167801617_CH_18.jpg,8.8780351,46.039486249999996,True,1.0,A clearly visible blue rectangular swimming pool with a rounded end.
gated_highres,swimming_pool,5,0.5033761262893677,a281133027_CH_19,An aerial image. It shows: Swimming pool located in leisure land.,/data/tessera_dataset/image-emb-text/images6/a281133027_CH_19.jpg,8.988374282148637,47.22448187293841,True,1.0,A long rectangular blue swimming pool is clearly visible in the yard.
gated_highres,swimming_pool,6,0.5033761262893677,a167142992_CH_20,An aerial image. It shows: Swimming pool located in leisure land.,/data/tessera_dataset/image-emb-text/images7/a167142992_CH_20.jpg,6.218245100000001,46.199401300000005,True,0.93,A dark rectangular pool-like basin with visible blue-green water is present beside the property.
gated_highres,swimming_pool,7,0.5033761262893677,a389417109_CH_18,An aerial image. It shows: Swimming pool located in leisure land.,/data/tessera_dataset/image-emb-text/images4/a389417109_CH_18.jpg,8.879207059056837,45.97720293441827,True,1.0,A large rectangular blue swimming pool is clearly visible next to the house.
gated_highres,swimming_pool,8,0.5033761262893677,a549904581_CH_18,An aerial image. It shows: Swimming pool located in leisure land.,/data/tessera_dataset/image-emb-text/images4/a549904581_CH_18.jpg,7.498851664470738,46.83763022698055,True,1.0,A clearly visible blue rectangular swimming pool in the backyard.
gated_highres,swimming_pool,9,0.5033761262893677,a557027091_CH_20,An aerial image. It shows: Swimming pool located in leisure land.,/data/tessera_dataset/image-emb-text/images4/a557027091_CH_20.jpg,6.210871285515413,46.19976934685545,True,0.84,"A long rectangular dark pool area, apparently covered, is visibly present beside the house."
gated_highres,swimming_pool,10,0.5033761262893677,a1169127945_CH_18,An aerial image. It shows: Outdoor swimming pool in leisure land area.,/data/tessera_dataset/image-emb-text/images7/a1169127945_CH_18.jpg,8.868288476016003,46.0311816350804,False,0.68,No clearly identifiable swimming pool is visible; the scene is mostly vegetation and paved or roofed surfaces.
gated_highres,swimming_pool,11,0.5033761262893677,a124529717_CH_19,An aerial image. It shows: Swimming pool located in leisure land.,/data/tessera_dataset/image-emb-text/images5/a124529717_CH_19.jpg,8.716488949999999,47.38665829999999,True,0.99,A clearly visible turquoise rectangular swimming pool surrounded by a light-colored deck.
gated_highres,swimming_pool,12,0.5033761262893677,a124917139_CH_19,An aerial image. It shows: Swimming pool located in leisure land.,/data/tessera_dataset/image-emb-text/images6/a124917139_CH_19.jpg,8.717595241890276,47.38152273877644,True,0.86,A large rectangular light-blue pool or pool basin is visibly present beside the house.
gated_highres,swimming_pool,13,0.5033761262893677,a1116688515_CH_20,An aerial image. It shows: Swimming pool located in leisure land.,/data/tessera_dataset/image-emb-text/images6/a1116688515_CH_20.jpg,6.963781872682093,46.30833612037511,True,0.99,A clearly visible blue swimming pool with a surrounding patio and deck.
gated_highres,swimming_pool,14,0.5033761262893677,a218933888_CH_20,An aerial image. It shows: Swimming pool located in leisure land.,/data/tessera_dataset/image-emb-text/images4/a218933888_CH_20.jpg,6.854502050000001,46.467068,True,0.78,A long rectangular dark-water basin with a pool-like border and surrounding deck is visible.
gated_highres,swimming_pool,15,0.5033761262893677,a389700270_CH_18,An aerial image. It shows: Swimming pool located in leisure land.,/data/tessera_dataset/image-emb-text/images4/a389700270_CH_18.jpg,8.883824540571505,45.97071871028041,False,0.95,The prominent rectangular feature appears to be a light-colored building roof; no swimming pool is visibly identifiable.
gated_highres,swimming_pool,16,0.5033761262893677,a299289655_CH_20,An aerial image. It shows: Swimming pool located in leisure land.,/data/tessera_dataset/image-emb-text/images7/a299289655_CH_20.jpg,6.516543182040933,46.517064848732176,True,0.99,A clearly visible rectangular swimming pool with blue-green water and a full surrounding deck.
gated_highres,swimming_pool,17,0.5033761262893677,a51112130_CH_20,An aerial image. It shows: Swimming pool located in leisure land.,/data/tessera_dataset/image-emb-text/images4/a51112130_CH_20.jpg,6.557555975019181,46.51811016960119,True,0.88,A long rectangular turquoise covered pool structure is visibly present in the landscaped yard.
gated_highres,swimming_pool,18,0.5033761262893677,a1062151317_CH_20,An aerial image. It shows: Swimming pool located in leisure land.,/data/tessera_dataset/image-emb-text/images5/a1062151317_CH_20.jpg,6.954817617368155,46.27082375887041,True,0.99,"A bright blue swimming pool with irregular shape, patio, and surrounding pool furniture is clearly visible."
gated_highres,swimming_pool,19,0.5033761262893677,n3545978810_US_21,An aerial image. It shows: Swimming pool located in leisure land.,/data/tessera_dataset/image-emb-text/images5/n3545978810_US_21.jpg,-112.21237257975726,33.50878705014397,True,0.92,A small clearly visible blue swimming pool is present within the central landscaped property.
gated_highres,swimming_pool,20,0.5033761262893677,a418086323_CH_18,An aerial image. It shows: Swimming pool located in leisure land.,/data/tessera_dataset/image-emb-text/images4/a418086323_CH_18.jpg,8.81557835,45.9907181,True,1.0,A large light-blue swimming pool with a visible border and steps is clearly shown.
gated_highres,swimming_pool,21,0.5033761262893677,a1140609521_CH_18,An aerial image. It shows: Swimming pool located in leisure land.,/data/tessera_dataset/image-emb-text/images3/a1140609521_CH_18.jpg,8.886165618560316,45.99046500108945,True,0.99,A clearly visible blue rectangular swimming pool beside a house.
gated_highres,swimming_pool,22,0.5033761262893677,a289029378_CH_20,An aerial image. It shows: Swimming pool located in leisure land.,/data/tessera_dataset/image-emb-text/images7/a289029378_CH_20.jpg,7.38092630988147,46.25769860476416,True,0.99,A clearly visible light-blue oval swimming pool with surrounding deck.
gated_highres,swimming_pool,23,0.5033761262893677,a289029287_CH_20,An aerial image. It shows: Swimming pool located in leisure land.,/data/tessera_dataset/image-emb-text/images6/a289029287_CH_20.jpg,7.375538712348046,46.2512414005701,True,0.99,A large bright-blue rectangular swimming pool is clearly visible in a landscaped yard.
gated_highres,swimming_pool,24,0.5033761262893677,a825405186_CH_20,"An aerial image. It shows: Outdoor swimming pool, which is inground, located in leisure land area.",/data/tessera_dataset/image-emb-text/images2/a825405186_CH_20.jpg,6.560332765978297,46.50987025367664,True,0.78,A large rectangular pool-like area with a visible grid or cover is present beside a paved path.
gated_highres,swimming_pool,25,0.5033761262893677,a1078115230_CH_18,An aerial image. It shows: Swimming pool located in leisure land.,/data/tessera_dataset/image-emb-text/images5/a1078115230_CH_18.jpg,8.71175031738791,46.1225997009885,True,0.99,A narrow rectangular blue swimming pool is clearly visible alongside a building.
gated_highres,swimming_pool,26,0.5033761262893677,a1054706720_CH_20,An aerial image. It shows: Swimming pool located in leisure land.,/data/tessera_dataset/image-emb-text/images2/a1054706720_CH_20.jpg,6.901355649999999,46.381235399999994,True,0.99,A clearly visible blue rectangular swimming pool with a surrounding pale deck.
gated_highres,swimming_pool,27,0.5033761262893677,a484017972_CH_18,An aerial image. It shows: Swimming pool located in leisure land.,/data/tessera_dataset/image-emb-text/images5/a484017972_CH_18.jpg,8.857701172639715,45.96454368468086,True,0.99,A large rectangular blue swimming pool is clearly visible in the center of the property.
gated_highres,swimming_pool,28,0.5033761262893677,a389974246_CH_18,An aerial image. It shows: Swimming pool located in leisure land.,/data/tessera_dataset/image-emb-text/images7/a389974246_CH_18.jpg,8.871735552446236,45.97023286057846,True,0.98,A small bright-blue rectangular swimming pool is clearly visible in a landscaped yard.
gated_highres,swimming_pool,29,0.5033761262893677,a389417116_CH_18,An aerial image. It shows: Swimming pool located in leisure land.,/data/tessera_dataset/image-emb-text/images5/a389417116_CH_18.jpg,8.883002591322496,45.973811440202645,True,0.99,A large rectangular swimming pool with bright-blue water and a surrounding deck is clearly visible.
gated_highres,swimming_pool,30,0.5033761262893677,a1059738287_CH_20,An aerial image. It shows: Swimming pool located in leisure land.,/data/tessera_dataset/image-emb-text/images6/a1059738287_CH_20.jpg,6.943664860636609,46.246533472722554,True,0.88,A rectangular pool-like structure with a pale covered surface and blue border is visibly present in the yard.
gated_highres,swimming_pool,31,0.5033761262893677,a297817627_CH_20,An aerial image. It shows: Swimming pool located in leisure land.,/data/tessera_dataset/image-emb-text/images4/a297817627_CH_20.jpg,6.502351893707507,46.522587326260755,True,0.99,Large irregular light-blue swimming pool is clearly visible in a paved backyard.
gated_highres,swimming_pool,32,0.5033761262893677,a1140609560_CH_18,An aerial image. It shows: Swimming pool located in leisure land.,/data/tessera_dataset/image-emb-text/images5/a1140609560_CH_18.jpg,8.886386428135634,45.994799523615285,True,0.99,Long narrow blue swimming pool is clearly visible beside a paved patio.
gated_highres,swimming_pool,33,0.5033761262893677,a194853901_CH_20,An aerial image. It shows: Swimming pool located in leisure land.,/data/tessera_dataset/image-emb-text/images5/a194853901_CH_20.jpg,6.213898762484872,46.19670303613192,True,0.99,Large rectangular blue swimming pool is clearly visible behind the house.
gated_highres,swimming_pool,34,0.5033761262893677,a293556508_CH_17,An aerial image. It shows: Swimming pool located in leisure land.,/data/tessera_dataset/image-emb-text/images7/a293556508_CH_17.jpg,7.345088696290745,46.24057030391354,True,0.98,Rectangular swimming pool with visible blue water and lane-like light stripes is clearly present.
gated_highres,swimming_pool,35,0.5033761262893677,a1162722176_CH_20,An aerial image. It shows: Swimming pool located in leisure land.,/data/tessera_dataset/image-emb-text/images6/a1162722176_CH_20.jpg,6.984299997767014,46.24260458662384,True,0.99,Light-blue rectangular swimming pool is clearly visible in the landscaped yard.
gated_highres,swimming_pool,36,0.5033761262893677,a293306796_CH_20,An aerial image. It shows: Swimming pool located in leisure land.,/data/tessera_dataset/image-emb-text/images6/a293306796_CH_20.jpg,7.36268525,46.21774175,True,0.99,Elongated oval swimming pool with light-blue water is clearly visible.
gated_highres,swimming_pool,37,0.5033761262893677,a389974255_CH_18,An aerial image. It shows: Swimming pool located in leisure land.,/data/tessera_dataset/image-emb-text/images6/a389974255_CH_18.jpg,8.875093259304155,45.971482415787705,True,0.98,Small rectangular blue swimming pool is clearly visible beside a paved area.
gated_highres,swimming_pool,38,0.5033761262893677,a399107443_CH_20,An aerial image. It shows: Swimming pool located in leisure land.,/data/tessera_dataset/image-emb-text/images4/a399107443_CH_20.jpg,6.880661190808492,46.45930226618978,True,0.99,Large rectangular blue swimming pool is clearly visible on a concrete deck.
gated_highres,swimming_pool,39,0.5033761262893677,a314797263_CH_19,An aerial image. It shows: Swimming pool located in leisure land.,/data/tessera_dataset/image-emb-text/images7/a314797263_CH_19.jpg,9.2267071,47.62861530000001,True,0.86,A narrow rectangular basin with a white border and dark green surface is visibly consistent with a covered or dark-water swimming pool.
gated_highres,swimming_pool,40,0.5033761262893677,a1140256512_CH_18,An aerial image. It shows: Swimming pool located in leisure land.,/data/tessera_dataset/image-emb-text/images5/a1140256512_CH_18.jpg,8.891384629016553,45.992658094353736,True,0.99,Rectangular light-blue swimming pool is clearly visible in the backyard.
gated_highres,swimming_pool,41,0.5033761262893677,a389417138_CH_18,An aerial image. It shows: Swimming pool located in leisure land.,/data/tessera_dataset/image-emb-text/images5/a389417138_CH_18.jpg,8.87821115321703,45.979494703701576,True,0.99,Large bright blue rectangular swimming pool is clearly visible beside a residence.
gated_highres,swimming_pool,42,0.5033761262893677,a386270485_CH_19,An aerial image. It shows: Swimming pool located in leisure land.,/data/tessera_dataset/image-emb-text/images3/a386270485_CH_19.jpg,8.717092406459894,47.30816550966635,True,0.99,Bright blue rectangular swimming pool with a surrounding deck is clearly visible.
gated_highres,swimming_pool,43,0.5033761262893677,a1090711787_CH_18,An aerial image. It shows: Swimming pool located in leisure land.,/data/tessera_dataset/image-emb-text/images4/a1090711787_CH_18.jpg,8.702773036657952,46.11868178748956,True,0.98,A small rectangular blue swimming pool is clearly visible in the residential yard.
gated_highres,swimming_pool,44,0.5033761262893677,a446274244_CH_20,An aerial image. It shows: Swimming pool located in leisure land.,/data/tessera_dataset/image-emb-text/images4/a446274244_CH_20.jpg,7.3590454,46.256579,True,0.99,Distinct oval swimming pool with pale blue water is clearly visible.
gated_highres,swimming_pool,45,0.5033761262893677,a551515187_CH_18,An aerial image. It shows: Swimming pool located in leisure land.,/data/tessera_dataset/image-emb-text/images4/a551515187_CH_18.jpg,8.721263350000001,46.1843968,True,0.99,Large rectangular blue swimming pool is clearly visible.
gated_highres,swimming_pool,46,0.5033761262893677,a389417136_CH_18,An aerial image. It shows: Swimming pool located in leisure land.,/data/tessera_dataset/image-emb-text/images4/a389417136_CH_18.jpg,8.882642614134465,45.972072303347105,True,0.99,Large rectangular swimming pool with blue water is clearly visible.
gated_highres,swimming_pool,47,0.5033761262893677,a312267983_CH_19,An aerial image. It shows: Swimming pool located in leisure land.,/data/tessera_dataset/image-emb-text/images6/a312267983_CH_19.jpg,8.431881888572239,47.66255413685265,True,0.78,"A long enclosed backyard pool-like feature is visible, with a rectangular outline and poolside furniture; the interior appears covered or green rather than showing clear blue water."
gated_highres,swimming_pool,48,0.5033761262893677,a371273722_CH_19,An aerial image. It shows: Swimming pool located in leisure land.,/data/tessera_dataset/image-emb-text/images4/a371273722_CH_19.jpg,8.75595045,47.39393765,True,0.99,Irregularly shaped bright blue swimming pool is clearly visible.
gated_highres,swimming_pool,49,0.5033761262893677,a389417146_CH_18,An aerial image. It shows: Swimming pool located in leisure land.,/data/tessera_dataset/image-emb-text/images4/a389417146_CH_18.jpg,8.881242500068321,45.97352710180898,True,0.98,Large light-blue swimming pool is clearly visible in the yard.
gated_highres,swimming_pool,50,0.5033761262893677,n4060601180_US_20,An aerial image. It shows: Neighborhood.,/data/tessera_dataset/image-emb-text/images7/n4060601180_US_20.jpg,-102.10371469652998,32.01408187743815,True,0.97,Residential neighborhood view contains multiple visibly blue swimming pools in backyards.
gated_highres,swimming_pool,51,0.5033761262893677,a389417125_CH_18,An aerial image. It shows: Swimming pool located in leisure land.,/data/tessera_dataset/image-emb-text/images6/a389417125_CH_18.jpg,8.8798854,45.9753393,True,0.98,"A turquoise rectangular swimming pool is clearly visible, partially cropped at the upper left."
gated_highres,swimming_pool,52,0.5033761262893677,a124737808_CH_19,An aerial image. It shows: Swimming pool located in leisure land.,/data/tessera_dataset/image-emb-text/images7/a124737808_CH_19.jpg,8.722500721038255,47.384903834407766,False,0.86,"The image shows a large light-colored rectangular roof or covered structure, but no clearly visible swimming pool."
gated_highres,swimming_pool,53,0.5033761262893677,a292766836_CH_20,An aerial image. It shows: Swimming pool located in leisure land.,/data/tessera_dataset/image-emb-text/images5/a292766836_CH_20.jpg,7.3877611601780835,46.26617141281486,True,0.99,"A clearly visible rectangular blue swimming pool is centered in the image, enclosed by a pool cover or surrounding structure."
gated_highres,swimming_pool,54,0.5033761262893677,n10274559073_US_19,An aerial image. It shows: Swimming pool located in leisure land.,/data/tessera_dataset/image-emb-text/images4/n10274559073_US_19.jpg,-82.26353684794209,34.689171245659,True,0.96,Multiple turquoise swimming pools are visibly present among the landscaped residential properties.
gated_highres,swimming_pool,55,0.5033761262893677,a1097356865_CH_19,An aerial image. It shows: Swimming pool located in leisure land.,/data/tessera_dataset/image-emb-text/images5/a1097356865_CH_19.jpg,8.977465794436391,47.22991414723671,True,0.99,A large bright blue rectangular swimming pool is clearly visible beside the property.
gated_highres,swimming_pool,56,0.5033761262893677,a207250260_CH_20,An aerial image. It shows: Swimming pool located in leisure land.,/data/tessera_dataset/image-emb-text/images6/a207250260_CH_20.jpg,6.204935172777437,46.18687905013596,True,0.99,A green-tinted rectangular swimming pool is clearly visible next to the house and paved deck.
gated_highres,swimming_pool,57,0.5033761262893677,a289029376_CH_20,An aerial image. It shows: Swimming pool located in leisure land.,/data/tessera_dataset/image-emb-text/images5/a289029376_CH_20.jpg,7.378248820401284,46.2569620640661,True,0.95,"A long rectangular pool is visibly present, with pale blue water or a pool cover and surrounding decking."
gated_highres,swimming_pool,58,0.5033761262893677,a981526225_CH_17,An aerial image. It shows: Swimming pool located in leisure land.,/data/tessera_dataset/image-emb-text/images5/a981526225_CH_17.jpg,7.304225078755607,46.236648727452156,True,0.99,A kidney-shaped turquoise swimming pool is clearly visible beside the house.
gated_highres,swimming_pool,59,0.5033761262893677,a389974258_CH_18,An aerial image. It shows: Swimming pool located in leisure land.,/data/tessera_dataset/image-emb-text/images7/a389974258_CH_18.jpg,8.8746938545105,45.9740862118199,True,0.99,A large rectangular blue swimming pool is clearly visible in the lower-left portion of the property.
gated_highres,swimming_pool,60,0.5033761262893677,n3315330542_US_21,An aerial image. It shows: Swimming pool located in leisure land.,/data/tessera_dataset/image-emb-text/images4/n3315330542_US_21.jpg,-111.7302194,33.222337,True,0.93,Several residential swimming pools are visibly present across the aerial neighborhood scene.
gated_highres,swimming_pool,61,0.5033761262893677,a1139172703_CH_18,An aerial image. It shows: Swimming pool located in leisure land.,/data/tessera_dataset/image-emb-text/images5/a1139172703_CH_18.jpg,8.773577505622697,46.15016916629372,True,0.99,A clearly visible rectangular blue swimming pool surrounded by a paved deck and vegetation.
gated_highres,swimming_pool,62,0.5033761262893677,a1115950353_CH_20,An aerial image. It shows: Swimming pool located in leisure land.,/data/tessera_dataset/image-emb-text/images6/a1115950353_CH_20.jpg,6.552569145949967,46.52371771566722,True,0.99,"A rectangular in-ground pool with visible water, pool walls, and surrounding deck."
gated_highres,swimming_pool,63,0.5033761262893677,a389417123_CH_18,An aerial image. It shows: Swimming pool located in leisure land.,/data/tessera_dataset/image-emb-text/images7/a389417123_CH_18.jpg,8.881727649999998,45.9741604,True,0.98,A clearly visible bright-blue rectangular swimming pool.
gated_highres,swimming_pool,64,0.5033761262893677,a295007904_CH_20,An aerial image. It shows: Swimming pool located in leisure land.,/data/tessera_dataset/image-emb-text/images7/a295007904_CH_20.jpg,7.372720388476267,46.24617634764425,True,0.99,"A large in-ground swimming pool with blue water, shaped end section, and surrounding deck."
gated_highres,swimming_pool,65,0.5033761262893677,a194853895_CH_20,An aerial image. It shows: Swimming pool located in leisure land.,/data/tessera_dataset/image-emb-text/images4/a194853895_CH_20.jpg,6.21387845411512,46.19545102650876,True,0.98,A rectangular swimming pool with visible blue water and a paved perimeter.
gated_highres,swimming_pool,66,0.5033761262893677,a1056605272_CH_18,An aerial image. It shows: Swimming pool located in leisure land.,/data/tessera_dataset/image-emb-text/images2/a1056605272_CH_18.jpg,8.77258105,46.11216039999999,True,0.98,A clearly visible blue rectangular swimming pool surrounded by a light-colored deck.
gated_highres,swimming_pool,67,0.5033761262893677,a254089880_CH_20,An aerial image. It shows: Swimming pool located in leisure land.,/data/tessera_dataset/image-emb-text/images5/a254089880_CH_20.jpg,6.2052545016056015,46.19737476788801,True,0.78,"A rectangular pool-like structure is visible among the trees, appearing covered or shaded but retaining a clear pool footprint."
gated_highres,swimming_pool,68,0.5033761262893677,w521784717_US_21,An aerial image. It shows: Residential road.,/data/tessera_dataset/image-emb-text/images5/w521784717_US_21.jpg,-111.7212032,33.2134253,True,0.76,A small turquoise swimming pool is visibly present within the residential property near the center of the image.
gated_highres,swimming_pool,69,0.5033761262893677,a293317551_CH_20,An aerial image. It shows: Swimming pool located in leisure land.,/data/tessera_dataset/image-emb-text/images5/a293317551_CH_20.jpg,6.57465425,46.541963249999995,False,0.88,"The image shows a large turquoise rectangular recreational surface with court-like markings, consistent with a tennis or sport court rather than a swimming pool."
gated_highres,swimming_pool,70,0.5033761262893677,a237890944_CH_20,An aerial image. It shows: Swimming pool located in leisure land.,/data/tessera_dataset/image-emb-text/images5/a237890944_CH_20.jpg,7.313302089780773,46.21080537307462,True,0.99,A large rectangular blue swimming pool with a separate smaller adjoining pool or spa is clearly visible.
gated_highres,swimming_pool,71,0.5033761262893677,a1150685638_CH_18,An aerial image. It shows: Swimming pool located in leisure land.,/data/tessera_dataset/image-emb-text/images6/a1150685638_CH_18.jpg,8.898204287229694,45.99573359586832,False,0.91,"A large white rectangular surface is visible beside a house, but no water or clearly identifiable swimming-pool structure is present."
gated_highres,swimming_pool,72,0.5033761262893677,a1140256539_CH_18,An aerial image. It shows: Swimming pool located in leisure land.,/data/tessera_dataset/image-emb-text/images5/a1140256539_CH_18.jpg,8.893619137328741,45.99081456480709,True,0.98,A dark blue swimming pool with a light surrounding deck is clearly visible in the center-right; a circular spa is also visible nearby.
gated_highres,swimming_pool,73,0.5033761262893677,a389974281_CH_18,An aerial image. It shows: Swimming pool located in leisure land.,/data/tessera_dataset/image-emb-text/images4/a389974281_CH_18.jpg,8.875153654558371,45.97247834878087,True,0.99,A clearly defined rectangular swimming pool filled with green-blue water is visible beside the house.
gated_highres,swimming_pool,74,0.5033761262893677,a1148504863_CH_20,An aerial image. It shows: Outdoor swimming pool in leisure land.,/data/tessera_dataset/image-emb-text/images4/a1148504863_CH_20.jpg,6.8809016900063575,46.44412673480798,True,0.99,A bright blue rectangular swimming pool with surrounding paving is clearly visible.
gated_highres,swimming_pool,75,0.5033761262893677,n10274536874_US_21,An aerial image. It shows: Outdoor swimming pool in leisure land.,/data/tessera_dataset/image-emb-text/images7/n10274536874_US_21.jpg,-82.2645999,34.676469,True,0.97,"Multiple residential swimming pools are visibly present, including a blue oval pool and a smaller rectangular pool."
gated_highres,swimming_pool,76,0.5033761262893677,a1148504854_CH_20,An aerial image. It shows: Outdoor swimming pool on leisure land.,/data/tessera_dataset/image-emb-text/images2/a1148504854_CH_20.jpg,6.861248333885527,46.45023106066637,True,0.99,A large rectangular blue-green swimming pool is clearly visible next to the house.
gated_highres,swimming_pool,77,0.5033761262893677,a390478855_CH_18,An aerial image. It shows: Swimming pool located in leisure land.,/data/tessera_dataset/image-emb-text/images6/a390478855_CH_18.jpg,8.872497330756005,45.961260755415964,True,0.99,A bright blue rectangular swimming pool with a surrounding deck is clearly visible.
gated_highres,swimming_pool,78,0.5033761262893677,a556767449_CH_18,An aerial image. It shows: Swimming pool located in leisure land.,/data/tessera_dataset/image-emb-text/images7/a556767449_CH_18.jpg,8.724137119203633,46.180700786267735,True,0.99,A long rectangular swimming pool filled with blue-green water is clearly visible in the yard.
gated_highres,swimming_pool,79,0.5033761262893677,w30688972_US_21,An aerial image. It shows: Asphalt road in residential area.,/data/tessera_dataset/image-emb-text/images4/w30688972_US_21.jpg,-111.76164215634189,33.21457394731337,True,0.87,Several residential lots visibly contain small blue swimming pools.
gated_highres,swimming_pool,80,0.5033761262893677,a474589224_CH_20,An aerial image. It shows: Swimming pool located in leisure land.,/data/tessera_dataset/image-emb-text/images4/a474589224_CH_20.jpg,6.599128466292266,46.545680231335126,True,0.99,A clearly visible light-blue swimming pool with an irregular curved shape is located on the paved patio.
gated_highres,swimming_pool,81,0.5033761262893677,a389417114_CH_18,An aerial image. It shows: Swimming pool located in leisure land.,/data/tessera_dataset/image-emb-text/images5/a389417114_CH_18.jpg,8.88062954904203,45.9742601851097,True,0.99,A bright blue rectangular swimming pool is clearly visible beside a house.
gated_highres,swimming_pool,82,0.5033761262893677,a369616381_CH_19,An aerial image. It shows: Swimming pool located in leisure land.,/data/tessera_dataset/image-emb-text/images5/a369616381_CH_19.jpg,8.7721617,47.32855845,True,0.98,A long rectangular pool with pale blue water and a dark end section is clearly visible.
gated_highres,swimming_pool,83,0.5033761262893677,a1167352082_CH_18,An aerial image. It shows: Swimming pool located in leisure land.,/data/tessera_dataset/image-emb-text/images3/a1167352082_CH_18.jpg,8.86060965,46.001790400000004,True,0.99,A large light-blue swimming pool with a distinctive stepped or angled outline is clearly visible.
gated_highres,swimming_pool,84,0.5033761262893677,a299080690_CH_20,An aerial image. It shows: Swimming pool located in leisure land.,/data/tessera_dataset/image-emb-text/images4/a299080690_CH_20.jpg,6.534044080175672,46.510809496491376,True,0.99,A long narrow blue swimming pool is clearly visible within a paved surround.
gated_highres,swimming_pool,85,0.5033761262893677,a1167352076_CH_18,An aerial image. It shows: Swimming pool located in leisure land.,/data/tessera_dataset/image-emb-text/images7/a1167352076_CH_18.jpg,8.859223116139411,46.003186948965265,True,0.98,A large outlined swimming pool with a rounded end is clearly visible beside the building.
gated_highres,swimming_pool,86,0.5033761262893677,n10274536899_US_21,An aerial image. It shows: Outdoor swimming pool on leisure land.,/data/tessera_dataset/image-emb-text/images7/n10274536899_US_21.jpg,-82.261172798264,34.67578747828392,True,0.96,"Multiple residential swimming pools are visibly present, including small blue pools near the houses."
gated_highres,swimming_pool,87,0.5033761262893677,a389417150_CH_18,An aerial image. It shows: Swimming pool located in leisure land.,/data/tessera_dataset/image-emb-text/images5/a389417150_CH_18.jpg,8.878318022220256,45.97638684154601,True,0.93,A rectangular swimming pool or pool basin with greenish water is clearly visible in the central yard.
gated_highres,swimming_pool,88,0.5033761262893677,n7817189246_CH_19,An aerial image. It shows: Playground with slide.,/data/tessera_dataset/image-emb-text/images2/n7817189246_CH_19.jpg,8.757279503418177,47.38672951181413,False,0.98,"The image shows rooftops, paved areas, and yards, with no visibly identifiable swimming pool."
gated_highres,swimming_pool,89,0.5033761262893677,a1097356843_CH_19,An aerial image. It shows: Swimming pool located in leisure land.,/data/tessera_dataset/image-emb-text/images5/a1097356843_CH_19.jpg,8.977263337274554,47.22902924948809,True,0.88,A large rectangular pool basin with a light interior and surrounding coping is visibly present.
gated_highres,swimming_pool,90,0.5033761262893677,w1116209037_CH_20,An aerial image. It shows: Hedge barrier.,/data/tessera_dataset/image-emb-text/images4/w1116209037_CH_20.jpg,6.928915746643879,46.310984492030485,True,0.91,A rounded white swimming pool basin is clearly visible at the upper left of the grassy area.
gated_highres,swimming_pool,91,0.5033761262893677,a1140241395_CH_18,An aerial image. It shows: Swimming pool located in leisure land.,/data/tessera_dataset/image-emb-text/images4/a1140241395_CH_18.jpg,8.898451024689823,45.99672387575555,True,0.99,Large rectangular blue swimming pool visibly occupies the center of the property.
gated_highres,swimming_pool,92,0.5033761262893677,a124737807_CH_19,An aerial image. It shows: Swimming pool located in leisure land.,/data/tessera_dataset/image-emb-text/images6/a124737807_CH_19.jpg,8.721423318436358,47.3866904928541,True,0.98,A rectangular blue swimming pool with a surrounding pale deck is clearly visible.
gated_highres,swimming_pool,93,0.5033761262893677,a197853978_CH_20,An aerial image. It shows: Building with swimming pool on the leisure land.,/data/tessera_dataset/image-emb-text/images6/a197853978_CH_20.jpg,6.860357786245352,46.46633780430272,True,0.99,Large rectangular turquoise swimming pool is clearly visible beside paved walkways.
gated_highres,swimming_pool,94,0.5033761262893677,a386270483_CH_19,An aerial image. It shows: Swimming pool located in leisure land.,/data/tessera_dataset/image-emb-text/images6/a386270483_CH_19.jpg,8.718779338780191,47.310348464486,True,0.98,Small rectangular blue swimming pool is visibly present next to the building.
gated_highres,swimming_pool,95,0.5033761262893677,a449969529_US_18,An aerial image. It shows: Image showing building with apartments.,/data/tessera_dataset/image-emb-text/images7/a449969529_US_18.jpg,-118.03050909739633,33.91770935979071,True,0.91,Multiple small blue swimming pools are visibly present among the residential properties.
gated_highres,swimming_pool,96,0.5033761262893677,n4664150725_US_19,An aerial image. It shows: Swimming pool located in leisure land.,/data/tessera_dataset/image-emb-text/images5/n4664150725_US_19.jpg,-84.23186099355391,33.807025068865315,True,0.87,A rounded pool-like blue water area is visibly present near the upper part of the property; tennis courts are also visible.
gated_highres,swimming_pool,97,0.5033761262893677,a962255997_CH_20,An aerial image. It shows: Swimming pool located in leisure land.,/data/tessera_dataset/image-emb-text/images7/a962255997_CH_20.jpg,6.88710608071537,46.47033862623891,True,0.99,Large rectangular swimming pool with blue water is clearly visible beside the house.
gated_highres,swimming_pool,98,0.5033761262893677,a344830510_CH_18,An aerial image. It shows: Swimming pool located in leisure land.,/data/tessera_dataset/image-emb-text/images7/a344830510_CH_18.jpg,8.8546081,46.0093335,True,0.99,A clearly visible irregularly shaped blue swimming pool occupies the image.
gated_highres,swimming_pool,99,0.5033761262893677,a299080662_CH_20,An aerial image. It shows: Swimming pool located in leisure land.,/data/tessera_dataset/image-emb-text/images6/a299080662_CH_20.jpg,6.527565564786045,46.51619418796561,True,0.98,Large rectangular swimming pool with dark blue water is clearly visible in the garden.
gated_highres,swimming_pool,100,0.5033761262893677,a134462209_CH_20,An aerial image. It shows: Swimming pool area designated for leisure and sports activities.,/data/tessera_dataset/image-emb-text/images4/a134462209_CH_20.jpg,6.203632992392812,46.1954195130437,True,0.99,Large institutional rectangular swimming pool with lane markings is clearly visible.
gated_highres,golf_course,1,0.5205835103988647,w1051657413_US_20,An aerial image. It shows: Path for both road and golf.,/data/tessera_dataset/image-emb-text/images6/w1051657413_US_20.jpg,-81.15202666171533,36.11068705891641,True,0.99,Visible manicured fairway or green with multiple sand bunkers and surrounding golf-course landscaping.
gated_highres,golf_course,2,0.5205835103988647,w929486825_US_22,An aerial image. It shows: View of golf hole.,/data/tessera_dataset/image-emb-text/images5/w929486825_US_22.jpg,-80.20500359289551,26.790881394847318,True,0.94,"Manicured green space with a sand bunker, curved cart path, and golf-course-style landscaping among residential buildings."
gated_highres,golf_course,3,0.5205835103988647,a932506824_US_17,An aerial image. It shows: Golf fairway surrounded by grass.,/data/tessera_dataset/image-emb-text/images5/a932506824_US_17.jpg,-80.33487408138488,32.48396500149663,True,0.99,"Large aerial view clearly shows multiple manicured fairways, greens, sand bunkers, cart paths, and water hazards."
gated_highres,golf_course,4,0.5205835103988647,a758206917_US_18,An aerial image. It shows: Scenic view of water hazard on golf course. The natural water feature adds beauty to the landscape.,/data/tessera_dataset/image-emb-text/images2/a758206917_US_18.jpg,-96.87720325708366,33.168218374515746,True,0.96,"Visible maintained golf-course grounds with fairways, sand bunkers, cart paths, and a large water feature."
gated_highres,golf_course,5,0.5205835103988647,a698134016_US_19,An aerial image. It shows: Area with grass used as rough in golf course.,/data/tessera_dataset/image-emb-text/images4/a698134016_US_19.jpg,-114.05742084376237,36.84313340981659,True,1.0,Clearly visible golf fairway with numerous sand bunkers and manicured green areas in an arid landscape.
gated_highres,golf_course,6,0.5205835103988647,a1160915078_US_19,An aerial image. It shows: Picturesque pond acting as water hazard on golf course.,/data/tessera_dataset/image-emb-text/images5/a1160915078_US_19.jpg,-80.98318480133403,32.2707408905517,True,0.99,"Visible golf green and fairway with multiple sand bunkers, cart path, and adjacent water feature."
gated_highres,golf_course,7,0.5205835103988647,a1005072759_US_21,An aerial image. It shows: Golf bunker filled with natural sand.,/data/tessera_dataset/image-emb-text/images6/a1005072759_US_21.jpg,-81.76687958532503,26.244769944906533,True,0.99,"Manicured golf fairway with multiple sand bunkers, a cart path, and a large water hazard."
gated_highres,golf_course,8,0.5205835103988647,w1035207147_US_21,An aerial image. It shows: Path for both road and golf.,/data/tessera_dataset/image-emb-text/images3/w1035207147_US_21.jpg,-73.5573043,43.3151364,True,0.99,"Clearly visible golf-course landscaping with greens, sand bunkers, fairways, paths, and water hazards."
gated_highres,golf_course,9,0.5205835103988647,w1017835248_US_20,An aerial image. It shows: Service road used as golf cart path.,/data/tessera_dataset/image-emb-text/images4/w1017835248_US_20.jpg,-85.61359569549106,38.34791186992788,True,0.99,Visible golf green and fairway with several distinct sand bunkers and a paved cart path.
gated_highres,golf_course,10,0.5205835103988647,w947950974_US_21,An aerial image. It shows: Path for both roads and golfers.,/data/tessera_dataset/image-emb-text/images2/w947950974_US_21.jpg,-73.93420909630123,40.927143814402875,True,1.0,Clearly visible manicured golf-course fairways and greens with multiple sand bunkers and cart paths.
gated_highres,golf_course,11,0.5205835103988647,w1091103044_US_21,An aerial image. It shows: Asphalt path on golf course.,/data/tessera_dataset/image-emb-text/images7/w1091103044_US_21.jpg,-84.18896112291732,35.86547118744526,False,0.86,"Shows a narrow strip of grass and trees, but no clearly visible golf hole, green, fairway pattern, or bunker."
gated_highres,golf_course,12,0.5205835103988647,w1112744634_US_19,An aerial image. It shows: Path designated for golf carts.,/data/tessera_dataset/image-emb-text/images6/w1112744634_US_19.jpg,-89.254471,42.1118409,True,0.78,Aerial view shows manicured grass with circular putting areas beside a large clubhouse-like building and parking lot.
gated_highres,golf_course,13,0.5205835103988647,a1085216326_US_18,An aerial image. It shows: Golf fairway in the image.,/data/tessera_dataset/image-emb-text/images7/a1085216326_US_18.jpg,-78.5686174,33.9460242,True,0.99,Clearly shows a golf fairway with multiple sand bunkers and maintained course contours.
gated_highres,golf_course,14,0.5205835103988647,w717876311_US_22,An aerial image. It shows: Path designated for golf carts.,/data/tessera_dataset/image-emb-text/images5/w717876311_US_22.jpg,-80.0901246,26.9242204,True,0.99,"Clearly shows a golf hole with a shaped green, sand bunker, fairway, cart paths, and adjacent course facilities."
gated_highres,golf_course,15,0.5205835103988647,w777046588_US_21,An aerial image. It shows: View of golf hole.,/data/tessera_dataset/image-emb-text/images6/w777046588_US_21.jpg,-80.08419388707875,32.63893804233728,True,0.94,Shows a manicured golf green with a large sand bunker and surrounding course paths and landscaping.
gated_highres,golf_course,16,0.5205835103988647,w1016721441_US_19,An aerial image. It shows: Path for both road and golf.,/data/tessera_dataset/image-emb-text/images6/w1016721441_US_19.jpg,-75.38082897956156,40.20854374605468,True,0.88,"Shows maintained fairway-like grass, a visible bunker at lower left, and golf-course landscaping and paths."
gated_highres,golf_course,17,0.5205835103988647,w890886978_US_21,An aerial image. It shows: View of golf hole.,/data/tessera_dataset/image-emb-text/images6/w890886978_US_21.jpg,-73.13269466971974,41.61801296461148,True,0.99,Clearly shows multiple golf greens and fairways with several distinct sand bunkers and cart paths.
gated_highres,golf_course,18,0.5205835103988647,w693109376_US_21,An aerial image. It shows: Service road used as golf cart path.,/data/tessera_dataset/image-emb-text/images6/w693109376_US_21.jpg,-73.5571126,41.0582722,True,0.92,"Shows landscaped golf-course terrain with maintained fairways, cart paths, trees, and visible bunkers/greens."
gated_highres,golf_course,19,0.5205835103988647,a524932762_US_17,"An aerial image. It shows: Golf course, leisure land for the sport of golf.",/data/tessera_dataset/image-emb-text/images6/a524932762_US_17.jpg,-81.71264058310933,26.269244661491747,True,0.99,"Clearly shows a golf course running through a residential area, including fairways, ponds, greens, and a bunker."
gated_highres,golf_course,20,0.5205835103988647,a712307245_US_18,An aerial image. It shows: Golf bunker filled with natural sand.,/data/tessera_dataset/image-emb-text/images7/a712307245_US_18.jpg,-75.15876601925555,38.608893920537206,True,0.99,Clearly shows a golf green/fairway beside a lake with multiple prominent sand bunkers and manicured course boundaries.
gated_highres,golf_course,21,0.5205835103988647,a163606269_US_17,An aerial image. It shows: Water hazard area.,/data/tessera_dataset/image-emb-text/images7/a163606269_US_17.jpg,-81.76295002387928,26.244807016497372,True,0.99,"Aerial view clearly shows a maintained fairway, putting green, sand bunkers, cart paths, and a water hazard."
gated_highres,golf_course,22,0.5205835103988647,n6489754698_US_19,An aerial image. It shows: Golf tee.,/data/tessera_dataset/image-emb-text/images5/n6489754698_US_19.jpg,-115.33786335569445,36.20154750998888,True,0.94,"Visible manicured green areas include a putting green, sand bunker, and golf-course-like fairway amid surrounding vegetation."
gated_highres,golf_course,23,0.5205835103988647,w883270972_US_20,An aerial image. It shows: View of golf hole.,/data/tessera_dataset/image-emb-text/images5/w883270972_US_20.jpg,-94.10670224132369,30.13067140828519,True,0.99,"Clearly shows multiple golf greens, sand bunkers, fairways, trees, and connecting cart paths."
gated_highres,golf_course,24,0.5205835103988647,w869728507_US_19,An aerial image. It shows: Path for both road and golf.,/data/tessera_dataset/image-emb-text/images4/w869728507_US_19.jpg,-92.86756191326631,44.97411225305912,True,0.99,"Multiple distinct putting greens, sand bunkers, fairways, and cart paths are visibly present."
gated_highres,golf_course,25,0.5205835103988647,a1131069115_US_19,An aerial image. It shows: Golf bunker.,/data/tessera_dataset/image-emb-text/images7/a1131069115_US_19.jpg,-78.58372257829274,33.93004919008712,True,1.0,"Clearly depicts a golf course hole with a fairway, putting green, numerous sand bunkers, trees, and cart paths."
gated_highres,golf_course,26,0.5205835103988647,n2617869855_US_22,An aerial image. It shows: Golf-related shop with golf sport theme.,/data/tessera_dataset/image-emb-text/images2/n2617869855_US_22.jpg,-80.2258068,26.7163549,True,0.92,A maintained golf fairway and putting area with a visible sand bunker appear beside a clubhouse-like building and access road.
gated_highres,golf_course,27,0.5205835103988647,a839504919_US_21,"An aerial image. It shows: Water hazard in golf course, with natural water features.",/data/tessera_dataset/image-emb-text/images3/a839504919_US_21.jpg,-80.85965886764663,32.28257324546849,True,0.99,"Clearly shows a golf fairway, putting green, sand bunkers, cart path, and water hazard within a residential golf-course setting."
gated_highres,golf_course,28,0.5205835103988647,a1126538162_US_21,An aerial image. It shows: Rough area in golf course.,/data/tessera_dataset/image-emb-text/images7/a1126538162_US_21.jpg,-111.76806036408735,33.57279709150174,True,0.96,The left side visibly contains a manicured golf fairway and putting green with a sand bunker and cart path.
gated_highres,golf_course,29,0.5205835103988647,a1066292404_US_21,An aerial image. It shows: Area of rough grass used for golf.,/data/tessera_dataset/image-emb-text/images2/a1066292404_US_21.jpg,-84.04110490705735,35.99564033476399,True,0.9,"Large areas of maintained turf with distinct fairway mowing patterns, putting greens, and connecting paths are visible."
gated_highres,golf_course,30,0.5205835103988647,w945830169_US_21,An aerial image. It shows: Path for both roads and golfers.,/data/tessera_dataset/image-emb-text/images6/w945830169_US_21.jpg,-80.00913054673946,32.614199637634826,True,0.99,Clearly shows a manicured golf fairway alongside a water hazard and cart path.
gated_highres,golf_course,31,0.5205835103988647,a801313181_US_21,An aerial image. It shows: Rough area on grassy golf course.,/data/tessera_dataset/image-emb-text/images6/a801313181_US_21.jpg,-80.8866167887792,32.21671283353683,True,0.99,"Aerial view clearly shows multiple golf greens, sand bunkers, fairways, cart paths, and surrounding clubhouse residences."
gated_highres,golf_course,32,0.5205835103988647,a1118123677_US_21,An aerial image. It shows: Rough area in golf course.,/data/tessera_dataset/image-emb-text/images6/a1118123677_US_21.jpg,-86.64365079037023,36.23496952643082,True,0.99,Multiple distinct golf greens and sand bunkers are visible across landscaped fairways with cart paths.
gated_highres,golf_course,33,0.5205835103988647,a676104353_US_21,An aerial image. It shows: Golf fairway surrounded by grass.,/data/tessera_dataset/image-emb-text/images6/a676104353_US_21.jpg,-82.53751745,28.1509839,True,0.99,"Clearly shows a golf hole with a green, bunkers, fairway, cart path, and water hazards."
gated_highres,golf_course,34,0.5205835103988647,w724612875_US_21,An aerial image. It shows: Service road designated as golf cart path.,/data/tessera_dataset/image-emb-text/images4/w724612875_US_21.jpg,-84.8643918,36.0128374,True,0.96,"Visible manicured fairway/green areas, sand bunkers, and golf-course paths among trees and homes."
gated_highres,golf_course,35,0.5205835103988647,a825463154_US_19,An aerial image. It shows: Golf bunker filled with sandy terrain.,/data/tessera_dataset/image-emb-text/images6/a825463154_US_19.jpg,-82.41516815,29.1133447,True,0.98,Multiple golf greens and numerous sand bunkers are clearly visible in a landscaped course layout.
gated_highres,golf_course,36,0.5205835103988647,w1112306352_US_21,An aerial image. It shows: Path for golf carts.,/data/tessera_dataset/image-emb-text/images7/w1112306352_US_21.jpg,-86.63888192581837,36.234965434050594,True,0.99,"Golf greens, fairways, sand bunkers, and a course-side building with parked carts or vehicles are visible."
gated_highres,golf_course,37,0.5205835103988647,a936445756_US_22,"An aerial image. It shows: Lateral water hazard on golf course, with natural water.",/data/tessera_dataset/image-emb-text/images4/a936445756_US_22.jpg,-87.43447747924515,30.305076450601568,True,0.99,"Clearly shows several golf holes with greens, bunkers, fairways, cart paths, and ponds."
gated_highres,golf_course,38,0.5205835103988647,w365865361_US_21,"An aerial image. It shows: Service road designated for golf carts, also known as cartpath.",/data/tessera_dataset/image-emb-text/images3/w365865361_US_21.jpg,-71.2688731543813,42.50381540495375,True,0.95,"Manicured golf-course turf, a sand bunker, and course landscaping are visible beside residential structures."
gated_highres,golf_course,39,0.5205835103988647,a1007695341_US_21,An aerial image. It shows: Sandy area is golf bunker.,/data/tessera_dataset/image-emb-text/images5/a1007695341_US_21.jpg,-81.74790546275429,26.248327753232047,True,0.99,"A golf green with multiple sand bunkers borders a large water hazard, with adjacent course landscaping."
gated_highres,golf_course,40,0.5205835103988647,a851820044_US_21,An aerial image. It shows: Golf fairway surrounded by grass.,/data/tessera_dataset/image-emb-text/images5/a851820044_US_21.jpg,-97.42990454128966,35.19357632292405,True,0.98,"Long manicured fairway with a green, sand bunker, cart path, and surrounding course vegetation is clearly visible."
gated_highres,golf_course,41,0.5205835103988647,a936473498_US_22,"An aerial image. It shows: Lateral water hazard on golf course, with natural water.",/data/tessera_dataset/image-emb-text/images7/a936473498_US_22.jpg,-87.43336051733488,30.30936141824791,True,0.99,"Aerial view clearly shows manicured fairway areas, putting greens, sand bunkers, and golf-cart paths."
gated_highres,golf_course,42,0.5205835103988647,w1085845841_US_22,"An aerial image. It shows: Asphalt path, also known as golf cartpath.",/data/tessera_dataset/image-emb-text/images5/w1085845841_US_22.jpg,-84.05211938400525,34.3051638374171,True,0.72,"Visible manicured turf, a distinct green area, and curving paths amid wooded terrain are consistent with a golf course."
gated_highres,golf_course,43,0.5205835103988647,n10770940360_US_22,An aerial image. It shows: Golf tee.,/data/tessera_dataset/image-emb-text/images7/n10770940360_US_22.jpg,-75.4345284,43.2740143,True,0.99,"Clearly visible putting green, adjacent sand bunker, manicured fairway, and cart path."
gated_highres,golf_course,44,0.5205835103988647,a758206916_US_18,An aerial image. It shows: Picturesque scene of golf course with lateral water hazard.,/data/tessera_dataset/image-emb-text/images3/a758206916_US_18.jpg,-96.87600991320649,33.16739072899176,True,0.99,"Large landscaped golf-course grounds with fairways, cart paths, sand bunkers, and a water hazard are clearly visible."
gated_highres,golf_course,45,0.5205835103988647,w788934020_US_22,An aerial image. It shows: Path for both roads and golfers.,/data/tessera_dataset/image-emb-text/images4/w788934020_US_22.jpg,-84.19243440630132,33.99754803666181,True,0.99,Multiple putting greens and sand bunkers are visibly arranged within manicured course terrain.
gated_highres,golf_course,46,0.5205835103988647,a780727506_US_21,An aerial image. It shows: Area of rough grass used for golf.,/data/tessera_dataset/image-emb-text/images7/a780727506_US_21.jpg,-86.6444440342886,36.23036786768722,True,1.0,"The image clearly shows several golf holes with greens, bunkers, fairways, cart paths, and surrounding water."
gated_highres,golf_course,47,0.5205835103988647,a285358115_US_19,An aerial image. It shows: Rough area on grassy golf course.,/data/tessera_dataset/image-emb-text/images6/a285358115_US_19.jpg,-114.9633920134211,36.07574419357864,True,0.98,A manicured golf fairway with sand bunkers and a cart path is clearly visible between residential areas.
gated_highres,golf_course,48,0.5205835103988647,w804038977_US_21,An aerial image. It shows: Path for both road and golf.,/data/tessera_dataset/image-emb-text/images4/w804038977_US_21.jpg,-71.86609533043938,43.01450661552789,True,0.99,"Distinct putting green, sand bunkers, manicured fairway, and cart path are clearly visible."
gated_highres,golf_course,49,0.5205835103988647,a575168533_US_19,"An aerial image. It shows: Clubhouse for golf, located within building.",/data/tessera_dataset/image-emb-text/images3/a575168533_US_19.jpg,-111.7053943679843,35.173613333742225,True,1.0,"Clearly depicts a golf course with multiple greens, sand bunkers, fairway, water hazard, and course clubhouse facilities."
gated_highres,golf_course,50,0.5205835103988647,w1035207148_US_21,An aerial image. It shows: Path used for both walking and golf.,/data/tessera_dataset/image-emb-text/images2/w1035207148_US_21.jpg,-73.55737098383705,43.31516810448266,True,0.99,"Manicured fairways, multiple greens, sand bunkers, water hazards, and a golf-course facility are clearly visible."
gated_highres,golf_course,51,0.5205835103988647,a834715305_US_19,An aerial image. It shows: Golf fairway surrounded by grass.,/data/tessera_dataset/image-emb-text/images6/a834715305_US_19.jpg,-92.82342185272276,44.95583128327951,True,0.99,"Clearly visible golf green, fairway, sand bunkers, and cart paths."
gated_highres,golf_course,52,0.5205835103988647,a1035185452_US_21,"An aerial image. It shows: Lateral water hazard on golf course, with natural water.",/data/tessera_dataset/image-emb-text/images3/a1035185452_US_21.jpg,-73.558615461903,43.31492912979502,True,0.99,"Aerial view clearly shows multiple golf holes with fairways, greens, bunkers, ponds, and cart paths."
gated_highres,golf_course,53,0.5205835103988647,w869728515_US_19,An aerial image. It shows: Path for both roads and golfers.,/data/tessera_dataset/image-emb-text/images4/w869728515_US_19.jpg,-92.86816359676291,44.97405660111368,True,0.99,"Visible golf green complexes, fairway, and multiple sand bunkers."
gated_highres,golf_course,54,0.5205835103988647,w1113473998_US_20,"An aerial image. It shows: Asphalt path, also known as golf cartpath.",/data/tessera_dataset/image-emb-text/images6/w1113473998_US_20.jpg,-87.52092254720452,38.08899834648648,True,0.96,"Visible golf green, fairway areas, bunker, cart path, and surrounding course landscaping."
gated_highres,golf_course,55,0.5205835103988647,w1126104862_US_19,An aerial image. It shows: View of golf hole.,/data/tessera_dataset/image-emb-text/images4/w1126104862_US_19.jpg,-82.53604668474846,28.153399857269548,True,0.97,"Clearly shows a golf hole with fairway, green, sand bunkers, trees, and cart paths."
gated_highres,golf_course,56,0.5205835103988647,a918886480_US_18,An aerial image. It shows: Picturesque scene of golf course with lateral water hazard.,/data/tessera_dataset/image-emb-text/images3/a918886480_US_18.jpg,-72.60785717892614,41.27509624699867,True,0.99,"Broad aerial view of a golf course with several greens, fairways, bunkers, and a cart path."
gated_highres,golf_course,57,0.5205835103988647,a953549732_US_22,An aerial image. It shows: Golf fairway surrounded by grass.,/data/tessera_dataset/image-emb-text/images6/a953549732_US_22.jpg,-87.25871088321846,30.390517445096375,True,0.99,"Clearly visible golf fairways, multiple greens, numerous bunkers, and a water hazard."
gated_highres,golf_course,58,0.5205835103988647,w680080343_US_21,An aerial image. It shows: Path designed for golf carts.,/data/tessera_dataset/image-emb-text/images3/w680080343_US_21.jpg,-84.0432732,35.9990126,True,0.91,"Visible circular putting green or golf green, maintained grass areas, and course cart paths."
gated_highres,golf_course,59,0.5205835103988647,w1042745755_US_21,An aerial image. It shows: Path for both roads and golfers.,/data/tessera_dataset/image-emb-text/images4/w1042745755_US_21.jpg,-81.77098694286951,26.268352110389927,True,0.98,Clearly shows a golf green with multiple sand bunkers and adjacent course facilities.
gated_highres,golf_course,60,0.5205835103988647,a903897993_US_20,An aerial image. It shows: Golf fairway surrounded by grass.,/data/tessera_dataset/image-emb-text/images5/a903897993_US_20.jpg,-87.3833977761557,39.387863278337846,True,0.99,"Clearly visible golf green, fairway, sand bunkers, and cart path."
gated_highres,golf_course,61,0.5205835103988647,a921059575_US_19,An aerial image. It shows: Golf green.,/data/tessera_dataset/image-emb-text/images3/a921059575_US_19.jpg,-122.68874834022586,45.83644351850013,True,0.99,"Visible golf-course fairways, putting greens, sand bunkers, cart paths, and water hazards."
gated_highres,golf_course,62,0.5205835103988647,a1160915062_US_21,An aerial image. It shows: Pond serving as water hazard on golf course. It is natural feature of the landscape.,/data/tessera_dataset/image-emb-text/images5/a1160915062_US_21.jpg,-80.98494550972674,32.27549503650192,True,0.99,"Visible manicured fairway with multiple sand bunkers, trees, and course landscaping."
gated_highres,golf_course,63,0.5205835103988647,a1092163762_US_21,An aerial image. It shows: Golf fairway in the image.,/data/tessera_dataset/image-emb-text/images4/a1092163762_US_21.jpg,-80.84206134330424,32.26739471013733,True,0.98,"Visible golf fairway bordered by trees, with sand bunkers and a water hazard."
gated_highres,golf_course,64,0.5205835103988647,a945846948_US_21,An aerial image. It shows: Area with grass used as rough in golf course.,/data/tessera_dataset/image-emb-text/images7/a945846948_US_21.jpg,-80.00418116347804,32.61201532361062,True,0.99,"Visible golf green, sand bunker, manicured fairway, and extensive cart paths."
gated_highres,golf_course,65,0.5205835103988647,w1173516899_US_19,An aerial image. It shows: View of golf hole.,/data/tessera_dataset/image-emb-text/images4/w1173516899_US_19.jpg,-75.5739905,40.5536467,True,0.86,Visible manicured golf fairway or green area with a putting green and course-like landscaping among buildings.
gated_highres,golf_course,66,0.5205835103988647,a823909451_US_21,An aerial image. It shows: Building located at golf course.,/data/tessera_dataset/image-emb-text/images4/a823909451_US_21.jpg,-104.89081808115236,39.97298067020687,True,0.99,"Visible golf greens and fairways alongside a clubhouse or recreation facility, tennis courts, and parking."
gated_highres,golf_course,67,0.5205835103988647,w1116008642_US_21,An aerial image. It shows: Path designated for golf carts.,/data/tessera_dataset/image-emb-text/images5/w1116008642_US_21.jpg,-77.84365568466784,42.97255493503063,True,0.99,"Visible multiple golf putting greens, fairways, sand bunkers, and a clubhouse or parking area."
gated_highres,golf_course,68,0.5205835103988647,a945833935_US_19,"An aerial image. It shows: Lateral water hazard on golf course, with natural water.",/data/tessera_dataset/image-emb-text/images5/a945833935_US_19.jpg,-80.0016195868021,32.613246274599675,True,0.99,Visible isolated manicured golf green with flagstick and multiple sand bunkers connected by a cart path.
gated_highres,golf_course,69,0.5205835103988647,w947950964_US_19,An aerial image. It shows: Path used for both walking and golf.,/data/tessera_dataset/image-emb-text/images2/w947950964_US_19.jpg,-73.93815470731619,40.92930359178362,True,0.99,"Visible multiple golf greens, fairways, and sand bunkers across a landscaped course."
gated_highres,golf_course,70,0.5205835103988647,w579337130_US_21,An aerial image. It shows: Path used for both walking and golf.,/data/tessera_dataset/image-emb-text/images7/w579337130_US_21.jpg,-83.91627770382317,39.463503425889385,True,0.99,"Visible golf greens, fairways, sand bunkers, cart paths, and course buildings with parking."
gated_highres,golf_course,71,0.5205835103988647,w974498132_US_21,An aerial image. It shows: Path for both road and golf.,/data/tessera_dataset/image-emb-text/images6/w974498132_US_21.jpg,-77.13680714991551,39.1215434766316,True,0.99,"Aerial view clearly shows golf fairways, putting greens, sand bunkers, cart paths, and course buildings."
gated_highres,golf_course,72,0.5205835103988647,a712151924_US_21,An aerial image. It shows: Golf fairway surrounded by grass.,/data/tessera_dataset/image-emb-text/images5/a712151924_US_21.jpg,-75.168314,38.60761465,True,0.99,Visible manicured fairway and greens with multiple sand bunkers and golf-course landscaping.
gated_highres,golf_course,73,0.5205835103988647,w1097094839_US_19,An aerial image. It shows: Path for both road and golf.,/data/tessera_dataset/image-emb-text/images6/w1097094839_US_19.jpg,-81.77179611637197,26.263426819704808,True,0.97,"Clearly shows a putting green, sand bunker, cart path, and adjacent golf-course facilities."
gated_highres,golf_course,74,0.5205835103988647,n3882343337_US_18,An aerial image. It shows: Golf tee.,/data/tessera_dataset/image-emb-text/images2/n3882343337_US_18.jpg,-71.26972917559561,42.503996914615556,True,0.8,"Manicured open turf, curving cart paths, course-like landscaping, and a visible green area indicate a golf course."
gated_highres,golf_course,75,0.5205835103988647,w957725184_US_21,An aerial image. It shows: View of golf hole.,/data/tessera_dataset/image-emb-text/images2/w957725184_US_21.jpg,-73.93434667881274,40.92913232237234,True,0.99,"Visible striped fairway mowing patterns, sand bunkers, trees, and golf-course terrain."
gated_highres,golf_course,76,0.5205835103988647,w872034579_US_20,An aerial image. It shows: Service road designated as golf cart path.,/data/tessera_dataset/image-emb-text/images4/w872034579_US_20.jpg,-88.65765233422421,42.62045915576434,True,0.98,"Clearly shows a golf green with a sand bunker, fairway, cart paths, and maintained course grounds."
gated_highres,golf_course,77,0.5205835103988647,w690219565_US_21,An aerial image. It shows: Pathway for golf carts.,/data/tessera_dataset/image-emb-text/images4/w690219565_US_21.jpg,-76.0741764347076,39.189995452956055,True,0.99,"Golf-course fairways, greens, bunkers, cart paths, and a clubhouse or course facility are visibly present."
gated_highres,golf_course,78,0.5205835103988647,a1136084337_US_19,An aerial image. It shows: Golf course surrounded by greenery.,/data/tessera_dataset/image-emb-text/images6/a1136084337_US_19.jpg,-85.97611902196107,30.27847224226014,True,0.98,Aerial view clearly shows a manicured golf fairway bordered by trees and a large sand bunker.
gated_highres,golf_course,79,0.5205835103988647,a851348253_US_21,An aerial image. It shows: Golf bunker filled with natural sand.,/data/tessera_dataset/image-emb-text/images2/a851348253_US_21.jpg,-80.85039942992367,32.28187701694588,True,1.0,"Unmistakable golf course with multiple fairways, greens, sand bunkers, cart paths, and a water hazard."
gated_highres,golf_course,80,0.5205835103988647,a1112164883_US_21,An aerial image. It shows: Scenic golf fairway.,/data/tessera_dataset/image-emb-text/images5/a1112164883_US_21.jpg,-86.64133469915784,36.23268167788999,True,1.0,"Clearly depicts an extensive golf course with multiple greens, bunkers, fairways, cart paths, and water hazards."
gated_highres,golf_course,81,0.5205835103988647,w1081681545_US_22,An aerial image. It shows: Golf cartpath that is also road path.,/data/tessera_dataset/image-emb-text/images6/w1081681545_US_22.jpg,-75.4344402,43.2700505,True,0.98,"Aerial view clearly shows a golf green, sand bunkers, fairway, and cart paths."
gated_highres,golf_course,82,0.5205835103988647,w354351710_US_21,An aerial image. It shows: Path designated for golf carts.,/data/tessera_dataset/image-emb-text/images4/w354351710_US_21.jpg,-81.98396693579647,28.958827399563305,True,0.97,Multiple distinct golf greens and fairway areas with surrounding landscaping are visible.
gated_highres,golf_course,83,0.5205835103988647,a352398954_US_21,An aerial image. It shows: Golf fairway surrounded by grass.,/data/tessera_dataset/image-emb-text/images6/a352398954_US_21.jpg,-76.0555969106725,38.82463234088417,True,0.99,"Broad aerial view visibly contains golf fairways, several greens, sand bunkers, and cart paths."
gated_highres,golf_course,84,0.5205835103988647,a1178114189_US_20,An aerial image. It shows: Golf rough area.,/data/tessera_dataset/image-emb-text/images5/a1178114189_US_20.jpg,-83.56474550253564,42.514335619125376,True,0.98,Two golf greens with adjacent sand bunkers and wooded fairway surroundings are clearly visible.
gated_highres,golf_course,85,0.5205835103988647,w1117899606_US_21,An aerial image. It shows: View of golf hole.,/data/tessera_dataset/image-emb-text/images5/w1117899606_US_21.jpg,-86.63730181641816,36.228899475245896,False,0.99,"The image visibly shows a baseball or softball field with an infield, bases, and outfield, not a golf course."
gated_highres,golf_course,86,0.5205835103988647,a865115643_US_19,An aerial image. It shows: Scenic view of water hazard on golf course. The natural water feature adds beauty to the landscape.,/data/tessera_dataset/image-emb-text/images6/a865115643_US_19.jpg,-81.77269379934162,26.263668529714636,True,0.98,"Golf green, sand bunker, water hazard, cart paths, and resort buildings are clearly visible."
gated_highres,golf_course,87,0.5205835103988647,w788191559_US_21,An aerial image. It shows: View of golf hole.,/data/tessera_dataset/image-emb-text/images2/w788191559_US_21.jpg,-96.78573681311678,46.83400467112196,True,0.98,A golf green with multiple sand bunkers and surrounding fairway is clearly visible.
gated_highres,golf_course,88,0.5205835103988647,a803840264_US_21,An aerial image. It shows: Golf fairway surrounded by grass.,/data/tessera_dataset/image-emb-text/images7/a803840264_US_21.jpg,-80.91638095710007,32.28261679014106,True,0.9,"The property visibly includes golf-like greens, sand bunkers, and mowed fairway areas amid wooded grounds."
gated_highres,golf_course,89,0.5205835103988647,w953078721_US_22,An aerial image. It shows: Service road used as golf cart path.,/data/tessera_dataset/image-emb-text/images6/w953078721_US_22.jpg,-87.28713272291608,30.361128071557427,True,0.97,"Aerial view clearly shows a golf green, sand bunkers, and fairway separated by trees."
gated_highres,golf_course,90,0.5205835103988647,w887024874_US_19,An aerial image. It shows: Service road used as golf cart path.,/data/tessera_dataset/image-emb-text/images7/w887024874_US_19.jpg,-80.02586376974645,42.157765316135226,True,0.96,"A golf putting green or short hole area with surrounding paths, parking, and course landscaping is visible."
gated_highres,golf_course,91,0.5205835103988647,w1183044271_US_21,An aerial image. It shows: View of golf hole.,/data/tessera_dataset/image-emb-text/images7/w1183044271_US_21.jpg,-80.80458154951661,32.263036203600805,True,0.98,"Aerial view shows a maintained fairway, multiple sand bunkers, and a golf cart path."
gated_highres,golf_course,92,0.5205835103988647,a1113022801_US_21,An aerial image. It shows: Golf rough area.,/data/tessera_dataset/image-emb-text/images6/a1113022801_US_21.jpg,-86.7323228844138,35.81909352092893,True,0.87,"Visible manicured open turf, curving cart paths, landscaped trees, and adjacent golf-facility buildings and parking."
gated_highres,golf_course,93,0.5205835103988647,w1168348697_US_21,An aerial image. It shows: View of golf hole.,/data/tessera_dataset/image-emb-text/images6/w1168348697_US_21.jpg,-80.81739308363169,32.247410727109546,True,0.99,"Clearly visible golf fairway with a sand bunker and cart path, bordered by trees and residences."
gated_highres,golf_course,94,0.5205835103988647,a896841652_US_20,An aerial image. It shows: Area with grass used as rough in golf course.,/data/tessera_dataset/image-emb-text/images5/a896841652_US_20.jpg,-118.84914547767102,34.27304559685217,True,0.99,"Clearly shows a golf green, surrounding fairway, sand bunkers, and a cart path."
gated_highres,golf_course,95,0.5205835103988647,w697659664_US_21,An aerial image. It shows: View of golf hole.,/data/tessera_dataset/image-emb-text/images6/w697659664_US_21.jpg,-114.05807358423345,36.84251289543101,True,0.97,"Aerial view visibly contains manicured golf turf, multiple bright sand bunkers, and golf-course landscaping."
gated_highres,golf_course,96,0.5205835103988647,a781135678_US_21,An aerial image. It shows: Rough area on grassy golf course.,/data/tessera_dataset/image-emb-text/images6/a781135678_US_21.jpg,-86.64090544999999,36.22780805,True,1.0,"Clearly depicts a golf course with several fairways, greens, numerous sand bunkers, cart paths, and water hazards."
gated_highres,golf_course,97,0.5205835103988647,w1120959091_US_21,An aerial image. It shows: Path designated for golf carts.,/data/tessera_dataset/image-emb-text/images6/w1120959091_US_21.jpg,-86.63963504688101,36.23456710443432,True,1.0,"Visible golf-course layout with manicured greens, fairways, sand bunkers, and cart paths."
gated_highres,golf_course,98,0.5205835103988647,a1030567100_US_19,An aerial image. It shows: Scenic golf fairway.,/data/tessera_dataset/image-emb-text/images5/a1030567100_US_19.jpg,-75.38735871423748,40.64456086243274,True,0.99,"Shows a manicured golf green and fairway, sand bunkers, and a winding cart path among trees."
gated_highres,golf_course,99,0.5205835103988647,w693109378_US_21,An aerial image. It shows: Service road used as golf cart path.,/data/tessera_dataset/image-emb-text/images6/w693109378_US_21.jpg,-73.55781550442455,41.05884466585495,True,0.99,"Clearly visible golf fairway with sand bunkers, cart paths, and heavily landscaped course boundaries."
gated_highres,golf_course,100,0.5205835103988647,a1049394931_US_19,An aerial image. It shows: Rough grass area on golf course.,/data/tessera_dataset/image-emb-text/images7/a1049394931_US_19.jpg,-114.09553575090754,36.810572156713754,True,1.0,"Shows a golf hole with fairway, multiple large sand bunkers, cart path, and surrounding residential development."
gated_highres,parking_lot,1,0.5467692613601685,a1101366744_US_18,An aerial image. It shows: Parking area.,/data/tessera_dataset/image-emb-text/images6/a1101366744_US_18.jpg,-84.56934195,39.01020045,True,0.96,Paved area with multiple marked parking spaces and access lanes is clearly visible.
gated_highres,parking_lot,2,0.5467692613601685,a1036480544_CH_20,An aerial image. It shows: Parking area with asphalt surface.,/data/tessera_dataset/image-emb-text/images4/a1036480544_CH_20.jpg,7.312211250000001,46.2088315,True,0.99,Numerous yellow-lined parking spaces with several parked vehicles are clearly visible.
gated_highres,parking_lot,3,0.5467692613601685,a336478172_CH_20,An aerial image. It shows: Parking area with surface.,/data/tessera_dataset/image-emb-text/images2/a336478172_CH_20.jpg,6.9283254,46.36335995,True,0.99,Large paved parking area with many marked spaces and parked cars is clearly visible.
gated_highres,parking_lot,4,0.5467692613601685,a782762155_US_19,An aerial image. It shows: Retail building.,/data/tessera_dataset/image-emb-text/images4/a782762155_US_19.jpg,-75.27536838513313,40.38282583346697,True,0.99,A large parking lot filled with rows of marked spaces and vehicles is visible.
gated_highres,parking_lot,5,0.5467692613601685,n7057225753_US_20,An aerial image. It shows: Parking space.,/data/tessera_dataset/image-emb-text/images5/n7057225753_US_20.jpg,-95.5041663,29.7391564,True,0.99,"Extensive parking lot with organized rows of spaces, parked cars, and drive lanes is visible."
gated_highres,parking_lot,6,0.5467692613601685,n8481437017_US_21,An aerial image. It shows: Parking space is available.,/data/tessera_dataset/image-emb-text/images6/n8481437017_US_21.jpg,-112.2786272998299,33.59679502954532,True,0.98,Marked parking area with multiple vehicles and surrounding drive lanes is clearly visible.
gated_highres,parking_lot,7,0.5467692613601685,a1076125927_CH_20,An aerial image. It shows: Street-side parking area with asphalt surface.,/data/tessera_dataset/image-emb-text/images6/a1076125927_CH_20.jpg,6.9523137,46.25812525,True,0.93,A small paved parking area with marked spaces and a parked vehicle is visible.
gated_highres,parking_lot,8,0.5467692613601685,a810078582_US_21,An aerial image. It shows: Road serving as parking aisle.,/data/tessera_dataset/image-emb-text/images6/a810078582_US_21.jpg,-81.79604601187347,26.268709651788235,True,0.99,"Curved, landscaped parking lot with many marked spaces and parked vehicles is clearly visible."
gated_highres,parking_lot,9,0.5467692613601685,a1083287391_US_21,An aerial image. It shows: Retail area.,/data/tessera_dataset/image-emb-text/images5/a1083287391_US_21.jpg,-87.68144215,41.7215759,True,0.98,"Parking areas with marked spaces, parked vehicles, and access lanes are visible between buildings."
gated_highres,parking_lot,10,0.5467692613601685,w866451188_US_21,An aerial image. It shows: Alley classified as service road.,/data/tessera_dataset/image-emb-text/images6/w866451188_US_21.jpg,-105.10167358199253,40.164727852578935,True,0.99,"Large structured parking lot with multiple rows of spaces, parked cars, and internal drive lanes is visible."
gated_highres,parking_lot,11,0.5467692613601685,a236899339_CH_20,An aerial image. It shows: Parking area with surface.,/data/tessera_dataset/image-emb-text/images5/a236899339_CH_20.jpg,7.380308446611444,46.230015636354956,True,0.99,A large paved area with numerous parked cars and marked parking spaces is clearly visible.
gated_highres,parking_lot,12,0.5467692613601685,a47758959_US_20,An aerial image. It shows: Commercial building.,/data/tessera_dataset/image-emb-text/images7/a47758959_US_20.jpg,-78.59409188960974,35.85891696314654,True,0.72,Aerial view shows a paved area with multiple parked vehicles and arranged parking spaces among buildings and trees.
gated_highres,parking_lot,13,0.5467692613601685,a1089341871_CH_20,An aerial image. It shows: Paved parking area.,/data/tessera_dataset/image-emb-text/images7/a1089341871_CH_20.jpg,7.121377923403552,47.42229945104151,True,0.99,A large paved parking lot with many vehicles and clearly marked individual parking spaces is visible.
gated_highres,parking_lot,14,0.5467692613601685,a52724051_US_20,An aerial image. It shows: Parking area.,/data/tessera_dataset/image-emb-text/images6/a52724051_US_20.jpg,-96.3547399,30.5962535,True,0.96,Multiple rows of marked parking spaces with parked cars are visible across the paved area.
gated_highres,parking_lot,15,0.5467692613601685,a730309475_US_20,An aerial image. It shows: Parking area with asphalt surface.,/data/tessera_dataset/image-emb-text/images7/a730309475_US_20.jpg,-78.54063765000001,35.8681096,True,0.99,"A large organized parking lot with many marked spaces, parked cars, landscaped islands, and access lanes is clearly visible."
gated_highres,parking_lot,16,0.5467692613601685,n7057225669_US_20,An aerial image. It shows: Parking space is available.,/data/tessera_dataset/image-emb-text/images5/n7057225669_US_20.jpg,-95.50414628273508,29.738502150938025,True,0.99,"A substantial parking lot beside buildings contains numerous vehicles, marked spaces, and internal driving lanes."
gated_highres,parking_lot,17,0.5467692613601685,a60288231_US_19,"An aerial image. It shows: Parking area designated for Moravian College faculty, staff, and commuters. It is identified as Lot E with surface.",/data/tessera_dataset/image-emb-text/images6/a60288231_US_19.jpg,-75.38238442728829,40.631599004962496,True,0.97,Aerial view clearly shows a parking area densely filled with parked cars and surrounded by buildings and roads.
gated_highres,parking_lot,18,0.5467692613601685,n7057225726_US_20,An aerial image. It shows: Parking space.,/data/tessera_dataset/image-emb-text/images7/n7057225726_US_20.jpg,-95.5041647616354,29.73905646524136,True,0.99,"A large parking lot with extensive marked spaces, many parked vehicles, and landscaped rows is clearly visible."
gated_highres,parking_lot,19,0.5467692613601685,n7057225765_US_20,An aerial image. It shows: Parking space is available.,/data/tessera_dataset/image-emb-text/images5/n7057225765_US_20.jpg,-95.50428462103415,29.73875947982642,True,0.99,The image visibly contains a large paved parking lot with marked spaces and numerous parked cars.
gated_highres,parking_lot,20,0.5467692613601685,n7057355263_US_20,An aerial image. It shows: Parking space.,/data/tessera_dataset/image-emb-text/images5/n7057355263_US_20.jpg,-95.50399294512697,29.738913018038346,True,0.99,"A broad organized parking lot with rows of marked spaces, parked vehicles, landscaped islands, and surrounding buildings is visible."
gated_highres,parking_lot,21,0.5467692613601685,a1099919770_CH_20,An aerial image. It shows: Parking area with asphalt surface.,/data/tessera_dataset/image-emb-text/images3/a1099919770_CH_20.jpg,6.953361,46.260998,True,0.99,Multiple parked vehicles are visibly arranged within painted parking spaces.
gated_highres,parking_lot,22,0.5467692613601685,a492755007_US_21,An aerial image. It shows: Parking area with asphalt surface.,/data/tessera_dataset/image-emb-text/images4/a492755007_US_21.jpg,-117.4303608,47.65869165,True,0.99,A large paved parking area with numerous parked cars and marked rows is clearly visible.
gated_highres,parking_lot,23,0.5467692613601685,w670355513_US_20,An aerial image. It shows: Driveway leading to service road.,/data/tessera_dataset/image-emb-text/images2/w670355513_US_20.jpg,-78.55678720359721,35.80309716467879,True,0.99,A marked parking lot with many parking spaces and several vehicles is visible beside the building.
gated_highres,parking_lot,24,0.5467692613601685,a951133369_CH_20,An aerial image. It shows: Street side parking area.,/data/tessera_dataset/image-emb-text/images7/a951133369_CH_20.jpg,6.5721369882341065,46.55448435235651,True,0.99,Painted parking bays and several parked vehicles are clearly visible.
gated_highres,parking_lot,25,0.5467692613601685,n7057225827_US_20,An aerial image. It shows: Parking space is available.,/data/tessera_dataset/image-emb-text/images6/n7057225827_US_20.jpg,-95.50427486526164,29.739211452444522,True,0.99,A large marked parking lot containing many vehicles is visibly present.
gated_highres,parking_lot,26,0.5467692613601685,n7057225781_US_20,An aerial image. It shows: Parking space is available.,/data/tessera_dataset/image-emb-text/images7/n7057225781_US_20.jpg,-95.50414783162995,29.73911099421869,True,0.99,"A paved, striped parking lot with multiple rows of parked cars is clearly visible."
gated_highres,parking_lot,27,0.5467692613601685,n8842035211_CH_20,An aerial image. It shows: Charging station.,/data/tessera_dataset/image-emb-text/images3/n8842035211_CH_20.jpg,6.9587102549603355,46.26934893547721,True,0.99,Several vehicles are parked in clearly painted parking spaces.
gated_highres,parking_lot,28,0.5467692613601685,a52723882_US_18,An aerial image. It shows: Parking area.,/data/tessera_dataset/image-emb-text/images7/a52723882_US_18.jpg,-96.35487710000001,30.59697395,True,0.98,Multiple rows of parked vehicles and marked parking spaces are visible.
gated_highres,parking_lot,29,0.5467692613601685,a201663181_US_21,An aerial image. It shows: Office building.,/data/tessera_dataset/image-emb-text/images7/a201663181_US_21.jpg,-71.33145993766277,42.59584750681417,True,0.99,A large commercial parking lot with extensive painted spaces and numerous vehicles is clearly visible.
gated_highres,parking_lot,30,0.5467692613601685,n9025578119_US_21,An aerial image. It shows: Parking space is available.,/data/tessera_dataset/image-emb-text/images3/n9025578119_US_21.jpg,-81.97125891483519,28.965051849113742,True,0.97,Aerial view visibly shows several marked parking areas with rows of parked cars.
gated_highres,parking_lot,31,0.5467692613601685,a1120348451_CH_20,An aerial image. It shows: Parking area with asphalt surface.,/data/tessera_dataset/image-emb-text/images5/a1120348451_CH_20.jpg,6.55781945,46.544417249999995,True,0.99,Clearly visible marked parking spaces with multiple parked cars.
gated_highres,parking_lot,32,0.5467692613601685,w1099919772_CH_20,An aerial image. It shows: Asphalt parking aisle off service road.,/data/tessera_dataset/image-emb-text/images2/w1099919772_CH_20.jpg,6.9532658,46.2609704,True,0.98,Visible parking area with yellow-striped spaces and several parked vehicles.
gated_highres,parking_lot,33,0.5467692613601685,a787161531_US_21,An aerial image. It shows: Parking area.,/data/tessera_dataset/image-emb-text/images6/a787161531_US_21.jpg,-72.5200694,42.9767168,True,0.78,Small clearing visibly contains multiple cars arranged in a parking area.
gated_highres,parking_lot,34,0.5467692613601685,a1089341847_CH_20,An aerial image. It shows: Paved parking area.,/data/tessera_dataset/image-emb-text/images5/a1089341847_CH_20.jpg,7.127002360156564,47.424112588199606,True,0.98,Large paved area with multiple parked cars and parking-space markings.
gated_highres,parking_lot,35,0.5467692613601685,a162162360_US_19,An aerial image. It shows: Parking area near trailhead.,/data/tessera_dataset/image-emb-text/images3/a162162360_US_19.jpg,-91.46983486674227,47.1391833883642,True,0.91,Aerial view shows numerous cars parked along marked paved areas amid trees.
gated_highres,parking_lot,36,0.5467692613601685,n7057225769_US_20,An aerial image. It shows: Parking space is available.,/data/tessera_dataset/image-emb-text/images4/n7057225769_US_20.jpg,-95.50417941186473,29.738947212837708,True,1.0,Large clearly marked parking lot with many vehicles and rows of parking spaces.
gated_highres,parking_lot,37,0.5467692613601685,a1074017903_CH_20,An aerial image. It shows: Asphalt street-side parking area.,/data/tessera_dataset/image-emb-text/images7/a1074017903_CH_20.jpg,6.9441292,46.2743222,True,0.96,Visible yellow-striped parking spaces and parked cars beside a building.
gated_highres,parking_lot,38,0.5467692613601685,a924819053_US_21,An aerial image. It shows: Parking area.,/data/tessera_dataset/image-emb-text/images5/a924819053_US_21.jpg,-81.5885263,40.2802499,True,1.0,Clearly visible parking lot with rows of marked spaces and many cars.
gated_highres,parking_lot,39,0.5467692613601685,n7057225742_US_18,An aerial image. It shows: Parking space is available.,/data/tessera_dataset/image-emb-text/images4/n7057225742_US_18.jpg,-95.5041652,29.738887,True,1.0,Large marked parking lot with numerous parked vehicles and organized rows.
gated_highres,parking_lot,40,0.5467692613601685,w36268799_CH_20,An aerial image. It shows: Alley classified as service road.,/data/tessera_dataset/image-emb-text/images7/w36268799_CH_20.jpg,6.5473867,46.5140178,True,0.97,Paved parking area with yellow markings and several parked cars along the building.
gated_highres,parking_lot,41,0.5467692613601685,a136245020_US_19,An aerial image. It shows: Parking area with surface.,/data/tessera_dataset/image-emb-text/images7/a136245020_US_19.jpg,-93.2625621029736,44.78501265023124,True,0.99,Large striped parking area with numerous parking spaces and vehicles is clearly visible.
gated_highres,parking_lot,42,0.5467692613601685,a932662697_US_21,An aerial image. It shows: Parking area.,/data/tessera_dataset/image-emb-text/images4/a932662697_US_21.jpg,-119.34160490853372,46.25899159296738,True,0.99,A large marked parking lot with many parking spaces and adjacent access lanes is clearly visible.
gated_highres,parking_lot,43,0.5467692613601685,a902866684_US_22,An aerial image. It shows: Retail building.,/data/tessera_dataset/image-emb-text/images5/a902866684_US_22.jpg,-84.28550614134485,33.89257570763428,True,0.98,Multiple parking areas with marked spaces and numerous vehicles are visibly present between buildings.
gated_highres,parking_lot,44,0.5467692613601685,n7057225768_US_18,An aerial image. It shows: Parking space is available.,/data/tessera_dataset/image-emb-text/images6/n7057225768_US_18.jpg,-95.50395733012363,29.738766683320776,True,0.99,"A large parking lot with dense rows of marked spaces, vehicles, and landscaped islands is clearly visible."
gated_highres,parking_lot,45,0.5467692613601685,a980734526_US_21,An aerial image. It shows: Parking area.,/data/tessera_dataset/image-emb-text/images4/a980734526_US_21.jpg,-71.5392898,41.940714650000004,True,0.98,A broad paved parking area with faintly marked spaces and several parked vehicles is visibly present.
gated_highres,parking_lot,46,0.5467692613601685,n7495650390_US_21,An aerial image. It shows: Parking space.,/data/tessera_dataset/image-emb-text/images6/n7495650390_US_21.jpg,-94.7399215291875,38.946602783426215,True,0.98,A marked parking lot with rows of spaces and parked vehicles is clearly visible beside the wooded area.
gated_highres,parking_lot,47,0.5467692613601685,n7057225674_US_20,An aerial image. It shows: Parking space is available.,/data/tessera_dataset/image-emb-text/images4/n7057225674_US_20.jpg,-95.503959,29.7386618,True,0.99,A large striped parking lot with many vehicles and landscaped parking rows is clearly visible.
gated_highres,parking_lot,48,0.5467692613601685,a1073624035_CH_20,An aerial image. It shows: Street-side parking lot with asphalt surface.,/data/tessera_dataset/image-emb-text/images2/a1073624035_CH_20.jpg,6.952521953090088,46.260374988471675,True,0.98,A small paved parking lot with individual marked spaces and several parked cars is clearly visible.
gated_highres,parking_lot,49,0.5467692613601685,n8864584656_US_22,An aerial image. It shows: Parking space.,/data/tessera_dataset/image-emb-text/images5/n8864584656_US_22.jpg,-87.2863229752667,30.39920187502782,True,0.95,"A paved parking area with marked spaces, parked vehicles, and internal access lanes is visibly present."
gated_highres,parking_lot,50,0.5467692613601685,a522160175_US_21,An aerial image. It shows: Parking area with surface.,/data/tessera_dataset/image-emb-text/images6/a522160175_US_21.jpg,-77.6274052947716,43.11163644041645,True,0.99,A clearly marked parking lot with multiple rows of parked vehicles is visible.
gated_highres,parking_lot,51,0.5467692613601685,n8260029982_US_19,An aerial image. It shows: Trolley bay.,/data/tessera_dataset/image-emb-text/images2/n8260029982_US_19.jpg,-74.29849648612276,40.014418109462724,True,0.99,Large paved parking area with numerous parked vehicles arranged in marked rows.
gated_highres,parking_lot,52,0.5467692613601685,a264851726_US_19,An aerial image. It shows: Commercial building.,/data/tessera_dataset/image-emb-text/images6/a264851726_US_19.jpg,-84.47215993614356,33.88383446771075,True,0.86,Visible paved parking area with multiple rows of parking spaces and cars beside buildings.
gated_highres,parking_lot,53,0.5467692613601685,n7057355260_US_20,An aerial image. It shows: Parking space.,/data/tessera_dataset/image-emb-text/images7/n7057355260_US_20.jpg,-95.50411645810809,29.738666597863407,True,0.99,"Large marked parking lot occupying most of the image, with many parked cars."
gated_highres,parking_lot,54,0.5467692613601685,n10595266510_US_20,An aerial image. It shows: Parking space is available.,/data/tessera_dataset/image-emb-text/images4/n10595266510_US_20.jpg,-121.93718037588863,37.328635813156204,True,0.96,Several paved parking areas with clearly marked rows and numerous vehicles.
gated_highres,parking_lot,55,0.5467692613601685,a1033977714_US_19,An aerial image. It shows: Parking area with asphalt surface.,/data/tessera_dataset/image-emb-text/images4/a1033977714_US_19.jpg,-110.23105841529349,31.553656779970442,True,0.99,"Extensive parking lot with marked spaces, parked cars, drive aisles, and landscaped islands."
gated_highres,parking_lot,56,0.5467692613601685,n7057355269_US_20,An aerial image. It shows: Parking space is available.,/data/tessera_dataset/image-emb-text/images4/n7057355269_US_20.jpg,-95.50398852839237,29.738696369950624,True,0.99,Large paved parking lot with many marked spaces and parked vehicles adjacent to a building.
gated_highres,parking_lot,57,0.5467692613601685,w30071860_CH_20,An aerial image. It shows: Road serving as parking aisle.,/data/tessera_dataset/image-emb-text/images6/w30071860_CH_20.jpg,6.511440639695616,46.566673709590454,True,0.99,Clearly marked parking spaces and several parked cars are visible on the paved lot.
gated_highres,parking_lot,58,0.5467692613601685,n7057225829_US_20,An aerial image. It shows: Parking space.,/data/tessera_dataset/image-emb-text/images4/n7057225829_US_20.jpg,-95.50431120853939,29.739388935997297,True,0.99,"Large parking lot with repeated marked spaces, drive aisles, and multiple cars."
gated_highres,parking_lot,59,0.5467692613601685,n7057225743_US_20,An aerial image. It shows: Parking space.,/data/tessera_dataset/image-emb-text/images5/n7057225743_US_20.jpg,-95.50416198699855,29.738937570682147,True,0.99,Prominent paved parking lot containing many marked spaces and parked vehicles.
gated_highres,parking_lot,60,0.5467692613601685,n7057225745_US_20,An aerial image. It shows: Parking space is available.,/data/tessera_dataset/image-emb-text/images7/n7057225745_US_20.jpg,-95.50432718108709,29.738832426672914,True,0.99,Large marked parking area with numerous cars and rows of parking spaces.
gated_highres,parking_lot,61,0.5467692613601685,n7057224983_US_20,An aerial image. It shows: Parking space is available.,/data/tessera_dataset/image-emb-text/images7/n7057224983_US_20.jpg,-95.50181089204158,29.739099382785234,True,0.99,Large paved parking lot with numerous parked vehicles and clearly marked parking spaces.
gated_highres,parking_lot,62,0.5467692613601685,a923406081_US_21,An aerial image. It shows: Parking area.,/data/tessera_dataset/image-emb-text/images7/a923406081_US_21.jpg,-72.5575728,42.095725900000005,True,0.78,Narrow paved parking area visibly contains multiple vehicles and parking spaces alongside vegetation.
gated_highres,parking_lot,63,0.5467692613601685,n7057355275_US_20,An aerial image. It shows: Parking space.,/data/tessera_dataset/image-emb-text/images7/n7057355275_US_20.jpg,-95.5041095,29.7384657,True,0.99,Large marked parking lot with many vehicles adjacent to a building.
gated_highres,parking_lot,64,0.5467692613601685,w197853088_CH_20,An aerial image. It shows: Asphalt parking aisle road for service vehicles.,/data/tessera_dataset/image-emb-text/images3/w197853088_CH_20.jpg,6.8669129254609365,46.45566309646671,True,0.99,Clearly marked paved parking lot with several parked cars.
gated_highres,parking_lot,65,0.5467692613601685,n8481436996_US_21,An aerial image. It shows: Parking space is available.,/data/tessera_dataset/image-emb-text/images7/n8481436996_US_21.jpg,-112.27846159912633,33.595632085588825,True,0.99,Large striped parking lot visibly laid out for vehicle parking beside buildings and roads.
gated_highres,parking_lot,66,0.5467692613601685,n7057224956_US_20,An aerial image. It shows: Parking space.,/data/tessera_dataset/image-emb-text/images5/n7057224956_US_20.jpg,-95.5019461,29.7388322,True,0.99,Large paved parking lot with numerous cars and extensive marked parking spaces.
gated_highres,parking_lot,67,0.5467692613601685,a315347147_CH_20,An aerial image. It shows: Parking available on the street side.,/data/tessera_dataset/image-emb-text/images4/a315347147_CH_20.jpg,7.31698205,46.22426095,True,0.98,Marked parking spaces with parked vehicles are clearly visible.
gated_highres,parking_lot,68,0.5467692613601685,a290537893_CH_20,An aerial image. It shows: School.,/data/tessera_dataset/image-emb-text/images6/a290537893_CH_20.jpg,6.930208015866151,46.31311104872459,True,0.98,Paved area beside buildings visibly contains marked parking spaces and parked cars.
gated_highres,parking_lot,69,0.5467692613601685,n10815764514_CH_19,An aerial image. It shows: Parking entrance.,/data/tessera_dataset/image-emb-text/images7/n10815764514_CH_19.jpg,9.517303063395891,46.85010734013977,True,0.98,Clearly marked parking area with multiple spaces and a parked vehicle.
gated_highres,parking_lot,70,0.5467692613601685,a308275723_CH_19,An aerial image. It shows: Parking area with surface.,/data/tessera_dataset/image-emb-text/images4/a308275723_CH_19.jpg,8.941834085698327,47.276561078941405,True,0.98,Paved parking area with multiple parked vehicles and marked spaces.
gated_highres,parking_lot,71,0.5467692613601685,n7057225692_US_18,An aerial image. It shows: Parking space is available.,/data/tessera_dataset/image-emb-text/images6/n7057225692_US_18.jpg,-95.503962,29.7391808,True,0.99,A large paved area with numerous marked parking spaces and parked vehicles is clearly visible.
gated_highres,parking_lot,72,0.5467692613601685,a894051272_CH_19,An aerial image. It shows: Asphalt parking lane.,/data/tessera_dataset/image-emb-text/images2/a894051272_CH_19.jpg,8.708926850000001,47.350027100000005,False,0.91,"Parked vehicles are visible along a roadway, but there is no clearly visible parking lot."
gated_highres,parking_lot,73,0.5467692613601685,n7057225805_US_20,An aerial image. It shows: Parking space.,/data/tessera_dataset/image-emb-text/images7/n7057225805_US_20.jpg,-95.5043063,29.7392036,True,0.99,A large marked parking lot with many parked vehicles is clearly visible beside a building.
gated_highres,parking_lot,74,0.5467692613601685,n7057224964_US_20,An aerial image. It shows: Parking space.,/data/tessera_dataset/image-emb-text/images7/n7057224964_US_20.jpg,-95.5019448,29.7389438,True,0.99,A broad paved parking lot with marked spaces and numerous vehicles is clearly visible.
gated_highres,parking_lot,75,0.5467692613601685,a787086536_CH_20,An aerial image. It shows: Parking area.,/data/tessera_dataset/image-emb-text/images6/a787086536_CH_20.jpg,7.148901653502398,47.47609943533109,True,0.98,Multiple rows of parked cars in marked spaces are clearly visible in a paved parking area.
gated_highres,parking_lot,76,0.5467692613601685,n8260029984_US_19,An aerial image. It shows: Trolley bay.,/data/tessera_dataset/image-emb-text/images2/n8260029984_US_19.jpg,-74.29845170997149,40.01435434204318,True,0.98,A large parking lot with many marked spaces and parked vehicles is clearly visible.
gated_highres,parking_lot,77,0.5467692613601685,n7057225757_US_20,An aerial image. It shows: Parking space is available.,/data/tessera_dataset/image-emb-text/images7/n7057225757_US_20.jpg,-95.50437074004275,29.739311810284608,True,0.99,A substantial marked parking lot with parked cars is clearly visible beside the building.
gated_highres,parking_lot,78,0.5467692613601685,n7057225826_US_20,An aerial image. It shows: Parking space.,/data/tessera_dataset/image-emb-text/images7/n7057225826_US_20.jpg,-95.5043624,29.7391296,True,0.99,A large paved parking lot with marked spaces and numerous vehicles is clearly visible.
gated_highres,parking_lot,79,0.5467692613601685,n7057355265_US_20,An aerial image. It shows: Parking space is available.,/data/tessera_dataset/image-emb-text/images4/n7057355265_US_20.jpg,-95.5041819,29.738708,True,0.99,A marked parking lot containing many parked vehicles is clearly visible.
gated_highres,parking_lot,80,0.5467692613601685,n7057225747_US_20,An aerial image. It shows: Parking space is available.,/data/tessera_dataset/image-emb-text/images4/n7057225747_US_20.jpg,-95.5044146029741,29.739190073460286,True,0.99,A large parking lot with rows of marked spaces and parked vehicles is clearly visible.
gated_highres,parking_lot,81,0.5467692613601685,n4505882595_CH_21,An aerial image. It shows: Shed designated as bicycle parking facility.,/data/tessera_dataset/image-emb-text/images3/n4505882595_CH_21.jpg,7.495360462198332,46.89247545909477,True,0.99,Aerial view clearly shows a paved parking area with multiple marked spaces and parked vehicles.
gated_highres,parking_lot,82,0.5467692613601685,a145181346_FI_17,An aerial image. It shows: Parking area.,/data/tessera_dataset/image-emb-text/images7/a145181346_FI_17.jpg,28.211576686373544,61.059189523950906,True,0.98,Several visible parking areas contain rows of marked spaces and numerous parked cars.
gated_highres,parking_lot,83,0.5467692613601685,n8260029983_US_19,An aerial image. It shows: Trolley bay.,/data/tessera_dataset/image-emb-text/images3/n8260029983_US_19.jpg,-74.2985628,40.0145082,True,1.0,Large parking lot is clearly visible with dense rows of parked vehicles and marked spaces.
gated_highres,parking_lot,84,0.5467692613601685,n8260029966_US_19,An aerial image. It shows: Trolley bay.,/data/tessera_dataset/image-emb-text/images2/n8260029966_US_19.jpg,-74.29888833055477,40.01397334330291,True,1.0,Image clearly shows an extensive parking lot with many vehicle rows and painted parking bays.
gated_highres,parking_lot,85,0.5467692613601685,a100004776_US_18,An aerial image. It shows: Commercial building.,/data/tessera_dataset/image-emb-text/images7/a100004776_US_18.jpg,-117.91669897825375,33.991935716548895,True,1.0,Multiple paved parking sections with marked spaces and parked cars are prominently visible.
gated_highres,parking_lot,86,0.5467692613601685,a31359091_US_20,An aerial image. It shows: Parking area.,/data/tessera_dataset/image-emb-text/images7/a31359091_US_20.jpg,-80.25006954407525,36.12622992210886,True,0.99,Large mostly empty parking lot is visibly defined by numerous painted parking spaces.
gated_highres,parking_lot,87,0.5467692613601685,n7057225650_US_20,An aerial image. It shows: Parking space is available.,/data/tessera_dataset/image-emb-text/images5/n7057225650_US_20.jpg,-95.5037608,29.7387641,True,1.0,Aerial image clearly shows a large parking lot with extensive marked spaces and parked vehicles.
gated_highres,parking_lot,88,0.5467692613601685,n7057225818_US_20,An aerial image. It shows: Parking space.,/data/tessera_dataset/image-emb-text/images7/n7057225818_US_20.jpg,-95.5041847082103,29.73884385310997,True,1.0,"Clearly visible parking lot adjacent to a building, with rows of marked spaces and cars."
gated_highres,parking_lot,89,0.5467692613601685,n7057225749_US_20,An aerial image. It shows: Parking space.,/data/tessera_dataset/image-emb-text/images5/n7057225749_US_20.jpg,-95.50391840081157,29.739129085652053,True,1.0,"Large parking lot is unmistakably visible, including marked bays, trees, and parked cars."
gated_highres,parking_lot,90,0.5467692613601685,a422651368_CH_19,An aerial image. It shows: Multi-storey parking facility.,/data/tessera_dataset/image-emb-text/images6/a422651368_CH_19.jpg,9.541192508186837,46.86384453718586,True,0.99,Paved parking area with repeated yellow stall markings and directional arrows is clearly visible.
gated_highres,parking_lot,91,0.5467692613601685,n7057225835_US_20,An aerial image. It shows: Parking space is available.,/data/tessera_dataset/image-emb-text/images4/n7057225835_US_20.jpg,-95.50413932338226,29.73910957500319,True,0.99,"Large paved parking lot with numerous marked spaces, parked cars, and landscaping islands."
gated_highres,parking_lot,92,0.5467692613601685,n3765718413_CH_20,An aerial image. It shows: Parking space.,/data/tessera_dataset/image-emb-text/images7/n3765718413_CH_20.jpg,6.577616719534074,46.526005949176216,True,0.98,Clearly visible marked parking spaces and parked vehicles along a paved lot.
gated_highres,parking_lot,93,0.5467692613601685,n7057225703_US_20,An aerial image. It shows: Parking space is available.,/data/tessera_dataset/image-emb-text/images5/n7057225703_US_20.jpg,-95.50386223571888,29.738697330380326,True,0.99,"Large parking lot with many marked rows, parked vehicles, and landscaped islands."
gated_highres,parking_lot,94,0.5467692613601685,a32685416_US_20,An aerial image. It shows: Parking area with surface.,/data/tessera_dataset/image-emb-text/images5/a32685416_US_20.jpg,-121.4471097,38.6054419,True,0.99,Paved commercial parking lot visibly containing marked spaces and numerous parked cars.
gated_highres,parking_lot,95,0.5467692613601685,n7057225676_US_20,An aerial image. It shows: Parking space is available.,/data/tessera_dataset/image-emb-text/images6/n7057225676_US_20.jpg,-95.50405806133003,29.73882547752642,True,0.99,Large marked parking lot with multiple rows of parked vehicles and trees.
gated_highres,parking_lot,96,0.5467692613601685,n7057224906_US_18,An aerial image. It shows: Parking space is available.,/data/tessera_dataset/image-emb-text/images4/n7057224906_US_18.jpg,-95.5017444,29.7392846,True,0.99,Aerial view clearly shows a large parking lot with marked spaces and many cars.
gated_highres,parking_lot,97,0.5467692613601685,a1042746612_CH_20,An aerial image. It shows: Diagonal street side parking with asphalt surface.,/data/tessera_dataset/image-emb-text/images3/a1042746612_CH_20.jpg,6.9379001795844,46.3097701689925,True,0.98,Narrow paved parking area with individually marked spaces and multiple parked vehicles.
gated_highres,parking_lot,98,0.5467692613601685,n7057225094_US_20,An aerial image. It shows: Parking space.,/data/tessera_dataset/image-emb-text/images5/n7057225094_US_20.jpg,-95.50210412388265,29.73893062292276,True,0.99,"Large parking lot with extensive marked parking rows, parked cars, and landscaped sections."
gated_highres,parking_lot,99,0.5467692613601685,a825405169_CH_20,An aerial image. It shows: Parking area with surface.,/data/tessera_dataset/image-emb-text/images6/a825405169_CH_20.jpg,6.554899546984636,46.51087340109074,True,0.99,"Small paved parking lot beside a building, with marked spaces and several parked cars."
gated_highres,parking_lot,100,0.5467692613601685,a281274791_CH_18,An aerial image. It shows: Parking area.,/data/tessera_dataset/image-emb-text/images5/a281274791_CH_18.jpg,8.242023170985657,46.70819934917391,True,0.99,Marked paved parking area visibly containing several parked cars.
gated_highres,industrial_building,1,0.48569953441619873,a167001276_US_21,An aerial image. It shows: Commercial building.,/data/tessera_dataset/image-emb-text/images4/a167001276_US_21.jpg,-77.17577328618651,39.12876168821638,True,0.99,"Multiple large flat-roofed warehouse buildings with extensive paved service areas, loading access, and dense parking."
gated_highres,industrial_building,2,0.48569953441619873,a1144582651_US_20,An aerial image. It shows: Commercial building.,/data/tessera_dataset/image-emb-text/images6/a1144582651_US_20.jpg,-90.16234254232657,32.23496572306354,True,0.99,"Large flat-roofed warehouse surrounded by a broad paved yard containing pallets, vehicles, and apparent loading or storage activity."
gated_highres,industrial_building,3,0.48569953441619873,a497673260_ES_18,An aerial image. It shows: Industrial building.,/data/tessera_dataset/image-emb-text/images6/a497673260_ES_18.jpg,-8.68127182593343,43.240058590697075,True,0.94,"Large low-rise industrial-style building with an expansive flat roof, service driveway, and minimal landscaped surroundings."
gated_highres,industrial_building,4,0.48569953441619873,a219136063_US_20,An aerial image. It shows: Office building.,/data/tessera_dataset/image-emb-text/images5/a219136063_US_20.jpg,-121.93811593535216,37.39314273526807,False,0.78,"Large buildings are present, but the landscaped campus, curving access roads, and abundant trees make office or institutional use more visually apparent than industrial use."
gated_highres,industrial_building,5,0.48569953441619873,a960756821_CH_20,An aerial image. It shows: View of roof of building.,/data/tessera_dataset/image-emb-text/images5/a960756821_CH_20.jpg,7.35801206757965,46.22355969852033,True,0.82,"Long low-rise building with a large corrugated roof and utilitarian service-side surroundings, consistent with an industrial structure."
gated_highres,industrial_building,6,0.48569953441619873,a469327622_US_21,An aerial image. It shows: Commercial building.,/data/tessera_dataset/image-emb-text/images5/a469327622_US_21.jpg,-105.1958204390964,39.724231272494066,True,0.93,"Several large flat-roofed commercial or industrial buildings with extensive parking, service lanes, and highway-oriented access."
gated_highres,industrial_building,7,0.48569953441619873,a38918672_US_18,An aerial image. It shows: Warehouse.,/data/tessera_dataset/image-emb-text/images7/a38918672_US_18.jpg,-121.92981355732539,37.34691845040169,True,0.98,"Very large flat-roofed building with rooftop mechanical equipment, loading/service areas, and dense surrounding paved access."
gated_highres,industrial_building,8,0.48569953441619873,a231289347_US_19,An aerial image. It shows: Warehouse.,/data/tessera_dataset/image-emb-text/images7/a231289347_US_19.jpg,-122.32882801043752,47.54217246447092,True,0.99,"Large warehouse complex with expansive roofs, truck/loading areas, service lanes, and paved industrial yards."
gated_highres,industrial_building,9,0.48569953441619873,a551730690_US_21,An aerial image. It shows: Commercial building.,/data/tessera_dataset/image-emb-text/images3/a551730690_US_21.jpg,-111.7886954,40.36109115,True,0.98,"Large rectangular warehouse-like building with a broad flat roof, loading/service edge, and utilitarian paved surroundings."
gated_highres,industrial_building,10,0.48569953441619873,a471587432_US_18,An aerial image. It shows: Warehouse.,/data/tessera_dataset/image-emb-text/images7/a471587432_US_18.jpg,-118.05040891460666,33.964663100902285,True,0.99,"Multiple very large warehouse buildings with loading docks, storage or service yards, parking, and internal industrial access roads."
gated_highres,industrial_building,11,0.48569953441619873,a456772409_US_20,An aerial image. It shows: Warehouse.,/data/tessera_dataset/image-emb-text/images7/a456772409_US_20.jpg,-118.04828581459068,33.905444807030946,True,0.98,"Large flat-roofed warehouse buildings with loading areas, trucks, and parking visible."
gated_highres,industrial_building,12,0.48569953441619873,a471067860_US_18,An aerial image. It shows: Industrial building.,/data/tessera_dataset/image-emb-text/images7/a471067860_US_18.jpg,-117.92090245,33.998953099999994,True,0.86,A large light-colored flat-roofed building is visibly present.
gated_highres,industrial_building,13,0.48569953441619873,a120652997_US_20,An aerial image. It shows: Industrial building.,/data/tessera_dataset/image-emb-text/images2/a120652997_US_20.jpg,-121.56929681599678,38.588934734051264,True,0.99,"Multiple large commercial or industrial warehouse buildings with loading bays, paved access roads, and extensive parking are visible."
gated_highres,industrial_building,14,0.48569953441619873,a134521055_CH_19,An aerial image. It shows: Commercial building.,/data/tessera_dataset/image-emb-text/images7/a134521055_CH_19.jpg,8.799115167374632,47.33477211028527,False,0.91,The image shows long parallel covered growing structures or greenhouse roofs rather than a clearly identifiable industrial building.
gated_highres,industrial_building,15,0.48569953441619873,a396819803_US_20,An aerial image. It shows: Warehouse.,/data/tessera_dataset/image-emb-text/images7/a396819803_US_20.jpg,-118.05007144375931,33.955401568279584,True,0.99,"Several very large warehouse buildings, loading areas, service roads, and freight vehicles are clearly visible in an industrial complex."
gated_highres,industrial_building,16,0.48569953441619873,a90399585_CH_19,An aerial image. It shows: Commercial building.,/data/tessera_dataset/image-emb-text/images4/a90399585_CH_19.jpg,8.737979261822426,47.39285392549948,True,0.97,A large corrugated-roof building with a central rooftop structure and vehicle access is visible.
gated_highres,industrial_building,17,0.48569953441619873,a167001277_US_21,An aerial image. It shows: Commercial building.,/data/tessera_dataset/image-emb-text/images7/a167001277_US_21.jpg,-77.17662663930633,39.12864765656213,True,0.98,Large flat-roofed commercial or warehouse buildings with loading docks and extensive parking are visible.
gated_highres,industrial_building,18,0.48569953441619873,a105286590_CH_20,An aerial image. It shows: Industrial building.,/data/tessera_dataset/image-emb-text/images4/a105286590_CH_20.jpg,6.520504933468012,46.5668394975812,True,0.98,A large corrugated-roof building with service vehicles and industrial access areas is clearly visible.
gated_highres,industrial_building,19,0.48569953441619873,a53637582_US_17,An aerial image. It shows: Commercial building with tan exterior and white roof.,/data/tessera_dataset/image-emb-text/images2/a53637582_US_17.jpg,-75.514838,40.566405399999994,True,0.87,"A large light-colored flat-roofed building is visible, consistent with a warehouse or industrial structure."
gated_highres,industrial_building,20,0.48569953441619873,a244256468_CH_20,An aerial image. It shows: Industrial building.,/data/tessera_dataset/image-emb-text/images4/a244256468_CH_20.jpg,6.936889849548396,46.290232465224115,True,0.96,A large corrugated-roof building with adjacent service parking and access areas is clearly visible.
gated_highres,industrial_building,21,0.48569953441619873,a962801725_CH_20,An aerial image. It shows: Industrial building.,/data/tessera_dataset/image-emb-text/images5/a962801725_CH_20.jpg,6.9737092,46.2439659,True,0.99,"Large corrugated-roof warehouse surrounded by industrial storage materials, equipment, and paved loading areas."
gated_highres,industrial_building,22,0.48569953441619873,a343343135_US_20,An aerial image. It shows: Retail building.,/data/tessera_dataset/image-emb-text/images3/a343343135_US_20.jpg,-85.85020122603868,41.59249160556278,True,0.98,Multiple large flat-roof industrial buildings with surrounding access roads and parking/loading areas.
gated_highres,industrial_building,23,0.48569953441619873,a708602080_US_19,An aerial image. It shows: Warehouse.,/data/tessera_dataset/image-emb-text/images6/a708602080_US_19.jpg,-74.83042193172369,40.093855083868064,True,0.97,Extensive low-slope industrial building roof with rooftop vents and visible loading-bay structures along the edge.
gated_highres,industrial_building,24,0.48569953441619873,a1058645138_CH_20,An aerial image. It shows: Industrial building.,/data/tessera_dataset/image-emb-text/images4/a1058645138_CH_20.jpg,7.1543429,47.411290750000006,True,0.96,Long industrial-style building with a large pitched corrugated roof adjacent to a substantial gravel work yard.
gated_highres,industrial_building,25,0.48569953441619873,a413227776_US_18,An aerial image. It shows: Industrial building.,/data/tessera_dataset/image-emb-text/images7/a413227776_US_18.jpg,-118.37331454528564,33.942475100101326,True,0.99,"Dense complex of large warehouses with numerous trucks, trailers, loading docks, and paved industrial circulation areas."
gated_highres,industrial_building,26,0.48569953441619873,a1030549690_US_17,An aerial image. It shows: Post depot building.,/data/tessera_dataset/image-emb-text/images7/a1030549690_US_17.jpg,-122.32315911007633,47.22732851077759,True,0.99,"Large flat-roof warehouse with multiple loading bays, trailers, service lanes, and parking."
gated_highres,industrial_building,27,0.48569953441619873,a1168900076_US_20,An aerial image. It shows: Industrial area.,/data/tessera_dataset/image-emb-text/images6/a1168900076_US_20.jpg,-118.31676905790556,33.907303804044545,True,0.99,"Cluster of large industrial buildings with rooftop equipment, loading areas, parking, and service yards."
gated_highres,industrial_building,28,0.48569953441619873,a451083927_US_20,An aerial image. It shows: Warehouse.,/data/tessera_dataset/image-emb-text/images6/a451083927_US_20.jpg,-118.0599555,33.9505511,True,0.98,"Large standalone flat-roof warehouse beside roads, parking, and industrial access areas."
gated_highres,industrial_building,29,0.48569953441619873,a1140241392_CH_18,An aerial image. It shows: View of roof of building.,/data/tessera_dataset/image-emb-text/images7/a1140241392_CH_18.jpg,8.898678113300306,45.993771445755684,True,0.97,Long light-colored industrial building alongside a rail line and grassy service strip.
gated_highres,industrial_building,30,0.48569953441619873,a239347436_FI_20,An aerial image. It shows: Building with roof made of tar paper.,/data/tessera_dataset/image-emb-text/images3/a239347436_FI_20.jpg,28.246261275811882,61.06390635316486,True,0.95,"Narrow industrial facility with loading/service structures, paved yard, and industrial materials visible around it."
gated_highres,industrial_building,31,0.48569953441619873,a392336550_US_22,An aerial image. It shows: Warehouse.,/data/tessera_dataset/image-emb-text/images5/a392336550_US_22.jpg,-84.16436661169996,33.97335571756303,True,0.96,"Large flat-roofed buildings with extensive paved service areas, loading-like spaces, and vehicle access are clearly visible."
gated_highres,industrial_building,32,0.48569953441619873,a213357996_CH_18,An aerial image. It shows: School building.,/data/tessera_dataset/image-emb-text/images4/a213357996_CH_18.jpg,7.9344501,46.9123763,False,0.94,"The image shows a dense residential or institutional-style complex with pitched shingle roofs, small courtyards, and landscaped surroundings."
gated_highres,industrial_building,33,0.48569953441619873,n684306938_CH_18,An aerial image. It shows: Car repair shop.,/data/tessera_dataset/image-emb-text/images5/n684306938_CH_18.jpg,7.2912779,46.5048771,True,0.72,"A large flat-roofed structure with broad paved surroundings and apparent service or loading areas is visible, consistent with an industrial building."
gated_highres,industrial_building,34,0.48569953441619873,a674826338_US_20,An aerial image. It shows: Industrial area.,/data/tessera_dataset/image-emb-text/images4/a674826338_US_20.jpg,-83.28669020395627,42.249702271641766,True,0.99,Large adjoining warehouse-like structures with expansive metal roofs and a rail line alongside are clearly visible.
gated_highres,industrial_building,35,0.48569953441619873,a244608414_CH_18,An aerial image. It shows: Rural barn.,/data/tessera_dataset/image-emb-text/images5/a244608414_CH_18.jpg,7.416603570115138,46.655903075593315,True,0.82,"A sizable agricultural or workshop barn complex with broad metal roofs, concrete work areas, and utility vehicles is visibly present."
gated_highres,industrial_building,36,0.48569953441619873,a584389803_US_20,An aerial image. It shows: Industrial building.,/data/tessera_dataset/image-emb-text/images5/a584389803_US_20.jpg,-97.17030434127969,31.511748772063395,True,0.99,"A very large multi-section flat-roofed industrial complex with numerous roof fixtures, service areas, and adjacent road access is clearly visible."
gated_highres,industrial_building,37,0.48569953441619873,a317141937_US_21,An aerial image. It shows: Industrial building.,/data/tessera_dataset/image-emb-text/images4/a317141937_US_21.jpg,-103.2043658,44.0764147,True,0.9,A large rectangular flat-roofed building with surrounding paved areas and what appear to be industrial vehicles or equipment is visible.
gated_highres,industrial_building,38,0.48569953441619873,a1095559206_CH_19,An aerial image. It shows: View of roof of building.,/data/tessera_dataset/image-emb-text/images7/a1095559206_CH_19.jpg,8.9807182,47.2252439,True,0.68,"The image shows substantial metal-roofed structures with large roof spans and an attached service-like layout, consistent with an industrial or workshop building."
gated_highres,industrial_building,39,0.48569953441619873,a460159955_US_20,An aerial image. It shows: Data center building.,/data/tessera_dataset/image-emb-text/images2/a460159955_US_20.jpg,-121.9725520410408,37.371557999718036,True,0.9,"A large flat-roofed facility with extensive organized parking, access lanes, and adjacent commercial or service structures is visibly present."
gated_highres,industrial_building,40,0.48569953441619873,a120650917_US_20,An aerial image. It shows: Industrial building.,/data/tessera_dataset/image-emb-text/images2/a120650917_US_20.jpg,-121.567286790363,38.587809844502246,True,0.8,"Multiple large flat-roofed buildings with extensive parking, driveways, and service access are visible, including warehouse-like structures."
gated_highres,industrial_building,41,0.48569953441619873,a42057886_US_19,An aerial image. It shows: Warehouse.,/data/tessera_dataset/image-emb-text/images4/a42057886_US_19.jpg,-76.89043065,40.3024347,True,0.99,A very large flat-roofed warehouse with loading areas and numerous trailers or containers around it is clearly visible.
gated_highres,industrial_building,42,0.48569953441619873,a47758919_US_20,An aerial image. It shows: Commercial building.,/data/tessera_dataset/image-emb-text/images5/a47758919_US_20.jpg,-78.63843546807817,35.72421988995387,True,0.9,A large flat-roofed building occupies most of the image beside a broad roadway and landscaped industrial-looking grounds.
gated_highres,industrial_building,43,0.48569953441619873,a986512623_US_21,An aerial image. It shows: Commercial building.,/data/tessera_dataset/image-emb-text/images5/a986512623_US_21.jpg,-81.0461573777286,29.24486212182779,True,0.93,"Multiple large rectangular flat-roofed buildings, paved access areas, and parked vehicles form a clearly visible industrial complex."
gated_highres,industrial_building,44,0.48569953441619873,a440819800_US_20,An aerial image. It shows: Industrial building.,/data/tessera_dataset/image-emb-text/images7/a440819800_US_20.jpg,-118.35848960000001,33.9678356,True,0.78,A large flat-roofed rectangular building with adjacent paved access or parking areas is visibly present.
gated_highres,industrial_building,45,0.48569953441619873,a134519929_CH_19,An aerial image. It shows: Flat-roofed commercial building.,/data/tessera_dataset/image-emb-text/images4/a134519929_CH_19.jpg,8.798208462234694,47.33166681502742,True,0.88,"A substantial flat-roofed commercial or industrial structure is visible alongside other large roofs, paved service areas, and rooftop equipment."
gated_highres,industrial_building,46,0.48569953441619873,a449960043_US_20,An aerial image. It shows: Warehouse.,/data/tessera_dataset/image-emb-text/images7/a449960043_US_20.jpg,-118.03393267026738,33.90333281531665,True,0.99,"A very large rectangular flat-roofed warehouse is clearly visible, surrounded by service lanes, parked vehicles, and other commercial buildings."
gated_highres,industrial_building,47,0.48569953441619873,a195011437_US_21,An aerial image. It shows: Office building.,/data/tessera_dataset/image-emb-text/images6/a195011437_US_21.jpg,-105.19514134416504,39.7184335940025,True,0.94,"A large flat-roofed building with rooftop fixtures, parking, and a broad access road is clearly visible."
gated_highres,industrial_building,48,0.48569953441619873,a391071089_US_19,An aerial image. It shows: Building that serves as post depot.,/data/tessera_dataset/image-emb-text/images3/a391071089_US_19.jpg,-75.02482095920205,39.869121121248384,True,0.99,"A massive warehouse with extensive rooftop fixtures, loading areas, trailers, and industrial yard space is clearly visible."
gated_highres,industrial_building,49,0.48569953441619873,a863864166_FI_19,An aerial image. It shows: Farm auxiliary building.,/data/tessera_dataset/image-emb-text/images5/a863864166_FI_19.jpg,25.848579998034346,62.30348514810526,False,0.88,"The image shows agricultural or rural farm buildings, open fields, and stored materials, without clear evidence of an industrial building."
gated_highres,industrial_building,50,0.48569953441619873,a205081351_CH_18,An aerial image. It shows: Shed building.,/data/tessera_dataset/image-emb-text/images6/a205081351_CH_18.jpg,7.493634552695019,46.87327344705958,False,0.98,"The image shows a small residential-looking building surrounded by trees, a driveway, and yard materials rather than an industrial structure."
gated_highres,industrial_building,51,0.48569953441619873,a246785031_CH_19,An aerial image. It shows: Industrial building.,/data/tessera_dataset/image-emb-text/images4/a246785031_CH_19.jpg,8.78204835,47.32730335,True,0.99,"Large flat-roofed warehouse or industrial building with rooftop equipment, loading area, and marked access lanes."
gated_highres,industrial_building,52,0.48569953441619873,a1022870701_CH_20,An aerial image. It shows: Industrial building.,/data/tessera_dataset/image-emb-text/images6/a1022870701_CH_20.jpg,6.942623558290247,46.28496298495038,True,0.98,"Multiple long, large flat-roofed warehouse structures with rooftop ventilation equipment."
gated_highres,industrial_building,53,0.48569953441619873,a661377470_CH_20,An aerial image. It shows: Industrial building.,/data/tessera_dataset/image-emb-text/images3/a661377470_CH_20.jpg,6.8099229,46.67423505,True,0.99,"Large warehouse roof with extensive skylight bands, service areas, and loading access."
gated_highres,industrial_building,54,0.48569953441619873,n10196171031_US_20,An aerial image. It shows: Industrial warehouse.,/data/tessera_dataset/image-emb-text/images3/n10196171031_US_20.jpg,-121.35829337690687,38.37659344657747,True,0.86,Aerial view shows several large flat-roofed buildings in a paved commercial or industrial complex.
gated_highres,industrial_building,55,0.48569953441619873,a120650894_US_18,An aerial image. It shows: Industrial building.,/data/tessera_dataset/image-emb-text/images5/a120650894_US_18.jpg,-121.55796690990348,38.58754982755211,True,0.93,"Multiple large flat-roofed buildings with substantial paved service areas, vehicle storage, and parking."
gated_highres,industrial_building,56,0.48569953441619873,a945044783_CH_20,An aerial image. It shows: Industrial building.,/data/tessera_dataset/image-emb-text/images4/a945044783_CH_20.jpg,6.937190060332415,46.28933576318096,True,0.95,"Large warehouse-like buildings with broad roofs, loading materials, and adjacent service yard."
gated_highres,industrial_building,57,0.48569953441619873,a389961741_US_19,An aerial image. It shows: Office building.,/data/tessera_dataset/image-emb-text/images5/a389961741_US_19.jpg,-84.10927199480545,33.957780101133096,True,0.82,"Large flat-roofed buildings with extensive parking and access roads, consistent with commercial or industrial use."
gated_highres,industrial_building,58,0.48569953441619873,a120651622_US_18,An aerial image. It shows: Industrial building.,/data/tessera_dataset/image-emb-text/images2/a120651622_US_18.jpg,-121.5645572613632,38.59137013438492,True,0.91,Several large flat-roofed warehouse or industrial buildings with loading bays and paved lots.
gated_highres,industrial_building,59,0.48569953441619873,a39131638_US_20,An aerial image. It shows: Building used for storage rental.,/data/tessera_dataset/image-emb-text/images2/a39131638_US_20.jpg,-121.91122254946775,37.37982803786209,True,0.99,"Dense industrial facility with multiple large warehouses, loading yards, trucks, and service areas."
gated_highres,industrial_building,60,0.48569953441619873,a255959071_CH_18,An aerial image. It shows: Barn.,/data/tessera_dataset/image-emb-text/images4/a255959071_CH_18.jpg,7.48488049262752,46.61118710802212,True,0.9,Large roofed facility beside a service yard with vehicles or equipment and an access road.
gated_highres,industrial_building,61,0.48569953441619873,a398816499_CH_19,An aerial image. It shows: Fuel amenity located on the roof of building.,/data/tessera_dataset/image-emb-text/images6/a398816499_CH_19.jpg,8.720670477377997,47.30285764067972,True,0.96,Large rectangular corrugated-roof building with substantial paved access and parking areas.
gated_highres,industrial_building,62,0.48569953441619873,a1156002230_CH_20,An aerial image. It shows: Heliport at the airport.,/data/tessera_dataset/image-emb-text/images3/a1156002230_CH_20.jpg,6.959429650000001,46.26846845,True,0.91,"Large flat-roof building with extensive paved apron, marked loading or service area, and surrounding vehicle access."
gated_highres,industrial_building,63,0.48569953441619873,a246785038_CH_19,An aerial image. It shows: Industrial building.,/data/tessera_dataset/image-emb-text/images5/a246785038_CH_19.jpg,8.780954067026864,47.32754278293177,True,0.95,Very large rectangular commercial or industrial roof with numerous rooftop fixtures and adjacent parking.
gated_highres,industrial_building,64,0.48569953441619873,n9591613368_CH_19,An aerial image. It shows: Small solar photovoltaic panel generator on the roof of building.,/data/tessera_dataset/image-emb-text/images4/n9591613368_CH_19.jpg,8.782700507075269,47.30342710145011,True,0.82,"Large rectangular roofed structure with repeated roof sections and service fixtures, consistent with an industrial building."
gated_highres,industrial_building,65,0.48569953441619873,a220913587_US_18,An aerial image. It shows: Public building.,/data/tessera_dataset/image-emb-text/images2/a220913587_US_18.jpg,-121.91136689999999,37.34963985,False,0.64,"A light-colored building is visible, but the small blurred image does not clearly establish industrial land use."
gated_highres,industrial_building,66,0.48569953441619873,a236092727_CH_19,An aerial image. It shows: Industrial building.,/data/tessera_dataset/image-emb-text/images3/a236092727_CH_19.jpg,8.950218199999998,47.2369498,True,0.98,"Large multi-section metal-roof building with rooftop mechanical equipment, a service lane, and extensive parking."
gated_highres,industrial_building,67,0.48569953441619873,a451083438_US_20,An aerial image. It shows: Warehouse.,/data/tessera_dataset/image-emb-text/images4/a451083438_US_20.jpg,-118.05915594672547,33.953249256175624,True,0.99,"Clearly visible large warehouse-like buildings with loading or service yards, trucks, and extensive paved commercial access."
gated_highres,industrial_building,68,0.48569953441619873,a211120180_CH_20,An aerial image. It shows: Industrial building.,/data/tessera_dataset/image-emb-text/images4/a211120180_CH_20.jpg,6.999411013082685,46.25892877645575,True,0.88,"Large rectangular roofed building with multiple roof sections, service vehicles, and paved surroundings."
gated_highres,industrial_building,69,0.48569953441619873,a285558258_CH_20,An aerial image. It shows: Industrial building.,/data/tessera_dataset/image-emb-text/images4/a285558258_CH_20.jpg,7.383599891961591,46.255898806454425,True,0.84,"Several large adjoining roofed structures with service access and vehicles, visibly consistent with an industrial or agricultural facility."
gated_highres,industrial_building,70,0.48569953441619873,a944044495_US_21,An aerial image. It shows: Industrial building.,/data/tessera_dataset/image-emb-text/images5/a944044495_US_21.jpg,-82.50811266111234,40.77438393198558,True,0.99,"Clear industrial district with multiple large warehouses, open storage yards, trucks, equipment, and service roads."
gated_highres,industrial_building,71,0.48569953441619873,a191818787_US_19,An aerial image. It shows: Industrial building.,/data/tessera_dataset/image-emb-text/images6/a191818787_US_19.jpg,-96.7536011,46.877885649999996,True,0.98,Large flat-roofed building with rooftop equipment and adjoining paved service areas is clearly visible.
gated_highres,industrial_building,72,0.48569953441619873,a99674305_CH_19,An aerial image. It shows: Flat-roofed building.,/data/tessera_dataset/image-emb-text/images5/a99674305_CH_19.jpg,8.779255976140274,47.30678519722558,True,0.91,"A large covered building with a broad roof, parked vehicles, and paved access area is visible."
gated_highres,industrial_building,73,0.48569953441619873,n3590383549_CH_20,An aerial image. It shows: Car shop.,/data/tessera_dataset/image-emb-text/images5/n3590383549_CH_20.jpg,6.5814935,46.5266586,True,0.97,Large corrugated-roof structure with rooftop vents and industrial-scale roof span is clearly visible.
gated_highres,industrial_building,74,0.48569953441619873,n6466301763_CH_19,An aerial image. It shows: Car wash facility.,/data/tessera_dataset/image-emb-text/images2/n6466301763_CH_19.jpg,9.532422490120116,46.809109779161034,True,0.84,A substantial flat-roofed building with rooftop solar panels and paved surroundings is visible.
gated_highres,industrial_building,75,0.48569953441619873,a120651578_US_20,An aerial image. It shows: Industrial building.,/data/tessera_dataset/image-emb-text/images3/a120651578_US_20.jpg,-121.56833015,38.588582849999995,True,0.96,Large rectangular flat-roofed building surrounded by parking and service areas is clearly visible.
gated_highres,industrial_building,76,0.48569953441619873,a1096921455_CH_19,An aerial image. It shows: Commercial building.,/data/tessera_dataset/image-emb-text/images6/a1096921455_CH_19.jpg,8.985760144110746,47.22013112005935,True,0.98,"Multiple connected large warehouse-style roofs with vents, skylights, and an adjacent loading or yard area are visible."
gated_highres,industrial_building,77,0.48569953441619873,a429349132_US_20,An aerial image. It shows: Warehouse.,/data/tessera_dataset/image-emb-text/images4/a429349132_US_20.jpg,-118.3755616024895,34.028135852972895,True,0.99,A dense complex of large warehouse and factory buildings with service roads and paved yards is clearly visible.
gated_highres,industrial_building,78,0.48569953441619873,a551730689_US_21,An aerial image. It shows: Commercial building.,/data/tessera_dataset/image-emb-text/images3/a551730689_US_21.jpg,-111.78949125,40.360643100000004,True,0.97,Large rectangular warehouse-style building with a broad light-colored roof and surrounding paved areas is visible.
gated_highres,industrial_building,79,0.48569953441619873,a185784531_CH_18,An aerial image. It shows: Barn.,/data/tessera_dataset/image-emb-text/images5/a185784531_CH_18.jpg,7.418257886314599,46.843047974609576,True,0.92,Large corrugated-roof building with a prominent rooftop skylight or vent and service access around it is visible.
gated_highres,industrial_building,80,0.48569953441619873,a200691729_US_18,An aerial image. It shows: Post depot building.,/data/tessera_dataset/image-emb-text/images4/a200691729_US_18.jpg,-83.2026647123133,42.29121834913197,True,0.99,"Very large flat-roofed warehouse or distribution building with numerous rooftop fixtures, loading bays, and truck access is clearly visible."
gated_highres,industrial_building,81,0.48569953441619873,a427072036_CH_18,An aerial image. It shows: Industrial building.,/data/tessera_dataset/image-emb-text/images7/a427072036_CH_18.jpg,8.732838481050162,46.17680666298871,True,0.98,"Large corrugated-roof building with an expansive utilitarian footprint, consistent with an industrial facility."
gated_highres,industrial_building,82,0.48569953441619873,a259125319_CH_19,An aerial image. It shows: Industrial building.,/data/tessera_dataset/image-emb-text/images6/a259125319_CH_19.jpg,8.46395344003584,47.69450298108941,True,0.98,Multiple large warehouse-like roofs and loading/service areas are clearly visible.
gated_highres,industrial_building,83,0.48569953441619873,a858755448_US_21,An aerial image. It shows: Part of building.,/data/tessera_dataset/image-emb-text/images4/a858755448_US_21.jpg,-73.51711399999999,41.06750185,True,0.82,The image shows large flat-roofed utilitarian structures with apparent industrial roofing and service areas.
gated_highres,industrial_building,84,0.48569953441619873,a247657241_CH_19,An aerial image. It shows: Industrial building.,/data/tessera_dataset/image-emb-text/images7/a247657241_CH_19.jpg,8.797506467216488,47.33412088211725,True,0.98,Extensive connected warehouse or industrial building roofs with rooftop equipment and service access.
gated_highres,industrial_building,85,0.48569953441619873,a579833846_US_20,An aerial image. It shows: Healthcare clinic.,/data/tessera_dataset/image-emb-text/images6/a579833846_US_20.jpg,-121.84219355177129,38.00467502298113,False,0.93,"The scene visibly consists of office or retail-style buildings surrounded by landscaped parking lots and roadways, without a clear industrial building."
gated_highres,industrial_building,86,0.48569953441619873,a945044785_CH_20,An aerial image. It shows: Industrial building with gabled roof.,/data/tessera_dataset/image-emb-text/images4/a945044785_CH_20.jpg,6.9369460499999995,46.29026815,True,0.97,Large warehouse-like roof directly adjoining a vehicle parking and service area.
gated_highres,industrial_building,87,0.48569953441619873,a246677734_CH_18,An aerial image. It shows: Rural barn.,/data/tessera_dataset/image-emb-text/images4/a246677734_CH_18.jpg,7.4415935,46.64590305,True,0.96,"Broad utilitarian building with a weathered industrial roof, rooftop equipment, and adjacent service roadway."
gated_highres,industrial_building,88,0.48569953441619873,a384557483_CH_20,An aerial image. It shows: Industrial building.,/data/tessera_dataset/image-emb-text/images3/a384557483_CH_20.jpg,6.568987554124049,46.543498726253496,True,0.94,Large commercial or industrial roof with multiple vents and marked service/loading access.
gated_highres,industrial_building,89,0.48569953441619873,a557187933_US_21,An aerial image. It shows: Industrial building.,/data/tessera_dataset/image-emb-text/images2/a557187933_US_21.jpg,-104.57954817028562,38.21032367343256,True,0.99,"Clearly visible large industrial facility with repeated roof bays, storage tanks, and surrounding industrial infrastructure."
gated_highres,industrial_building,90,0.48569953441619873,a958271678_CH_20,An aerial image. It shows: Industrial building.,/data/tessera_dataset/image-emb-text/images6/a958271678_CH_20.jpg,7.136078468351583,47.40691945446852,True,0.96,Several very large flat-roofed warehouse or industrial buildings with rooftop equipment and paved service areas.
gated_highres,industrial_building,91,0.48569953441619873,a414038670_US_20,An aerial image. It shows: Warehouse building used for storing goods.,/data/tessera_dataset/image-emb-text/images2/a414038670_US_20.jpg,-118.37839326197097,34.02617698331005,True,0.98,"Large flat-roofed buildings with extensive loading areas, parking, and access roads are clearly visible."
gated_highres,industrial_building,92,0.48569953441619873,a501483005_FI_21,An aerial image. It shows: Cowshed building.,/data/tessera_dataset/image-emb-text/images5/a501483005_FI_21.jpg,23.55315375,63.85385264999999,True,0.82,"Aerial view shows several long, utilitarian roofed structures consistent with an industrial building complex."
gated_highres,industrial_building,93,0.48569953441619873,a136140862_CH_19,An aerial image. It shows: Commercial building.,/data/tessera_dataset/image-emb-text/images4/a136140862_CH_19.jpg,9.20160935,47.642774349999996,True,0.96,Large flat-roofed building with service access and a sizable parking/loading area is clearly visible.
gated_highres,industrial_building,94,0.48569953441619873,a219301683_US_20,An aerial image. It shows: Building.,/data/tessera_dataset/image-emb-text/images6/a219301683_US_20.jpg,-121.92342633459262,37.391633577350284,True,0.91,A substantial flat-roofed building surrounded by extensive parking and access lanes is visible.
gated_highres,industrial_building,95,0.48569953441619873,a65051528_US_21,An aerial image. It shows: Commercial building.,/data/tessera_dataset/image-emb-text/images7/a65051528_US_21.jpg,-89.6086837,40.679830949999996,True,0.78,Two large rectangular light-roofed structures with paved service areas are visible.
gated_highres,industrial_building,96,0.48569953441619873,a1041062814_CH_20,An aerial image. It shows: Shed building.,/data/tessera_dataset/image-emb-text/images2/a1041062814_CH_20.jpg,7.359876505367017,46.218757579326706,False,0.95,"The image shows small weathered structures surrounded by dense vegetation, without a clearly industrial building."
gated_highres,industrial_building,97,0.48569953441619873,a442359648_US_20,An aerial image. It shows: Commercial building.,/data/tessera_dataset/image-emb-text/images2/a442359648_US_20.jpg,-118.351589,33.95684445,True,0.84,A compact group of rectangular flat-roofed buildings with paved access and parking is visible.
gated_highres,industrial_building,98,0.48569953441619873,a134519914_CH_19,An aerial image. It shows: Building housing car repair shop.,/data/tessera_dataset/image-emb-text/images4/a134519914_CH_19.jpg,8.7974802859732,47.33168175410758,True,0.97,Several large utilitarian flat-roofed warehouse-like buildings with service vehicles and paved access are clearly visible.
gated_highres,industrial_building,99,0.48569953441619873,a727276730_US_19,An aerial image. It shows: Industrial area.,/data/tessera_dataset/image-emb-text/images5/a727276730_US_19.jpg,-122.34271700837293,47.567182002450345,True,1.0,"A large industrial facility with extensive roof spans, equipment, storage areas, and internal service roads is clearly visible."
gated_highres,industrial_building,100,0.48569953441619873,a120652371_US_20,An aerial image. It shows: Industrial building.,/data/tessera_dataset/image-emb-text/images2/a120652371_US_20.jpg,-121.56903108942635,38.58821723332249,True,0.93,"Multiple large flat-roofed commercial or industrial buildings with parking, loading access, and service lanes are visible."
gated_highres,cemetery,1,0.5820730328559875,a667519929_US_21,An aerial image. It shows: Cemetery.,/data/tessera_dataset/image-emb-text/images6/a667519929_US_21.jpg,-72.50772979999999,42.0637006,True,0.98,"Aerial view clearly shows numerous regularly spaced grave markers arranged in cemetery rows, with access paths and surrounding trees."
gated_highres,cemetery,2,0.5820730328559875,a888375194_US_21,An aerial image. It shows: Cemetery.,/data/tessera_dataset/image-emb-text/images7/a888375194_US_21.jpg,-75.88943268878786,43.4221818469325,True,0.9,"Multiple orderly rows of small grave markers are visible within a landscaped, path-divided grounds."
gated_highres,cemetery,3,0.5820730328559875,a686740431_US_20,An aerial image. It shows: Cemetery.,/data/tessera_dataset/image-emb-text/images4/a686740431_US_20.jpg,-77.58184425,35.9905144,True,0.78,"Small, regularly spaced light-colored grave markers are visible in a grassy area beside a path and trees."
gated_highres,cemetery,4,0.5820730328559875,a621590143_US_19,An aerial image. It shows: Cemetery.,/data/tessera_dataset/image-emb-text/images6/a621590143_US_19.jpg,-75.8606397106123,40.82733672104623,True,0.99,"Large, clearly organized cemetery grounds with extensive rows of grave markers and intersecting paved paths."
gated_highres,cemetery,5,0.5820730328559875,a43440864_US_21,An aerial image. It shows: Cemetery.,/data/tessera_dataset/image-emb-text/images5/a43440864_US_21.jpg,-73.23157737405009,41.72449519097954,True,0.99,"Numerous clearly visible grave markers are arranged in rows across a grassy cemetery, with internal walkways."
gated_highres,cemetery,6,0.5820730328559875,w585189083_US_21,An aerial image. It shows: Residential road with separate sidewalk.,/data/tessera_dataset/image-emb-text/images6/w585189083_US_21.jpg,-69.96463286194583,41.68595148428885,True,0.97,"Dense rows of grave markers are visible in the upper portion of the image, adjacent to a landscaped residential-looking cemetery area."
gated_highres,cemetery,7,0.5820730328559875,a29915242_US_21,An aerial image. It shows: Cemetery that holds historical significance.,/data/tessera_dataset/image-emb-text/images4/a29915242_US_21.jpg,-72.40218383441774,42.063757877741295,True,0.99,"Clearly visible cemetery section with many regularly spaced grave markers, paved internal paths, and surrounding grounds."
gated_highres,cemetery,8,0.5820730328559875,a242415140_US_19,An aerial image. It shows: Cemetery.,/data/tessera_dataset/image-emb-text/images6/a242415140_US_19.jpg,-73.57642105092725,43.31747160995088,True,0.96,Several large rectangular cemetery sections with repeated rows of grave markers are visible beside roads and developed areas.
gated_highres,cemetery,9,0.5820730328559875,a478959244_US_21,An aerial image. It shows: Cemetery.,/data/tessera_dataset/image-emb-text/images3/a478959244_US_21.jpg,-81.78146297414268,40.91726699145141,True,0.93,"Grassy grounds contain numerous regularly spaced grave markers arranged in rows, with paths and landscaped trees."
gated_highres,cemetery,10,0.5820730328559875,a216132124_US_20,An aerial image. It shows: Cemetery.,/data/tessera_dataset/image-emb-text/images5/a216132124_US_20.jpg,-98.19886876308304,33.48306265151096,True,0.94,Lower portion visibly contains a cemetery with repeated rows of light-colored grave markers and internal access paths.
gated_highres,cemetery,11,0.5820730328559875,a347990445_US_21,An aerial image. It shows: Cemetery.,/data/tessera_dataset/image-emb-text/images5/a347990445_US_21.jpg,-88.3434445,36.44600395,True,0.99,Aerial view clearly shows many rows of graves separated by paved cemetery lanes.
gated_highres,cemetery,12,0.5820730328559875,a960992722_US_20,An aerial image. It shows: Cemetery.,/data/tessera_dataset/image-emb-text/images4/a960992722_US_20.jpg,-80.9491341064126,35.324729812219445,True,0.98,A cemetery with dense rows of visible grave markers occupies the lower-left portion of the image.
gated_highres,cemetery,13,0.5820730328559875,a226179411_US_19,An aerial image. It shows: Cemetery.,/data/tessera_dataset/image-emb-text/images6/a226179411_US_19.jpg,-92.17287691361601,44.17000533912707,True,0.99,Multiple organized sections of graves and cemetery paths are clearly visible.
gated_highres,cemetery,14,0.5820730328559875,a883642861_US_21,An aerial image. It shows: Cemetery.,/data/tessera_dataset/image-emb-text/images7/a883642861_US_21.jpg,-74.2859982,42.95268675,True,0.99,"Large cemetery grounds with numerous grave markers, paths, and landscaped sections are visible."
gated_highres,cemetery,15,0.5820730328559875,a219054379_US_21,An aerial image. It shows: Cemetery.,/data/tessera_dataset/image-emb-text/images5/a219054379_US_21.jpg,-72.71226497542324,44.37963775259122,True,0.98,Rows of grave markers are clearly visible within several grass plots divided by paved paths.
gated_highres,cemetery,16,0.5820730328559875,a624289058_US_17,An aerial image. It shows: Cemetery.,/data/tessera_dataset/image-emb-text/images4/a624289058_US_17.jpg,-75.71580050214058,40.84041451772005,True,0.93,Visible rows of small grave markers appear in the cemetery plots near the center and upper-right.
gated_highres,cemetery,17,0.5820730328559875,a621590146_US_19,An aerial image. It shows: Cemetery.,/data/tessera_dataset/image-emb-text/images6/a621590146_US_19.jpg,-75.8606440162259,40.826330684666694,True,0.98,Organized cemetery plots with repeated grave markers and intersecting paved lanes are clearly visible.
gated_highres,cemetery,18,0.5820730328559875,a228697265_US_21,An aerial image. It shows: Cemetery.,/data/tessera_dataset/image-emb-text/images4/a228697265_US_21.jpg,-94.36944243658586,35.39356404264616,True,0.99,The image prominently shows a large cemetery with extensive rows of graves and internal roads.
gated_highres,cemetery,19,0.5820730328559875,a43442184_US_21,An aerial image. It shows: Private cemetery with landuse designation.,/data/tessera_dataset/image-emb-text/images2/a43442184_US_21.jpg,-73.3137844,41.63319815,True,0.98,"Long, narrow cemetery sections contain many visible grave markers among trees and paths."
gated_highres,cemetery,20,0.5820730328559875,a447731920_US_20,An aerial image. It shows: Cemetery.,/data/tessera_dataset/image-emb-text/images6/a447731920_US_20.jpg,-93.4143149782102,38.97110167550829,True,0.99,"Multiple rectangular cemetery sections with dense, orderly rows of grave markers are clearly visible."
gated_highres,cemetery,21,0.5820730328559875,a43440931_US_21,An aerial image. It shows: Private cemetery with the landuse designated as cemetery.,/data/tessera_dataset/image-emb-text/images2/a43440931_US_21.jpg,-73.35340229526572,41.67492111711488,True,0.99,Aerial view clearly shows many regularly spaced grave markers arranged in rows within a maintained cemetery plot.
gated_highres,cemetery,22,0.5820730328559875,a779385890_US_21,An aerial image. It shows: Cemetery with graves.,/data/tessera_dataset/image-emb-text/images5/a779385890_US_21.jpg,-76.0735699402975,39.58368500680637,True,0.99,"Clearly visible cemetery grounds with dense, orderly rows of grave markers and internal access paths."
gated_highres,cemetery,23,0.5820730328559875,a571829676_US_21,An aerial image. It shows: Graveyard used as cemetery.,/data/tessera_dataset/image-emb-text/images5/a571829676_US_21.jpg,-82.68224085,38.642696900000004,True,0.98,Open grassy grounds contain numerous visible grave markers and curving cemetery paths.
gated_highres,cemetery,24,0.5820730328559875,a456267291_US_20,An aerial image. It shows: Cemetery.,/data/tessera_dataset/image-emb-text/images7/a456267291_US_20.jpg,-97.27139955,33.01592385,True,0.99,Compact aerial view clearly shows repeated grave markers organized in parallel rows.
gated_highres,cemetery,25,0.5820730328559875,a1091696959_US_19,An aerial image. It shows: Cemetery.,/data/tessera_dataset/image-emb-text/images7/a1091696959_US_19.jpg,-87.38201860999675,30.71873750278492,True,0.9,"A rectangular maintained plot visibly contains many small light-colored markers in rows, consistent with a cemetery."
gated_highres,cemetery,26,0.5820730328559875,a43436560_US_21,An aerial image. It shows: Private cemetery.,/data/tessera_dataset/image-emb-text/images2/a43436560_US_21.jpg,-72.58715250338366,42.00235823387675,True,0.99,"Large cemetery area with numerous grave markers arranged in curved and straight rows, plus internal paths."
gated_highres,cemetery,27,0.5820730328559875,a627021334_US_21,An aerial image. It shows: Cemetery.,/data/tessera_dataset/image-emb-text/images6/a627021334_US_21.jpg,-93.2291501484061,35.02920967228923,True,0.86,The upper open field visibly contains scattered grave markers and cemetery paths among trees.
gated_highres,cemetery,28,0.5820730328559875,a146738224_US_19,An aerial image. It shows: Cemetery.,/data/tessera_dataset/image-emb-text/images3/a146738224_US_19.jpg,-81.198347,28.651183500000002,True,0.99,"Clearly visible cemetery with dense rows of grave markers, trees, and walking lanes."
gated_highres,cemetery,29,0.5820730328559875,n9238601492_US_21,An aerial image. It shows: Historic tomb.,/data/tessera_dataset/image-emb-text/images4/n9238601492_US_21.jpg,-70.53993790381695,43.6075525439899,True,0.98,Numerous grave markers are visibly arranged in rows across the landscaped grounds.
gated_highres,cemetery,30,0.5820730328559875,a786106692_US_21,An aerial image. It shows: Graveyard.,/data/tessera_dataset/image-emb-text/images3/a786106692_US_21.jpg,-72.5241586232988,42.97104502772446,True,0.9,Aerial view shows a cemetery section with repeated grave markers in rows beside a road and residences.
gated_highres,cemetery,31,0.5820730328559875,a547778884_US_19,An aerial image. It shows: Cemetery.,/data/tessera_dataset/image-emb-text/images5/a547778884_US_19.jpg,-79.74166932557979,39.90327334510759,True,0.99,"Numerous orderly rows of visible grave markers within maintained grass, with cemetery access roads."
gated_highres,cemetery,32,0.5820730328559875,a802757921_US_21,An aerial image. It shows: Cemetery.,/data/tessera_dataset/image-emb-text/images7/a802757921_US_21.jpg,-81.80466064811691,27.74359074432274,True,0.98,Aerial view clearly shows many grave markers arranged in rows across a landscaped burial ground.
gated_highres,cemetery,33,0.5820730328559875,a34774021_US_22,An aerial image. It shows: Cemetery with graves.,/data/tessera_dataset/image-emb-text/images7/a34774021_US_22.jpg,-84.75782795,34.1230693,True,0.82,Visible rectangular burial plots and marker-like structures arranged along a narrow cemetery area.
gated_highres,cemetery,34,0.5820730328559875,a43438817_US_21,"An aerial image. It shows: Private cemetery, used for burial purposes.",/data/tessera_dataset/image-emb-text/images2/a43438817_US_21.jpg,-72.06071740198962,41.63802279850725,True,0.96,Multiple rows of grave markers are visible among trees and winding cemetery paths.
gated_highres,cemetery,35,0.5820730328559875,a34774047_US_22,An aerial image. It shows: Graveyard used as cemetery.,/data/tessera_dataset/image-emb-text/images7/a34774047_US_22.jpg,-84.73536853661406,34.198709858886566,True,0.97,A cemetery building and numerous clearly visible grave markers appear across the surrounding lawn.
gated_highres,cemetery,36,0.5820730328559875,a482580531_US_21,An aerial image. It shows: Cemetery.,/data/tessera_dataset/image-emb-text/images3/a482580531_US_21.jpg,-81.08764006389507,29.29070392517852,True,0.98,Dense rows of grave markers and intersecting paved cemetery paths are clearly visible.
gated_highres,cemetery,37,0.5820730328559875,a318169924_US_21,An aerial image. It shows: Cemetery.,/data/tessera_dataset/image-emb-text/images7/a318169924_US_21.jpg,-95.83779436181669,41.59320453554825,True,0.9,A bounded grassy area contains repeated rows of small marker-like objects consistent with a cemetery.
gated_highres,cemetery,38,0.5820730328559875,a29776452_US_21,An aerial image. It shows: Historic cemetery area with landuse designated as cemetery.,/data/tessera_dataset/image-emb-text/images4/a29776452_US_21.jpg,-71.52720469889223,42.22912717173213,True,0.91,The upper-left portion visibly contains rows of grave markers and cemetery paths within a larger wooded area.
gated_highres,cemetery,39,0.5820730328559875,a117315077_US_19,An aerial image. It shows: Cemetery.,/data/tessera_dataset/image-emb-text/images5/a117315077_US_19.jpg,-75.97278585000001,41.230283850000006,True,0.99,Large cemetery with extensive orderly rows of grave markers and looped access roads.
gated_highres,cemetery,40,0.5820730328559875,a1043842292_US_20,An aerial image. It shows: Cemetery.,/data/tessera_dataset/image-emb-text/images4/a1043842292_US_20.jpg,-87.7613881,37.40360675,True,0.98,"Long wooded cemetery corridor with repeated grave markers, burial rows, and access paths."
gated_highres,cemetery,41,0.5820730328559875,a557524884_US_17,An aerial image. It shows: Cemetery.,/data/tessera_dataset/image-emb-text/images6/a557524884_US_17.jpg,-74.21584575456401,42.959252784425644,True,0.99,Aerial view clearly shows many organized rows of grave markers separated by cemetery access lanes and tree-lined sections.
gated_highres,cemetery,42,0.5820730328559875,a543641399_US_20,An aerial image. It shows: Grave yard.,/data/tessera_dataset/image-emb-text/images5/a543641399_US_20.jpg,-81.43949178716491,38.89500113280813,True,0.84,Grassy enclosed land contains numerous small light-colored markers arranged in rows beside internal access roads.
gated_highres,cemetery,43,0.5820730328559875,a43440967_US_21,"An aerial image. It shows: Cemetery area categorized as ""Cemetery"".",/data/tessera_dataset/image-emb-text/images4/a43440967_US_21.jpg,-72.82150149861678,41.51160619744837,True,0.76,Wooded grounds show organized paths and repeated small markers or burial plots consistent with a cemetery.
gated_highres,cemetery,44,0.5820730328559875,a536692732_US_19,An aerial image. It shows: Cemetery.,/data/tessera_dataset/image-emb-text/images3/a536692732_US_19.jpg,-75.61032798140383,40.52471018842401,True,0.99,"Large grassy area visibly contains dense, regular rows of grave markers, internal paths, and cemetery structures."
gated_highres,cemetery,45,0.5820730328559875,a427272195_US_21,An aerial image. It shows: Cemetery.,/data/tessera_dataset/image-emb-text/images7/a427272195_US_21.jpg,-78.89017738787135,34.04985056870705,True,0.99,"Clearly recognizable cemetery with many grave markers, straight and curved internal paths, and maintained burial lawns."
gated_highres,cemetery,46,0.5820730328559875,a772064412_US_21,An aerial image. It shows: Cemetery or graveyard.,/data/tessera_dataset/image-emb-text/images4/a772064412_US_21.jpg,-89.28729123349957,33.547872881369216,True,0.96,Visible burial markers are distributed across maintained grass with a looping internal cemetery path and tree borders.
gated_highres,cemetery,47,0.5820730328559875,a29748539_US_21,An aerial image. It shows: Cemetery that holds historical significance.,/data/tessera_dataset/image-emb-text/images4/a29748539_US_21.jpg,-72.97725890245559,42.27712774578062,True,0.86,"Residential-edge grounds visibly contain repeated grave markers, paths, and landscaped burial areas."
gated_highres,cemetery,48,0.5820730328559875,a1080407881_US_21,An aerial image. It shows: Grave yard.,/data/tessera_dataset/image-emb-text/images6/a1080407881_US_21.jpg,-86.26913285,34.349829299999996,True,0.91,Small cemetery area visibly shows numerous grave markers and curved paved paths among trees.
gated_highres,cemetery,49,0.5820730328559875,a43435665_US_21,An aerial image. It shows: Private cemetery with the landuse designated as cemetery.,/data/tessera_dataset/image-emb-text/images3/a43435665_US_21.jpg,-73.43830981427159,41.391029656636505,True,0.88,Grassy wooded grounds contain repeated small grave markers and cemetery paths.
gated_highres,cemetery,50,0.5820730328559875,a29848797_US_21,An aerial image. It shows: Cemetery with historic significance.,/data/tessera_dataset/image-emb-text/images4/a29848797_US_21.jpg,-69.97127892901833,41.68938885290491,True,0.99,"Extensive cemetery is clearly visible, with dense grave rows, multiple internal roads, landscaped sections, and surrounding trees."
gated_highres,cemetery,51,0.5820730328559875,a152752915_US_21,An aerial image. It shows: Grave yard.,/data/tessera_dataset/image-emb-text/images7/a152752915_US_21.jpg,-100.70433735,43.8803843,True,0.99,Aerial view clearly shows numerous grave markers arranged in cemetery sections separated by paved paths.
gated_highres,cemetery,52,0.5820730328559875,n359277545_US_18,An aerial image. It shows: View of cemetery with graves.,/data/tessera_dataset/image-emb-text/images2/n359277545_US_18.jpg,-72.35563211629878,41.28381408157011,True,0.78,A fenced rectangular burial area with visible small markers and access paths is present beside a road and houses.
gated_highres,cemetery,53,0.5820730328559875,a585936018_US_20,An aerial image. It shows: Cemetery.,/data/tessera_dataset/image-emb-text/images4/a585936018_US_20.jpg,-88.63672870058106,42.63943734006017,True,0.99,"Large cemetery is clearly visible, with many rows of graves, intersecting paths, mature trees, and cemetery landscaping."
gated_highres,cemetery,54,0.5820730328559875,a560416962_US_21,An aerial image. It shows: Cemetery.,/data/tessera_dataset/image-emb-text/images6/a560416962_US_21.jpg,-74.36298004778202,41.75247267665564,True,0.99,Rows of numerous grave markers are clearly visible in landscaped plots beside the access road.
gated_highres,cemetery,55,0.5820730328559875,a262938540_US_20,An aerial image. It shows: Cemetery.,/data/tessera_dataset/image-emb-text/images5/a262938540_US_20.jpg,-79.49171075000001,39.1477157,True,0.98,Distinct cemetery plot with many regularly arranged graves and internal paved paths is visible.
gated_highres,cemetery,56,0.5820730328559875,a348502711_US_19,An aerial image. It shows: Cemetery.,/data/tessera_dataset/image-emb-text/images7/a348502711_US_19.jpg,-77.6750720914212,39.938980504804306,True,0.99,"Large cemetery with extensive grave rows, paved loop roads, and multiple burial sections is clearly visible."
gated_highres,cemetery,57,0.5820730328559875,a356195651_US_21,An aerial image. It shows: Cemetery.,/data/tessera_dataset/image-emb-text/images6/a356195651_US_21.jpg,-81.53159608044604,40.602140478155576,True,0.99,Numerous evenly spaced grave markers arranged in rows across several cemetery sections are clearly visible.
gated_highres,cemetery,58,0.5820730328559875,a379957656_US_19,An aerial image. It shows: Graveyard.,/data/tessera_dataset/image-emb-text/images2/a379957656_US_19.jpg,-76.51771456477687,40.336583779937115,True,0.99,"Cemetery grounds with dense rows of grave markers, paved paths, trees, and an adjacent parking lot are visible."
gated_highres,cemetery,59,0.5820730328559875,a165784303_US_19,An aerial image. It shows: Cemetery.,/data/tessera_dataset/image-emb-text/images5/a165784303_US_19.jpg,-95.49724279757355,42.3510734320541,True,0.88,"The lower portion visibly contains rows of grave markers and cemetery paths, though much of the upper area is open grass."
gated_highres,cemetery,60,0.5820730328559875,a397687859_US_18,An aerial image. It shows: Cemetery.,/data/tessera_dataset/image-emb-text/images7/a397687859_US_18.jpg,-92.66884764400889,37.68975942161282,True,0.99,"A large cemetery is clearly visible with many grave markers, trees, and a regular network of internal paths beside a road."
gated_highres,cemetery,61,0.5820730328559875,a43441017_US_18,"An aerial image. It shows: Cemetery area categorized as ""Cemetery"".",/data/tessera_dataset/image-emb-text/images7/a43441017_US_18.jpg,-72.8724304,41.57671095,True,0.99,"Aerial view clearly shows dense rows of graves, cemetery paths, and maintained burial grounds."
gated_highres,cemetery,62,0.5820730328559875,a270270994_US_17,An aerial image. It shows: Cemetery.,/data/tessera_dataset/image-emb-text/images4/a270270994_US_17.jpg,-75.55652380000001,40.51235185,True,0.98,"Visible rows of graves occupy the grounds beside cemetery buildings, roads, and parking."
gated_highres,cemetery,63,0.5820730328559875,n5595584247_US_21,An aerial image. It shows: Grave site for tourists to visit.,/data/tessera_dataset/image-emb-text/images2/n5595584247_US_21.jpg,-71.82881038192804,42.23576713608384,True,0.98,Clearly visible cemetery with numerous grave markers arranged in rows among trees and paved paths.
gated_highres,cemetery,64,0.5820730328559875,a601108075_US_21,An aerial image. It shows: Cemetery with graves.,/data/tessera_dataset/image-emb-text/images6/a601108075_US_21.jpg,-95.41462756872151,37.924093168135656,True,0.99,Large cemetery area is visibly defined by extensive regular rows of grave markers and internal roads.
gated_highres,cemetery,65,0.5820730328559875,a375775120_US_21,"An aerial image. It shows: Church, place of worship.",/data/tessera_dataset/image-emb-text/images7/a375775120_US_21.jpg,-82.212090320611,34.63060176752351,True,0.96,Cemetery grounds with many visible grave markers are adjacent to a building and parking area.
gated_highres,cemetery,66,0.5820730328559875,a403924404_US_21,An aerial image. It shows: Graveyard.,/data/tessera_dataset/image-emb-text/images6/a403924404_US_21.jpg,-83.78530445,41.66688685,True,0.95,"Upper portion visibly contains rows of grave markers and cemetery access paths, though much of the lower area is open grass."
gated_highres,cemetery,67,0.5820730328559875,a850298251_US_21,An aerial image. It shows: Graveyard used as cemetery.,/data/tessera_dataset/image-emb-text/images3/a850298251_US_21.jpg,-83.55643931549503,35.786989249143446,True,0.98,Numerous grave markers are visibly arranged across a landscaped burial area with a curved access path.
gated_highres,cemetery,68,0.5820730328559875,a413350733_US_20,An aerial image. It shows: Cemetery.,/data/tessera_dataset/image-emb-text/images6/a413350733_US_20.jpg,-85.13478888034976,43.07805241167958,True,0.99,Multiple sections visibly contain dense rows of graves with cemetery roads and associated buildings.
gated_highres,cemetery,69,0.5820730328559875,a251857846_US_21,An aerial image. It shows: Cemetery.,/data/tessera_dataset/image-emb-text/images5/a251857846_US_21.jpg,-111.8592214795006,40.77433126187498,True,0.99,"Aerial view clearly shows extensive rows of graves, monuments, trees, and cemetery walkways."
gated_highres,cemetery,70,0.5820730328559875,a406695722_US_19,An aerial image. It shows: Cemetery.,/data/tessera_dataset/image-emb-text/images7/a406695722_US_19.jpg,-79.40812714201158,40.29273236256968,True,0.99,"Large cemetery landscape visibly contains many regular rows of grave markers, internal paths, and cemetery structures."
gated_highres,cemetery,71,0.5820730328559875,a202975938_US_21,An aerial image. It shows: Cemetery.,/data/tessera_dataset/image-emb-text/images4/a202975938_US_21.jpg,-94.23079479995177,40.709285554850645,True,0.99,"Dense, regularly arranged rows of graves are clearly visible across a landscaped area with cemetery access roads."
gated_highres,cemetery,72,0.5820730328559875,a512332425_US_19,An aerial image. It shows: Cemetery.,/data/tessera_dataset/image-emb-text/images4/a512332425_US_19.jpg,-85.8642893,31.031184850000002,True,0.98,Numerous grave markers are visibly arranged in rows throughout the grounds.
gated_highres,cemetery,73,0.5820730328559875,a169132769_US_21,An aerial image. It shows: Cemetery.,/data/tessera_dataset/image-emb-text/images5/a169132769_US_21.jpg,-89.96162855082261,41.814182864894356,True,0.99,"Large cemetery area with many visible grave markers, internal roads, and landscaped sections."
gated_highres,cemetery,74,0.5820730328559875,a997594517_US_21,"An aerial image. It shows: Church, which is place of worship.",/data/tessera_dataset/image-emb-text/images4/a997594517_US_21.jpg,-81.45411225351853,34.24206924179016,True,0.96,Rows of grave markers are clearly visible beside a cemetery building and access paths.
gated_highres,cemetery,75,0.5820730328559875,a235213872_US_21,An aerial image. It shows: Cemetery.,/data/tessera_dataset/image-emb-text/images7/a235213872_US_21.jpg,-90.165181,33.51309815,True,0.99,Extensive field of numerous grave markers separated by cemetery paths and roads.
gated_highres,cemetery,76,0.5820730328559875,a493910671_US_21,An aerial image. It shows: Cemetery.,/data/tessera_dataset/image-emb-text/images4/a493910671_US_21.jpg,-85.25490498592754,33.53534948567297,True,0.98,Multiple rows of grave markers are visible in a wooded cemetery section.
gated_highres,cemetery,77,0.5820730328559875,a29763498_US_21,An aerial image. It shows: Cemetery that holds historical significance.,/data/tessera_dataset/image-emb-text/images5/a29763498_US_21.jpg,-71.6468763340832,42.136607255263435,True,0.97,Grave markers and cemetery paths are clearly visible along the right side of the image.
gated_highres,cemetery,78,0.5820730328559875,a803813339_US_19,An aerial image. It shows: Cemetery.,/data/tessera_dataset/image-emb-text/images5/a803813339_US_19.jpg,-92.10858281701448,32.50782072204025,True,0.98,The lower portion visibly contains extensive rows of graves and cemetery grounds.
gated_highres,cemetery,79,0.5820730328559875,a643190520_US_20,An aerial image. It shows: Cemetery.,/data/tessera_dataset/image-emb-text/images4/a643190520_US_20.jpg,-87.0148914027422,37.43735634856992,True,0.99,A broad grassy cemetery with many regularly spaced grave markers is clearly visible.
gated_highres,cemetery,80,0.5820730328559875,a1126373650_US_21,An aerial image. It shows: Cemetery.,/data/tessera_dataset/image-emb-text/images6/a1126373650_US_21.jpg,-82.62810005,33.933559900000006,True,0.99,A fenced or bounded plot containing numerous visible grave markers is clearly present.
gated_highres,cemetery,81,0.5820730328559875,a617513057_US_19,An aerial image. It shows: Cemetery.,/data/tessera_dataset/image-emb-text/images2/a617513057_US_19.jpg,-76.1752776904999,40.640142809563926,True,0.98,Aerial view shows numerous aligned rows of graves or burial markers among cemetery paths and trees.
gated_highres,cemetery,82,0.5820730328559875,a114428920_US_21,An aerial image. It shows: Cemetery.,/data/tessera_dataset/image-emb-text/images2/a114428920_US_21.jpg,-77.71325925,43.1194062,True,1.0,"Large cemetery is visibly present, with extensive regular rows of grave markers, internal paths, and cemetery buildings."
gated_highres,cemetery,83,0.5820730328559875,a1025862809_US_21,An aerial image. It shows: Cemetery.,/data/tessera_dataset/image-emb-text/images5/a1025862809_US_21.jpg,-95.48425094310366,36.1559459869739,True,1.0,"Clearly shows a cemetery with multiple rectangular burial sections, rows of markers, and internal access roads."
gated_highres,cemetery,84,0.5820730328559875,a70516877_US_21,An aerial image. It shows: Cemetery.,/data/tessera_dataset/image-emb-text/images3/a70516877_US_21.jpg,-76.57419694234315,39.34301652082988,True,0.98,Visible cemetery grounds contain many grave markers arranged along curving internal paths.
gated_highres,cemetery,85,0.5820730328559875,a308359952_US_19,An aerial image. It shows: Cemetery.,/data/tessera_dataset/image-emb-text/images4/a308359952_US_19.jpg,-94.39480149226813,45.486115275443424,True,0.96,Rows of grave markers are clearly visible beside the roadway.
gated_highres,cemetery,86,0.5820730328559875,a1097586593_US_21,An aerial image. It shows: Cemetery.,/data/tessera_dataset/image-emb-text/images7/a1097586593_US_21.jpg,-82.92877307479455,30.137618623235976,True,0.9,Open grounds visibly contain repeated aligned grave markers and cemetery access paths.
gated_highres,cemetery,87,0.5820730328559875,a581888241_US_21,An aerial image. It shows: Cemetery.,/data/tessera_dataset/image-emb-text/images5/a581888241_US_21.jpg,-95.70676945,37.4048042,True,0.78,The image shows a landscaped burial area with repeated small markers or grave plots arranged in rows.
gated_highres,cemetery,88,0.5820730328559875,a206190664_US_19,An aerial image. It shows: Cemetery.,/data/tessera_dataset/image-emb-text/images7/a206190664_US_19.jpg,-74.93479453913812,40.02361353104895,True,0.96,"Cemetery section is visible on the right, with dense rows of grave markers and internal paths."
gated_highres,cemetery,89,0.5820730328559875,a189098959_US_20,An aerial image. It shows: Cemetery.,/data/tessera_dataset/image-emb-text/images7/a189098959_US_20.jpg,-78.63063906812025,35.77885921877908,True,0.99,"Clearly shows extensive cemetery grounds with many aligned grave markers, paths, and adjacent cemetery structures."
gated_highres,cemetery,90,0.5820730328559875,a35433775_CH_20,An aerial image. It shows: Cemetery.,/data/tessera_dataset/image-emb-text/images3/a35433775_CH_20.jpg,6.5525284686870915,46.512772284471964,True,1.0,"Obvious cemetery with dense visible burial plots, grave monuments, mausoleum-like structures, and landscaped cemetery grounds."
gated_highres,cemetery,91,0.5820730328559875,a132814399_US_19,An aerial image. It shows: Graveyard used as cemetery.,/data/tessera_dataset/image-emb-text/images5/a132814399_US_19.jpg,-102.77000125,46.8896532,True,0.99,Aerial view clearly shows numerous grave markers arranged in cemetery sections with internal paths and mature trees.
gated_highres,cemetery,92,0.5820730328559875,a1117503860_US_21,An aerial image. It shows: Cemetery.,/data/tessera_dataset/image-emb-text/images4/a1117503860_US_21.jpg,-84.13504198262359,39.8915624131485,True,0.96,Rows of small grave markers are visibly arranged across a maintained grassy area beside roads and trees.
gated_highres,cemetery,93,0.5820730328559875,a203800071_US_19,An aerial image. It shows: Cemetery.,/data/tessera_dataset/image-emb-text/images7/a203800071_US_19.jpg,-75.77991882542645,40.51873020947392,True,0.98,Dense regular rows of graves and intersecting cemetery footpaths are clearly visible.
gated_highres,cemetery,94,0.5820730328559875,a440868060_US_21,An aerial image. It shows: Cemetery.,/data/tessera_dataset/image-emb-text/images4/a440868060_US_21.jpg,-88.4587613793791,39.3110796135284,True,0.99,"Large organized cemetery with many evenly spaced graves, access lanes, trees, and a central circular drive."
gated_highres,cemetery,95,0.5820730328559875,a43440910_US_21,An aerial image. It shows: Cemetery.,/data/tessera_dataset/image-emb-text/images6/a43440910_US_21.jpg,-72.4364086996294,41.865396373993406,True,0.99,Numerous visible grave markers are arranged in repeated rows along a network of cemetery paths.
gated_highres,cemetery,96,0.5820730328559875,a465523325_US_21,An aerial image. It shows: Cemetery.,/data/tessera_dataset/image-emb-text/images4/a465523325_US_21.jpg,-89.2867354118653,40.01743217167902,True,0.99,"Extensive cemetery grounds are clearly visible, with dense rows of grave markers and winding internal roads."
gated_highres,cemetery,97,0.5820730328559875,a479109672_US_22,An aerial image. It shows: Graveyard.,/data/tessera_dataset/image-emb-text/images3/a479109672_US_22.jpg,-84.01174302996162,34.392963752837304,True,0.99,"The image visibly contains a cemetery with many graves, cemetery roads, and a separate dense section of pale markers."
gated_highres,cemetery,98,0.5820730328559875,a360011682_US_21,An aerial image. It shows: Cemetery.,/data/tessera_dataset/image-emb-text/images4/a360011682_US_21.jpg,-97.65792545705811,42.95078670458867,True,0.98,"A rectangular grassy plot contains clearly visible, tightly spaced parallel rows of grave markers."
gated_highres,cemetery,99,0.5820730328559875,a975359517_US_18,An aerial image. It shows: Cemetery.,/data/tessera_dataset/image-emb-text/images7/a975359517_US_18.jpg,-80.7734997,36.457018649999995,True,0.72,A small grassy plot appears to contain faintly visible aligned grave markers or burial rows near a building.
gated_highres,cemetery,100,0.5820730328559875,a692654494_US_21,An aerial image. It shows: Graveyard.,/data/tessera_dataset/image-emb-text/images3/a692654494_US_21.jpg,-81.88052367019725,35.034229921865375,True,0.94,Aerial view shows multiple aligned rows of visible grave markers in a grassy cemetery area beside trees and buildings.
